####
#
# OBJ File Generated by Meshlab
#
####
# Object ammo_pile.obj
#
# Vertices: 2498
# Faces: 4647
#
####

vn -1.2213419256051101 -1.9452660860128759 -1.8028818343241750
v -24.7314423072677627 43.3837979604644772 18.3105468749999964
vn -1.0200966696537561 -1.7281970456350437 -5.1414749145415843
v -23.9990204322677627 43.6767667104644772 17.9199218749999964
vn -0.7939240287919074 -5.0440987249459992 -2.0120537222147301
v -23.9990204322677627 43.0908292104644772 18.4570312499999964
vn 0.9270960563179801 -4.9707228368983580 -1.9789389118132457
v 23.8525480281967148 43.0908232499999997 18.4570312499999964
vn 1.0447057941071716 -1.7491748492454275 -5.1173820367284657
v 23.8525480281967148 43.6767607499999997 17.9199218749999964
vn 1.3553423469821722 -1.9141535908809988 -1.8461742131801098
v 24.5849699031967148 43.4326201249999997 18.3105468749999964
vn -1.0449120951488893 1.6537455081658765 -5.2095749929029322
v -23.9990204322677627 47.3877042104644772 17.9199218750000000
vn -1.3205440605980878 1.9140595930052022 -1.8466574541029606
v -24.7314423072677627 47.6806729604644772 18.3105468750000000
vn 1.0447060585328010 1.7491747251539493 -5.1173821504789947
v 23.8525480281967148 47.3876982499999997 17.9199218750000000
vn 1.3525571410801047 1.9120667074352431 -1.8552308479836752
v 24.5849699031967148 47.6318388749999997 18.3105468750000000
vn -0.9919825787945039 -4.9345735456228104 2.0088407367492036
v -23.9990204322677627 43.0908292104644772 25.0488281249999964
vn -0.9663389163111684 -2.4793880545105087 1.4303163184530174
v -24.7314423072677627 43.4326260854644772 25.1464843749999964
vn 0.9871852924166080 -4.9555668109636510 1.9814720493373781
v 23.8525480281967148 43.0908232499999997 24.9999999999999964
vn 0.9979191617414389 -2.5290020235214712 1.3671133692643576
v 24.5849699031967148 43.4326201249999997 25.0976562499999964
vn -0.9047471558828427 4.8846105527981418 -2.0242485012574827
v -23.9990204322677627 48.0224698354644772 18.4570312500000000
vn -1.0102666860384881 4.9386688982475562 2.0139411259063054
v -23.9990204322677627 47.9736417104644772 25.0488281250000000
vn -1.1474317501918270 2.5563132883361908 1.3003544909985003
v -24.7314423072677627 47.6318448354644772 25.0976562500000000
vn 0.8963226913030754 5.0491278080066779 1.9939139560583932
v 23.8525480281967148 47.9736357499999997 25.0000000000000000
vn 0.9209363938090709 4.9743073856951643 -1.9906047695780655
v 23.8525480281967148 47.9736357499999997 18.4570312500000000
vn 0.8266379875872472 2.5125499784588867 1.3907850741110113
v 24.5849699031967148 47.6806669999999997 25.0976562500000000
vn -0.9812380635887543 -1.1303161777213013 2.8940207209702882
v -24.6337860572677627 44.1162198354644772 25.7324218749999964
vn -0.8794655279185577 -2.0451358673700764 5.0903241499272180
v -23.9990204322677627 44.0185635854644772 25.9277343749999964
vn -0.8514790035159312 2.0252921881530295 5.1215495535741837
v -23.9990204322677627 47.0459073354644772 25.9277343750000000
vn -1.0618457043451717 1.0935457142156371 2.9042256820139896
v -24.6337860572677627 46.9482510854644772 25.7324218750000000
vn 0.8754994406824760 2.0968491277648309 5.0304593242431652
v 23.8525480281967148 47.0459013749999997 25.9277343750000000
vn 0.8197653489580983 -2.0250352432942966 5.1346764371933231
v 23.8525480281967148 44.0673857499999997 25.9277343749999964
vn 0.9592810748416131 1.1587383976913601 2.8692981532893267
v 24.4873136531967148 46.9482451249999997 25.7324218750000000
vn 0.9322929845666116 -1.1994371309832927 2.8617638117377884
v 24.4873136531967148 44.1162138749999997 25.7324218749999964
vn -1.4062285737751228 -1.2956622889810046 -5.3628638296926425
v 25.4638701927322373 -6.2255904505805972 4.4433593749999991
vn -1.6832996388544095 -1.9880610145303923 -1.9397915758307596
v 25.4638701927322373 -7.0556685755805972 4.8828124999999991
vn -4.0742719264464000 -1.2921103759611352 -2.2032317252071225
v 24.8779297124999985 -6.2255904505805972 4.7851562499999991
vn 1.5478724977946401 -1.2600822399311282 -5.2624155929046434
v 29.3701201927322373 -6.2255904505805972 4.4433593749999991
vn 1.7618649583903945 -1.8296403752795849 -1.9175979308363913
v 29.4189483177322373 -7.0556685755805972 4.8828124999999991
vn 4.3725257587174591 -1.2058802811862825 -2.2370540289775325
v 29.9560576927322373 -6.1767623255805972 4.8339843749999991
vn -1.8870869530829681 1.4297923863703326 -4.6909153354453519
v 25.7080167781967148 41.5283232499999997 4.2968750000000000
vn 2.0908388876524211 1.2628311017634506 -4.3217785326595832
v 29.7607511531967148 41.5283232499999997 4.2480468750000000
vn -4.6841002705751897 1.4439468780594475 -1.8583974963975125
v 25.2197355281967148 41.5283232499999997 4.7851562500000000
vn -1.9270892640538806 -1.3542121563742224 4.5326546183782641
v 25.5615264427322373 -6.2744185755805963 18.1636810302734375
vn -5.0432260603441774 -1.2196492921214910 1.7726973764545033
v 25.0244170677322373 -6.2744185755805963 17.5289154052734375
vn -1.9672994342357957 -1.9634943239241824 1.7380648209775595
v 25.4638701927322373 -7.0556685755805963 17.5777435302734375
vn -4.6771645845637924 1.4700458364597411 1.8099033350903138
v 25.2197355281967148 41.5283232499999997 17.3339843749999964
vn -1.7655435279759968 2.1905550592718948 1.8662036827637591
v 25.8056730281967148 42.3095732499999997 17.3828124999999964
vn -1.8200570212736857 2.1846548794300853 -1.7904242215270925
v 25.7568449031967148 42.3095732499999997 4.8339843750000000
vn 2.0283876482519161 -1.3881761899860436 4.3574706198740332
v 29.5166045677322373 -6.2744185755805963 18.1636810302734375
vn 1.8552609365737986 -2.1942823234385038 1.8250682772732161
v 29.5166045677322373 -7.0556685755805963 17.5777435302734375
vn 4.9865512372652141 -1.4756644732197624 1.4644390136493530
v 30.1513701927322373 -6.2255904505805963 17.3339843750000000
vn -1.8345630183237334 1.4214587050945120 4.7121862723418797
v 25.8056730281967148 41.5283232499999997 17.9195404052734339
vn 1.9184516451300966 1.9254791199536530 -1.7507211604575508
v 29.7607511531967148 42.3095732499999997 4.7851562500000000
vn 5.2341495246404790 1.2403497804746375 -1.5246997234267230
v 30.2002042781967148 41.5283232499999997 4.8828125000000000
vn 1.9111771496017282 2.0888484695696512 1.7460451378167114
v 29.7119230281967148 42.3095732499999997 17.3339843749999964
vn 1.8818383116454094 1.4319214648830441 4.5907707291141673
v 29.6630949031967148 41.5283232499999997 17.9195404052734339
vn 4.8673529656471057 1.3312118102149109 1.7953546089648094
v 30.2002042781967148 41.5283232499999997 17.3339843749999964
vn -3.3048843435890496 3.1474234158792394 1.0073877295214477
v -17.8466766822677627 34.3017637302322385 21.4843749999999964
vn -3.3749452106461151 3.2622157949336135 0.0791924500596791
v -17.8466766822677627 34.1552793552322385 22.4121093749999964
vn -6.2757184020280556 0.2849940991005622 -0.0470924211465370
v -17.7001923072677627 37.0361387302322385 22.5097656249999964
vn -3.3341732953737129 3.0682796762929487 -0.8964854218661266
v -17.8466766822677627 34.2529356052322385 23.3398437499999964
vn -3.4385978739316947 2.5312390232874020 1.8610764696245825
v -17.7978485572677627 34.7412168552322385 20.7031249999999964
vn -3.2805209263322692 2.8313513127375480 -1.8923361571118140
v -17.8955048072677627 34.5947324802322385 24.1210937499999964
vn -3.4279521594963906 1.8925374490570053 2.6497519833783532
v -17.7978485572677627 35.4248106052322385 20.0683593749999964
vn -3.2095696838761496 2.0321249948887221 -2.5448677342400190
v -17.8466766822677627 35.2783262302322385 24.8535156249999964
vn -3.4282542588836287 1.0257281767817714 2.9819230975349900
v -17.7490204322677627 36.2548887302322385 19.6777343749999964
vn -3.5179654355277088 1.2411787178617231 -2.9438316093331593
v -17.7978485572677627 36.0107481052322385 25.1953124999999964
vn -3.5364233994564689 0.0996605688745332 3.1073588999255448
v -17.7001923072677627 37.1826231052322385 19.5800781249999964
vn -3.4341229926112371 0.2350089060088041 -3.1384671258603687
v -17.7490204322677627 36.9384824802322385 25.3906249999999964
vn -3.3341088146274140 -0.9940965957284548 2.8345039049748113
v -17.6513641822677627 38.1103604604644772 19.7265624999999964
vn -3.5607616050595219 -0.7121702348996868 -3.0171339660113237
v -17.7001923072677627 37.8662198354644772 25.2441406249999964
vn -3.6513275845601574 -1.8481864551783524 2.4739621124830360
v -17.6513626921516433 38.8916104604644772 20.2148437499999964
vn -3.4743007622729802 -1.5756011780076382 -2.5575091880191181
v -17.6513641822677627 38.7451260854644772 24.8535156249999964
vn -3.5740567127251790 -2.4300002885807328 1.6491301023320317
v -17.6025345671516433 39.5263760854644772 20.8984374999999964
vn -3.5353643326491389 -2.4057726778329105 -1.9648360105631879
v -17.6513626921516433 39.4287198354644772 24.2187499999999964
vn -3.7021005726836638 -2.8807018356347394 0.7492880216100950
v -17.6025345671516433 39.8681729604644772 21.7285156249999964
vn -3.5010983075785216 -2.7441660489982325 -1.0727368525832086
v -17.6025345671516433 39.8193448354644772 23.4863281249999964
vn -3.6825895121102743 -2.9804006992569807 -0.0919498622512447
v -17.6025345671516433 39.9658292104644772 22.6074218749999964
vn -3.9634131091385667 2.7118785001633290 -0.8377972380516936
v -18.7744125473838821 34.1064512302322385 23.3886718749999964
vn -3.8619073811856870 2.2500230910927490 -1.5396257858112719
v -18.8232406723838821 34.4970762302322385 24.2187499999999964
vn -3.8677699323911696 2.8402746283327573 0.0668722783347596
v -18.7744125473838821 34.0087949802322385 22.4121093749999964
vn -3.9662289519065022 2.6541758018827335 0.7810350105556387
v -18.7744125473838821 34.1552793552322385 21.4355468749999964
vn -4.1870722102161766 2.2425712706472654 1.6086379039884624
v -18.7255829322677627 34.5947324802322385 20.5566406249999964
vn -3.9276572486576722 1.8659119181715944 -2.0430713405693002
v -18.7744125473838821 35.1806699802322385 24.9511718749999964
vn -4.0557089379056794 1.1007362637378104 -2.3114714014216529
v -18.7255829322677627 35.9619199802322385 25.3906249999999964
vn -2.9639448587221122 -2.6306618564893185 1.7992432371766709
v -18.7744125473838821 33.8134824802322385 24.6582031249999964
vn -2.9406934789772645 -1.8371639112012694 2.6703292742401312
v -18.7255829322677627 34.6923887302322385 25.5859374999999964
vn -2.9585182066076641 -3.2087415102477759 0.8625317274203541
v -18.7255829322677627 33.3252012302322385 23.6328124999999964
vn -2.8834048026525640 -1.0279182193263097 3.3275788480648298
v -18.6279266822677627 35.6689512302322385 26.1230468749999964
vn -3.0187304583886796 -3.2898002792891061 -0.0719031135147090
v -18.7255829322677627 33.1787168552322385 22.3632812499999964
vn -4.0820617976016473 0.2415560665250369 -2.5313203583955053
v -18.6767548072677627 36.9384824802322385 25.5859374999999964
vn -2.8480434879931673 -0.0156984105036180 3.4576856648776433
v -18.5790985572677627 36.9384824802322385 26.3671874999999964
vn -2.9335654979172920 -3.0362947197036254 -1.1046911483447515
v -18.7255829322677627 33.3740293552322385 21.1425781249999964
vn -2.7894646833401264 1.0474607876435456 3.2716863620361942
v -18.5302704322677627 38.2080167104644772 26.2207031249999964
vn -2.8931957903482339 -2.5362885657683760 -2.1314316811611866
v -18.6767548072677627 33.9599668552322385 20.0683593749999964
vn -4.0968124359139839 -0.5472826850527611 -2.5056396685179734
v -18.6279266822677627 37.9638760854644772 25.4394531249999964
vn -4.0935697632035843 -1.2802632605064481 -2.2253771351121463
v -18.5790970671516433 38.8916104604644772 24.9999999999999964
vn -3.9721413468431201 1.5519432523697358 2.0862742543334272
v -18.7255829322677627 35.3271543552322385 19.9218749999999964
vn -2.6989125479241620 2.0320122859632681 2.7314465555819907
v -18.4814408171516433 39.3798917104644772 25.6835937499999964
vn -2.8985521051727270 -1.8186891956543696 -2.9388490669996621
v -18.6279266822677627 34.8877012302322385 19.2382812499999964
vn -2.6848906238757784 2.8529929786711667 1.9820962282783983
v -18.4326126921516433 40.2587979604644772 24.8046874999999964
vn -2.8106218855229188 -0.8344243609836999 -3.3340543725882927
v -18.5790985572677627 36.0107481052322385 18.7011718749999964
vn -4.1992378470201839 -1.9789799779071953 -1.6002063824689752
v -18.5302689421516433 39.6240323354644772 24.3164062499999964
vn -4.0471749797146099 0.8792629967791030 2.4050328793658338
v -18.6767548072677627 36.2548887302322385 19.4824218749999964
vn -4.0428046048779089 -2.4164102610027620 -0.8676356925175996
v -18.5302689421516433 40.0146573354644772 23.5351562499999964
vn -4.0085202583781792 0.0933504700209804 2.5792060617098289
v -18.6279266822677627 37.2314512302322385 19.3847656249999964
vn -2.7319159141003881 3.2659331174285011 1.1074515815448573
v -18.4326126921516433 40.7470792104644772 23.8281249999999964
vn -2.7726926985992590 0.2522281383089560 -3.4197978662124235
v -18.5302704322677627 37.2314512302322385 18.5546874999999964
vn -4.1329726590034861 -2.3413744674091990 -0.1450619180239083
v -18.5302689421516433 40.2099698354644772 22.6074218749999964
vn -4.0159185932835726 -0.7460818086991908 2.4519184419919737
v -18.5790985572677627 38.2080167104644772 19.5800781249999964
vn -2.6157051090481969 3.6413740618429449 0.1083074668050385
v -18.3837845671516433 40.9912198354644772 22.6562499999999964
vn -2.7069152932320577 1.3270327453387891 -3.1581074093430623
v -18.4814423072677627 38.4521573354644772 18.7988281249999964
vn -4.2100995673796051 -2.2033141382023032 0.6498997447977072
v -18.5302689421516433 40.1123135854644772 21.6308593749999964
vn -4.2254255497814759 -1.4893502633104665 2.0326634377351773
v -18.5302689421516433 39.0869229604644772 20.0683593749999964
vn -2.6430775360538652 3.5547797976816078 -0.9131603272920461
v -18.3837845671516433 40.8447354604644772 21.4355468749999964
vn -2.7192564569174063 2.2292601292867520 -2.6981411046495465
v -18.4326126921516433 39.5263760854644772 19.4335937499999964
vn -2.6380599624409786 2.8675658842967247 -1.8634405718018330
v -18.4326126921516433 40.3564542104644772 20.3124999999999964
vn -4.2355620909465994 -2.0651395586865093 1.3578018893369108
v -18.5302689421516433 39.7216885854644772 20.7519531249999964
vn 3.5901999697810592 2.7494752393867192 1.0291445705323083
v -2.4167973298173906 33.5205107499999997 21.6308593749999964
vn 3.4821243242654467 2.3534019297396283 2.0174370070392316
v -2.3679692048173906 33.9599638749999997 20.8007812499999964
vn 6.2760904869438914 -0.2828891967863543 0.0479150392063487
v -2.3191405210238458 36.3037138749999997 22.6562499999999964
vn 3.5299347800906182 1.5708930314186240 2.5588268658864122
v -2.3679690185528757 34.6435576249999997 20.2148437499999964
vn 3.6921951835255968 2.9800425210868289 0.0829553302097125
v -2.4167973298173906 33.3740263749999997 22.5585937499999964
vn 3.5123802662069270 0.6507365485460707 3.0322373074162354
v -2.3191405210238458 35.4736357499999997 19.8242187499999964
vn 3.6348842093745390 2.8793301159575471 -0.7890371623606571
v -2.4167973298173906 33.4716826249999997 23.4863281249999964
vn 3.4882531161844876 -0.2997497579028436 3.1442327308108928
v -2.2703123960238458 36.4013701249999997 19.7265624999999964
vn 3.5346388231308090 2.4940519896354014 -1.6600276361721669
v -2.4167973298173906 33.8134794999999997 24.2675781249999964
vn 3.2375956373324204 -1.2404214208071633 2.9468848122348485
v -2.2214840847593309 37.3291044999999997 19.8730468749999964
vn 3.6746054970506190 1.6439346579847605 -2.4180015412429969
v -2.4167971435528757 34.4970732499999997 24.9511718749999964
vn 3.4748895612051443 -2.1548848074334463 2.5145274655168288
v -2.1726559597593309 38.1103574802322385 20.3613281249999964
vn 3.6134311668231516 0.8324227567728240 -2.9424900120815680
v -2.3679690185528757 35.2294951249999997 25.3417968749999964
vn 3.2137856767603190 -2.6941667048056481 1.8022574068307304
v -2.1726557734948160 38.7451231052322385 20.9960937499999964
vn 3.4419011220388520 -0.0868887724316256 -3.1031919309543929
v -2.3191405210238458 36.1572294999999997 25.5371093749999964
vn 3.3395225053429241 -3.1619952060982777 0.7925620009844059
v -2.1726557734948160 39.0869199802322385 21.8261718749999964
vn 3.5122327703026053 -1.0923294365553129 -2.9648893336855280
v -2.2703122097593309 37.0849638749999997 25.3906249999999964
vn 3.3356344638323359 -3.2625706568549795 -0.0996092746758553
v -2.1726557734948160 39.1845762302322385 22.7539062499999964
vn 3.3061159090845362 -1.8752735822567317 -2.6628501589401639
v -2.2214840847593309 37.9638731052322385 24.9999999999999964
vn 3.2234139727953144 -3.1686594477517498 -0.9944271090748646
v -2.1726557734948160 39.0380918552322385 23.6328124999999964
vn 3.2352563793223985 -2.5508833493187919 -1.8460126915009287
v -2.2214838984948160 38.6474668552322385 24.3652343749999964
vn 4.1488370922852065 1.8474502508948705 1.7360376508450102
v -1.4401391829889774 33.7646513749999997 20.7031249999999964
vn 4.2576389097402920 2.3429646108167055 0.9040964144893224
v -1.4889674011212348 33.2763701249999997 21.5820312499999964
vn 3.9800257235720808 1.3332295140969128 2.2282105824380469
v -1.3913109648567199 34.4970732499999997 20.0683593749999964
vn 4.1622474379149335 0.6523727100149594 2.6979742300214271
v -1.3913108717244624 35.3759794999999997 19.6289062499999964
vn 2.7900143865767064 -1.0142234392466016 -3.1492152538723461
v -1.4401389967244624 35.1806669999999997 18.8476562499999964
vn 4.0501366574791220 -0.3207470573466231 2.7767717632081279
v -1.3424826535922050 36.3525419999999997 19.5312499999999964
vn 2.7755485286238617 -2.0044088082660427 -2.8062235368911028
v -1.4889673079889774 34.0576201249999997 19.3847656249999964
vn 2.8497733826076872 0.0051324774226165 -3.2825104131974934
v -1.3913106854599475 36.4013701249999997 18.7011718749999964
vn 2.6782321908176479 -2.7559300858960052 -2.0396477514409908
v -1.5377955261212348 33.1298857499999997 20.2148437499999964
vn 3.9199043549577297 -1.0990839029100985 2.5941471878218527
v -1.2936543423276901 37.3291044999999997 19.7265624999999964
vn 2.8773911059186710 1.0604077203602105 -3.0929817531324084
v -1.3424824673276901 37.6220762302322385 18.9453124999999964
vn 2.6810116278066154 -3.2951160724166679 -1.1273869897734512
v -1.5867192048173904 32.5439482499999997 21.2890624999999964
vn 2.9709783052022734 1.9690951899592550 -2.5793576588262748
v -1.2936541560631751 38.6962949802322385 19.5800781249999964
vn 3.9640532010204317 -1.8046948560869995 2.0820097793807539
v -1.2448261241954326 38.2080137302322385 20.2148437499999964
vn 4.1469693571697439 2.5520296407224636 0.0611956507181951
v -1.4889674011212348 33.1298857499999997 22.5585937499999964
vn 2.9293692532464517 2.7339686525739486 -1.8756461697356335
v -1.2936540629309177 39.5263731052322385 20.4589843749999964
vn 2.6209138379946930 -3.4028340089581604 -0.0754315192639519
v -1.5867192048173904 32.2998076249999997 22.5097656249999964
vn 3.9412806935144964 -2.4013660724372912 1.5159391919699958
v -1.2448260310631751 38.8427793552322385 20.8984374999999964
vn 4.2270660615418416 2.3938041369175540 -0.6533208324283970
v -1.4889674011212348 33.2275419999999997 23.5351562499999964
vn 2.9978754579458409 3.1149750796858440 -0.9094930840814979
v -1.2448258447986602 40.0146543552322385 21.5820312499999964
vn 2.7112671825294075 -3.3084145807668781 0.9763592905896963
v -1.5867192048173904 32.4951201249999997 23.7792968749999964
vn 3.9009809752331344 -2.7032984482625171 0.5911198212645392
v -1.1959978129309177 39.2334043552322385 21.7773437499999964
vn 4.0986516367617707 2.0161029174619540 -1.3586335727654295
v -1.4889674011212348 33.6181669999999997 24.3652343749999964
vn 2.9606296993058354 3.2310575726695152 0.1983859511710088
v -1.2448258447986602 40.1611387302322385 22.8027343749999964
vn 2.5827521814429186 -3.0622348893439151 1.9993179570668014
v -1.6355471435528754 32.9345732499999997 24.8046874999999964
vn 3.8630761778098539 -2.7954726989509200 -0.0272945665032559
v -1.1959978129309177 39.3310606052322385 22.7539062499999964
vn 4.2056403050056801 1.2647975099953692 -1.8092857967975526
v -1.4401391829889774 34.3017607499999997 25.1464843749999964
vn 2.9737977893762846 3.1032724354699681 1.2173720285692522
v -1.2936539697986602 39.9169981052322385 23.9746093749999964
vn 2.6717953942186936 -2.2589081747279538 2.7947375427489494
v -1.5867190185528754 33.8134794999999997 25.7324218749999964
vn 3.7561080430731457 -2.7891967179521133 -0.8656328835590420
v -1.2448260310631751 39.1357481052322385 23.6816406249999964
vn 4.1463629180051740 0.6609059571296760 -2.4870813007531503
v -1.4401389967244624 35.0830107499999997 25.5371093749999964
vn 3.8957043705764005 -2.2612142096820618 -1.6073324774329065
v -1.2448260310631751 38.7451231052322385 24.4628906249999964
vn 2.7227517298218866 -1.3280362523011986 3.2063516932433087
v -1.5377953398567199 34.7900419999999997 26.2695312499999964
vn 2.9652881170582521 2.5624121990039912 2.0044183463120753
v -1.2936540629309177 39.3798887302322385 24.9511718749999964
vn 2.8012059502753948 -0.2661693128914377 3.2534490040890960
v -1.4401389035922050 36.0595732499999997 26.5136718749999964
vn 2.8634822733107002 1.7802796271531154 2.7434557176206686
v -1.3424822810631751 38.5009824802322385 25.8300781249999964
vn 4.1006447180879171 -0.1058716955768092 -2.7482354064206218
v -1.3913107785922050 36.1084013749999997 25.7324218749999964
vn 3.9346920572353588 -1.7401340485019943 -2.2184533511157847
v -1.2936542491954326 38.0127012302322385 25.1464843749999964
vn 2.8157115453594814 0.7847650039389189 3.1716930348528800
v -1.3913105923276901 37.3779326249999997 26.3671874999999964
vn 4.0836553801004305 -1.0225983145417723 -2.5701582075919314
v -1.3424824673276901 37.1337919999999997 25.5859374999999964
vn -6.2831853071795214 0.0000008207301307 0.0000000448664139
v 3.5888687026161192 9.0087890197677609 22.3144531250000000
vn -3.4431408594624595 3.0478289367126576 0.6122820117130132
v 3.5888683300870894 6.2744140197677609 21.8261718750000000
vn -3.2604216374577026 3.0879622411452283 -0.3982450984025937
v 3.5888683300870894 6.2255858947677609 22.6562500000000000
vn -3.3328362224012982 2.7070912851973175 1.5315362338419201
v 3.5888683300870894 6.5673827697677600 20.9960937500000000
vn -3.2737476734050439 2.8263482586244884 -1.3141348836557305
v 3.5888683300870894 6.4697265197677609 23.4863281250000000
vn -3.3088809535713555 2.0737986114375540 2.3182801702035807
v 3.5888687026161192 7.1533202697677600 20.2636718750000000
vn -3.2361640988403981 2.2824152979183423 -2.1231017983654956
v 3.5888687026161192 6.9580077697677609 24.2187500000000000
vn -3.4298884103273450 1.2939721389189711 2.8285118480490077
v 3.5888687026161192 7.9345702697677600 19.7753906250000000
vn -3.2958699382460162 1.5262440459305071 -2.7116467234824060
v 3.5888687026161192 7.6416015197677609 24.7558593750000000
vn -3.3726860534640029 0.3535958778149500 3.0861810380850203
v 3.5888687026161192 8.7646483947677627 19.5312500000000000
vn -3.4040397795703425 0.6727626852848249 -3.0415790479477827
v 3.5888687026161192 8.3251952697677609 25.0000000000000000
vn -3.2679854666996357 -0.7516872552413030 3.0189679552898809
v 3.5888687026161192 9.6435553898258224 19.5800781250000000
vn -3.2093429531895197 -0.2353219069722155 -3.0994810916279651
v 3.5888687026161192 9.2529296447677609 25.0976562500000000
vn -3.3819866222881219 -1.5853412502826933 2.6833778913657369
v 3.5888690751451491 10.4248053898258224 19.9218750000000000
vn -3.4224329934458702 -1.1509472636925280 -2.8976194278000875
v 3.5888690751451491 10.1318366398258206 24.8535156250000000
vn -3.3989543434589207 -2.2660668174513292 2.1245803328540367
v 3.5888690751451491 11.1083991398258224 20.4589843750000000
vn -3.1678897462557778 -2.0110982972451610 -2.3639281629068627
v 3.5888690751451491 10.8642585148258206 24.4628906250000000
vn -3.3215856855264261 -2.8562576699762889 1.2304784923312673
v 3.5888690751451491 11.5966803898258224 21.1914062500000000
vn -3.2858880797107144 -2.7040989213015387 -1.5521582819561734
v 3.5888690751451491 11.4013678898258206 23.7792968750000000
vn -3.2871486636769474 -3.1053093014622686 0.2848765424869821
v 3.5888690751451491 11.7919928898258206 21.9726562500000000
vn -3.2663068182417385 -3.0471769827233475 -0.6478714638341589
v 3.5888690751451491 11.7431647648258206 22.9003906250000000
vn -3.8800807101039130 2.0670420573088459 0.4085620033408692
v 2.5148403149503706 6.0791015197677609 21.7773437500000000
vn -3.8309396429651121 1.8766062438209652 1.1063422699260761
v 2.5148405012148856 6.4208991398258197 20.8984375000000000
vn -3.7220111665555295 2.1958083397164248 -0.3160353020139977
v 2.5148403149503706 6.0791015197677609 22.6562500000000000
vn -3.7758340297115476 1.9785407646128914 -0.9021339810466711
v 2.5148405012148856 6.3232428898258206 23.5351562500000000
vn -2.7682254226757657 -3.7485191626314904 -0.7169628438577176
v 2.7101528149503706 5.3466796447677600 21.6308593750000000
vn -2.7267866971427384 -3.7481378773218843 0.4707452484309174
v 2.7101528149503706 5.2978515197677609 22.7539062500000000
vn -2.6973962324880119 -3.2667755185478371 -1.8645404162637251
v 2.7101528149503706 5.7373046447677600 20.5078125000000000
vn -3.8435083326245887 1.4354746920755308 1.6184454739395231
v 2.5148405012148856 7.0556647648258197 20.1171875000000000
vn -2.7794626635442081 -3.4565135730089835 1.6166579816863815
v 2.7101528149503706 5.6396483947677609 23.8769531250000000
vn -2.7805245688123628 -2.5403824352238749 -2.8576388231693040
v 2.7101530012148856 6.5673835148258197 19.5312500000000000
vn -3.7122430174250578 1.6381851110844996 -1.5073267280898550
v 2.5148405012148856 6.8603522648258206 24.3164062500000000
vn -2.7001933093722372 -1.4908795334524261 -3.4627128308794957
v 2.7101530012148856 7.5927741398258197 18.8476562500000000
vn -2.7412467956534523 -2.7879270366916464 2.5429726780037254
v 2.7101530012148856 6.2744147648258206 24.8535156250000000
vn -3.8764022261612525 0.8906929139286490 1.9887018313232772
v 2.5148406874794005 7.8857428898258197 19.5800781250000000
vn -2.7574995393991575 -1.8801060326537564 3.3064603019751937
v 2.7101530012148856 7.2021491398258206 25.5859375000000000
vn -3.8928044547572149 0.2208040734434675 2.0886442463135424
v 2.5148406874794005 8.7646491398258224 19.3359375000000000
vn -3.8689115650301011 1.0728123922297870 -1.8449255650264558
v 2.5148405012148856 7.5439460148258206 24.9023437500000000
vn -2.7893756583968141 -0.3405132158477425 -3.8248334110137971
v 2.7101531874794005 8.6669928898258224 18.6035156250000000
vn -2.7465409750386427 -0.7642075529181327 3.7078975553959523
v 2.7101531874794005 8.2275397648258206 25.9765625000000000
vn -3.7646947043236318 -0.5694074213050218 2.1306884447984453
v 2.5148408737439154 9.6923842598838821 19.4335937500000000
vn -3.8719825121367450 0.4247475465123541 -2.1309498050352578
v 2.5148406874794005 8.3251960148258206 25.1953125000000000
vn -2.7216526055092745 0.8013281733208217 -3.6768071914199849
v 2.7101533737439154 9.8388686348838821 18.6523437500000000
vn -2.7821447033711353 0.3587035178131274 3.7872259175909777
v 2.7101533737439154 9.3017585148258206 26.0253906250000000
vn -3.7954315402607772 -1.1092379226002538 1.9236392887278693
v 2.5148410600084303 10.5224623848838821 19.7753906250000000
vn -3.7956850424537119 -0.1895610523002781 -2.1755262726154090
v 2.5148408737439154 9.3017585148258206 25.2441406250000000
vn -2.7824965272926336 1.9138735657230685 -3.2918588717447941
v 2.7101535600084303 10.9130873848838821 19.0917968750000000
vn -3.7574618268669764 -0.8564520960074469 -2.0458677760348225
v 2.5148408737439154 10.2294936348838803 25.0000000000000000
vn -3.9510617532887138 -1.5330956058590290 1.4515306661896761
v 2.5148410600084303 11.2548842598838821 20.3125000000000000
vn -2.7753232297806298 1.4086122440552584 3.5249159172237468
v 2.7101535600084303 10.5224623848838803 25.7324218750000000
vn -2.7350106956658879 2.8100924674299788 -2.5592823134340108
v 2.7101537462729453 11.8408217598838821 19.8242187500000000
vn -2.7233711274991075 2.4174472890884395 2.8771931680595220
v 2.7101535600084303 11.4501967598838803 25.1953125000000000
vn -2.7546836653436193 3.4602890727174662 -1.5450652379129231
v 2.7101537462729453 12.4755873848838803 20.8007812500000000
vn -3.7720655966672432 -1.4423971157070956 -1.6563477806018052
v 2.5148410600084303 10.9619155098838803 24.5605468750000000
vn -3.8369510184281466 -2.0200323697539826 0.8391616650635410
v 2.5148410600084303 11.7431655098838821 21.0937500000000000
vn -3.7598913217854459 -1.9379734161089393 -1.0978134004927900
v 2.5148410600084303 11.5478530098838803 23.8281250000000000
vn -2.7272868002117541 3.7248677608315512 -0.3426361164103630
v 2.7101537462729453 12.7685561348838803 21.8750000000000000
vn -2.7294926225717324 3.2385203118507251 1.8996201326114073
v 2.7101537462729453 12.2314467598838803 24.2675781250000000
vn -3.7267420178573185 -2.2598145624511243 0.1973254397292442
v 2.5148412462729453 11.9384780098838803 21.9726562500000000
vn -3.7841893710888592 -2.1558106328944442 -0.4667270212130004
v 2.5148412462729453 11.8896498848838803 22.9492187500000000
vn -2.7873807155940078 3.7011356357582912 0.8179834622689828
v 2.7101537462729453 12.6708998848838803 23.0957031250000000
vn 3.2925499044682480 3.1369215680798002 -0.3942049180516134
v 19.0185591828483567 6.2255844046516415 22.6562500000000000
vn 3.4698097447106466 3.0945098678505332 0.6214945670194878
v 19.0185591828483567 6.2744125296516415 21.8261718750000000
vn 6.2812326691750213 0.0004948302518504 0.0002655003221859
v 18.9697310578483567 9.0087875296516415 22.3144531250000000
vn 3.3625347219997361 2.7514609528754876 1.5502118739807431
v 19.0185591828483567 6.5673812796516406 20.9960937500000000
vn 3.2939268731323250 2.8611952554549687 -1.3543353247536047
v 19.0185591828483567 6.4697250296516415 23.4863281250000000
vn 3.3502372733377057 2.1104779315330084 2.3499497868169938
v 19.0185591828483567 7.1533187796516406 20.2636718750000000
vn 3.2504742593751659 2.3296602088208371 -2.1436175815854179
v 19.0185591828483567 6.9580062796516415 24.2187500000000000
vn 3.4580729361359599 1.2932540041685483 2.8816448062288549
v 19.0185591828483567 7.9345687796516406 19.7753906250000000
vn 3.3045868831728979 1.5579851201177548 -2.7530036311285695
v 19.0185591828483567 7.6416000296516415 24.7558593750000000
vn 3.3436709577927393 0.3279902752198069 3.1368927504773580
v 19.0185591828483567 8.7646469046516433 19.5312500000000000
vn 3.4405729737369315 0.6724344285464763 -3.0909371775776817
v 19.0185591828483567 8.3251937796516415 25.0000000000000000
vn 3.2454648799386270 -0.7132311550451053 3.0777525590257513
v 19.0185591828483567 9.6435538997097030 19.5800781250000000
vn 3.2296048049581700 -0.2384096243503305 -3.1472352175975051
v 19.0185591828483567 9.2529281546516415 25.0976562500000000
vn 3.4286647290343848 -1.5973296389058143 2.7326968221367207
v 19.0185591828483567 10.4248038997097030 19.9218750000000000
vn 3.4105300458468344 -1.2015721236186558 -2.9321685828772370
v 19.0185591828483567 10.1318351497097012 24.8535156250000000
vn 3.4507529264057664 -2.3157894735145765 2.1384170483543778
v 19.0185591828483567 11.1083976497097030 20.4589843750000000
vn 3.1490677122852468 -2.0133934946400176 -2.4207149410053668
v 19.0185591828483567 10.8642570247097012 24.4628906250000000
vn 3.3657704358595484 -2.8916934577958560 1.2660846319626193
v 19.0185591828483567 11.5966788997097030 21.1914062500000000
vn 3.3061675886533597 -2.7460066675323191 -1.5766588327123996
v 19.0185591828483567 11.4013663997097012 23.7792968750000000
vn 3.4346482976188337 -3.1414952695995724 0.3106786433505993
v 19.0185591828483567 11.7919913997097012 21.9726562500000000
vn 3.3957238107260812 -3.0769711793974279 -0.6959752715304554
v 19.0185591828483567 11.7431632747097012 22.9003906250000000
vn 3.9040718938428061 2.0602782618925342 0.4079109501725132
v 20.0439498078483567 6.0791000296516415 21.7773437500000000
vn 3.8479034110953521 1.8755091383529519 1.0998069719155712
v 20.0439498078483567 6.4208961595935810 20.8984375000000000
vn 3.7309514969008313 2.1955652618318391 -0.3061117792072779
v 20.0439498078483567 6.0791000296516415 22.6562500000000000
vn 3.7943998311826928 1.9664653008799273 -0.9172761540100642
v 20.0439498078483567 6.3232399095935818 23.5351562500000000
vn 3.7430799670161470 1.6242475950795590 -1.5063933962599827
v 20.0439498078483567 6.8603492845935818 24.3164062500000000
vn 3.7646892617419336 1.1022507173852367 -1.9116868104168789
v 20.0439498078483567 7.5927711595935818 24.9023437500000000
vn 2.7267849189425757 -3.7481435602522497 0.4707447962385420
v 19.8486358177322373 5.2978500296516415 22.7539062500000000
vn 2.7794629378754223 -3.4565158536410725 1.6166552968164916
v 19.8486373078483567 5.6396469046516415 23.8769531250000000
vn 2.7682235589118638 -3.7485250307126718 -0.7169627876897113
v 19.8486358177322373 5.3466781546516406 21.6308593750000000
vn 2.7412451132828570 -2.7879279634745338 2.5429705562467579
v 19.8486373078483567 6.2744117845935818 24.8535156250000000
vn 2.7609323862325206 -1.8710072194452412 3.2948055121812683
v 19.8486373078483567 7.2021461595935818 25.5859375000000000
vn 2.6973963924789373 -3.2667776602265000 -1.8645381957304803
v 19.8486373078483567 5.7373031546516406 20.5078125000000000
vn 3.8589084786955485 1.4256743460799663 1.6706770585161652
v 20.0439498078483567 7.0556617845935810 20.1171875000000000
vn 2.7472370282397129 -0.7665496148419746 3.7040757424270323
v 19.8486373078483567 8.2275367845935818 25.9765625000000000
vn 2.7714314928793620 -2.6042740413603456 -2.8526196745431389
v 19.8486373078483567 6.5673805345935810 19.5312500000000000
vn 3.8913069644479128 0.4211753049112075 -2.1175616189742601
v 20.0439498078483567 8.3251930345935818 25.1953125000000000
vn 2.7247615525095283 -1.4269158062583973 -3.2988188703312433
v 19.8974654328483567 7.5927711595935810 18.8476562500000000
vn 2.7821448426123139 0.3587030781949100 3.7872257970659442
v 19.8486373078483567 9.3017555345935818 26.0253906250000000
vn 3.9493094948226810 0.9511076790215929 2.1704765792317802
v 20.0439498078483567 7.8857399095935810 19.5800781250000000
vn 3.8156811960972736 -0.1884232791599448 -2.1704131153866224
v 20.0439498078483567 9.3017555345935818 25.2441406250000000
vn 4.0353224841498712 0.0953178099930213 2.3303364260517521
v 20.0439498078483567 8.7646461595935836 19.3359375000000000
vn 3.8146048274953008 -0.8802352093696750 -2.0192304737607638
v 20.0439498078483567 10.2294906546516415 25.0000000000000000
vn 2.8263965865738330 -0.3427523323861468 -3.6953895486928698
v 19.8974654328483567 8.7158180345935836 18.6035156250000000
vn 2.7753237996800553 1.4086117157760940 3.5249153492045879
v 19.8486373078483567 10.5224594046516415 25.7324218750000000
vn 3.7780821632301271 -0.5615633092642396 2.1272206867587031
v 20.0927779328483567 9.6923812796516433 19.4335937500000000
vn 2.7233718471548922 2.4174470197121964 2.8771933347782399
v 19.8486373078483567 11.4501937796516415 25.1953125000000000
vn 2.7231917210748930 0.8046802756628657 -3.6770033683907370
v 19.8974654328483567 9.8388656546516433 18.6523437500000000
vn 3.8235167696736059 -1.4087455812353431 -1.6657723308846186
v 20.0439498078483567 10.9619125296516415 24.5605468750000000
vn 3.7323741848732479 -0.9929524442998326 1.9488502687033011
v 20.0927779328483567 10.5224594046516433 19.7753906250000000
vn 3.7714980233724638 -1.9415722019499655 -1.1193868516256482
v 20.0439498078483567 11.5478500296516415 23.8281250000000000
vn 2.7902626201780425 1.9254986377381700 -3.2407725518800179
v 19.8974654328483567 10.9130844046516433 19.0917968750000000
vn 2.7278562972563578 3.2415171175434985 1.9100356290939755
v 19.8486373078483567 12.2314437796516415 24.2675781250000000
vn 4.0088098605980607 -1.6668640077057741 1.6080913108683530
v 20.0439498078483567 11.2548812796516433 20.3125000000000000
vn 3.9649727953292260 -2.0339026621431722 -0.5038823344179088
v 20.0439498078483567 11.9384750296516415 22.9492187500000000
vn 2.7693215317041240 2.6850644894463445 -2.4461066289510720
v 19.8974654328483567 11.8408187796516433 19.8242187500000000
vn 2.7762297577088191 3.7443165083340206 0.8520595441255789
v 19.8486373078483567 12.6708969046516415 23.0957031250000000
vn 2.7873722547537469 3.3093110883439785 -1.4793726658014705
v 19.8974654328483567 12.4755844046516415 20.8007812500000000
vn 3.9364370255707386 -2.3036261197369576 0.2944419239483063
v 20.0439498078483567 11.9873031546516415 21.9726562500000000
vn 3.8765005528253944 -2.1890614782498061 0.9700527238529625
v 20.0439498078483567 11.7431625296516433 21.0937500000000000
vn 2.7570429467309285 3.5591445323175943 -0.2857594212958113
v 19.8974654328483567 12.7685531546516415 21.8750000000000000
vn -3.4318314539465575 2.0970970028335034 2.2911534198099734
v 3.5888709377902983 26.0498076249999997 20.3613281250000000
vn -3.2772166195364534 2.7514277995727081 1.4540219280367326
v 3.5888709377902983 25.4638701249999997 21.0937500000000000
vn -6.2831853071795107 0.0000009469747957 0.0000000273536749
v 3.5888713103193282 27.9541044999999997 22.3632812500000000
vn -3.1992859347175386 3.0816446502997188 0.3971713844584138
v 3.5888709377902983 25.1709013749999997 21.9726562500000000
vn -3.4725833713940353 1.3905103852434837 2.7819608557071405
v 3.5888713103193282 26.7822294999999997 19.8730468750000000
vn -3.4132493952233203 3.0688593443270697 -0.5287693090307253
v 3.5888709377902983 25.2197294999999997 22.8027343750000000
vn -3.2151548328698456 0.3932570306834436 3.0814265546376287
v 3.5888713103193282 27.6123076249999997 19.5800781250000000
vn -3.3445810158521954 2.7832953195843206 -1.3923875261721079
v 3.5888709377902983 25.4638701249999997 23.5839843750000000
vn -3.4519357641705453 -0.4907960444393070 3.0735322761227590
v 3.5888713103193282 28.4423857499999997 19.6289062500000000
vn -3.3356704936303920 2.2205709449035580 -2.1824818583532917
v 3.5888709377902983 25.9521513749999997 24.2675781250000000
vn -3.3050133672014135 -1.4262095279842253 2.7600965170540883
v 3.5888716828483580 29.2724638749999997 19.8730468749999964
vn -3.4570394984126427 1.5450097321132024 -2.6950665574930674
v 3.5888713103193282 26.5380888749999997 24.7070312500000000
vn -3.3904935904945726 -2.2027289181286331 2.2043693634936932
v 3.5888716828483580 29.9072294999999997 20.3613281249999964
vn -3.3778840054327972 0.5995325590802110 -3.0489743144111978
v 3.5888713103193282 27.4169951249999997 25.0488281250000000
vn -3.2981864924802364 -2.7593861838126426 1.4324256718215758
v 3.5888716828483580 30.3955107499999997 20.9960937499999964
vn -3.1996852248467462 -0.4121272477934662 -3.0815136985008613
v 3.5888713103193282 28.3447294999999997 25.0976562500000000
vn -3.3340084605815972 -3.0772545740077932 0.4028719796662050
v 3.5888716828483580 30.6884794999999997 21.9238281249999964
vn -3.1992858023769735 -1.5312486003008821 -2.7036178273002118
v 3.5888716828483580 29.2236357499999997 24.8046874999999964
vn -3.4713059582718273 -3.0612782459307537 -0.5472382956469982
v 3.5888716828483580 30.6396513749999997 22.8027343749999964
vn -3.4874149662288603 -2.2057670218326022 -2.1938051689977724
v 3.5888716828483580 29.8584013749999997 24.2675781249999964
vn -3.3363179531249916 -2.7517235668737063 -1.4436060559113679
v 3.5888716828483580 30.3955107499999997 23.5839843749999964
vn -3.9285093536616715 1.4626824821111377 1.5667620941079645
v 2.5144616391915320 25.9033232499999997 20.2148437500000000
vn -3.8426110126228012 0.9354571473479294 1.9980649887809483
v 2.5144616391915320 26.7334013749999997 19.6777343750000000
vn -3.7545797766983027 1.9744313255448176 0.9969524340030032
v 2.5144614529270171 25.3173857499999997 21.0449218750000000
vn -3.8164987040496339 2.1607870833250460 0.3180971764005373
v 2.5144614529270171 25.0244169999999997 21.9238281250000000
vn -3.8782476978356364 2.1529927873462298 -0.3318242599228162
v 2.5144614529270171 25.0244169999999997 22.8027343750000000
vn -3.8150663791772494 1.9420408461530911 -0.9851442757620920
v 2.5144614529270171 25.3173857499999997 23.6816406250000000
vn -2.7658480056248833 -3.3806684677498504 -1.7234225986746230
v 2.7097739529270171 24.6337919999999997 20.6542968750000000
vn -2.7439771470231498 -3.7336064054693194 -0.6037019376587937
v 2.7097737666625021 24.2431669999999997 21.8261718750000000
vn -2.7069334551289752 -2.6076988019931511 -2.6988122137111286
v 2.7097739529270171 25.3662138749999997 19.6289062500000000
vn -2.7186099836766862 -3.7105352347381988 0.6500688319508521
v 2.7097737666625021 24.2431669999999997 22.9492187500000000
vn -2.7477723740072557 -1.5601974858569223 -3.4265677132547050
v 2.7097741391915320 26.3916044999999997 18.9453125000000000
vn -2.7983831343474601 -0.5079387880617938 -3.7671835064032084
v 2.7097743254560469 27.4658232499999997 18.6523437500000000
vn -2.7821828274869778 -3.3799093055797123 1.7879644331133639
v 2.7097739529270171 24.6337919999999997 24.0234375000000000
vn -3.7566665272845388 0.2633503068006585 2.2100344216843348
v 2.5144618254560469 27.6123076249999997 19.4335937500000000
vn -3.8010333197847936 1.5901414432362224 -1.5026967950472625
v 2.5144616391915320 25.8056669999999997 24.3652343750000000
vn -3.8862885116701444 -0.3333846317968338 2.1510020752931593
v 2.5144620117205618 28.4912138749999997 19.4335937500000000
vn -2.7935493953803898 -2.7904800275324666 2.6336155894656033
v 2.7097739529270171 25.2685576249999997 24.9023437500000000
vn -2.7186091879521044 0.6500690970172867 -3.7105359242980160
v 2.7097745117205618 28.6376982499999997 18.6523437500000000
vn -3.9536657703094411 1.0676509688597715 -1.8037857107431634
v 2.5144616391915320 26.4404326249999997 24.9023437500000000
vn -3.8513851466371589 -1.0235675148423411 1.9017291547181137
v 2.5144620117205618 29.3701201249999997 19.7265624999999964
vn -2.7339093770855998 -1.9002057939057491 3.3107147595229973
v 2.7097741391915320 26.0498076249999997 25.5371093750000000
vn -2.7823858591693336 1.7882875032427867 -3.3787070851953711
v 2.7097745117205618 29.7119169999999997 19.0429687499999964
vn -2.7387297749106172 -0.7442510759462940 3.7375841799115763
v 2.7097743254560469 27.2216826249999997 25.9765625000000000
vn -2.7717260912559682 2.6515107170728891 -2.7180438026367533
v 2.7097746979850768 30.5908232499999997 19.6777343749999964
vn -3.9231841762257327 0.3748403734360831 -2.0650056430512675
v 2.5144618254560469 27.3681669999999997 25.2441406250000000
vn -3.7729327938191628 -1.5877243089493325 1.5671239622599797
v 2.5144621979850768 30.0537138749999997 20.2636718749999964
vn -3.7814876192209690 -0.3089318049729857 -2.1752490962421165
v 2.5144618254560469 28.3447294999999997 25.2441406250000000
vn -2.7129442784428983 3.3459356150023623 -1.7271266380913588
v 2.7097748842495917 31.2255888749999997 20.5078124999999964
vn -2.7199276971190538 0.5113694031218337 3.7289888627371832
v 2.7097745117205618 28.4912138749999997 26.0253906250000000
vn -3.8568885059109013 -1.9052482751862634 1.0298331742777538
v 2.5144621979850768 30.5419951249999997 20.8984374999999964
vn -3.8234593390741991 -1.0471934157739096 -1.9399577888498860
v 2.5144620117205618 29.2724638749999997 24.9511718749999964
vn -2.7579305119983228 3.7844960432178913 -0.5751850548957554
v 2.7097748842495917 31.6162138749999997 21.7773437499999964
vn -2.7536153683481022 1.7033078203662331 3.3602285866711532
v 2.7097745117205618 29.7119169999999997 25.6347656249999964
vn -3.9543912604777551 -2.0585233719569791 0.2820163380468479
v 2.5144621979850768 30.8837919999999997 21.8749999999999964
vn -2.7386033389307034 2.6676792593158618 2.6277077044363284
v 2.7097746979850768 30.5908232499999997 24.9999999999999964
vn -2.7435289195077495 3.7341018045785863 0.6158069104186008
v 2.7097748842495917 31.6162138749999997 22.9980468749999964
vn -3.8989410108018809 -1.5424895967675658 -1.5806804463928037
v 2.5144621979850768 30.0048857499999997 24.4140624999999964
vn -3.8612731314166853 -2.1616291259573579 -0.4103595902591606
v 2.5144621979850768 30.8349638749999997 22.8515624999999964
vn -2.7791361475999281 3.3746649792398715 1.7033294698166663
v 2.7097748842495917 31.2744169999999997 24.0234374999999964
vn -3.8213265322254362 -1.9598170363019958 -1.0357740795668371
v 2.5144621979850768 30.5419951249999997 23.6816406249999964
vn 6.2822428658161833 -0.0675917878533761 0.0203335783935373
v 18.8720777880805954 27.9541015197677609 22.3632812500000000
vn 3.2286322295676211 2.7286844078192720 1.4946013487298011
v 18.8720762979644761 25.4638671447677609 21.0937500000000000
vn 3.3751397930503599 2.1240151559176210 2.2681486730172931
v 18.8720762979644761 26.0498046447677609 20.3613281250000000
vn 3.2444196383764807 3.0771799422419144 0.4381397903429509
v 18.8720762979644761 25.1708983947677609 21.9726562500000000
vn 3.4102645057657837 1.2607814738110745 2.7855451982054351
v 18.8720762979644761 26.7822265197677609 19.8730468750000000
vn 3.4390984303882339 3.0582924852230953 -0.5811056821663354
v 18.8720762979644761 25.2197265197677609 22.8027343750000000
vn 3.2301796724168894 0.4198450503592003 3.1800394324793397
v 18.9209044229644761 27.6123046447677609 19.5800781250000000
vn 3.3301018072181381 2.7895804359278311 -1.3802381160426127
v 18.8720762979644761 25.4638671447677609 23.5839843750000000
vn 3.4828227929911568 -0.6087451089832446 3.0962318018303172
v 18.9209059130805954 28.4423827697677609 19.6289062500000000
vn 3.3953691385049822 2.2829374764236841 -2.1211218564813654
v 18.8720762979644761 25.9521483947677609 24.2675781250000000
vn 3.4905500880826885 -1.4736250292332773 2.7886541241422895
v 18.9209059130805954 29.2724608947677609 19.9218749999999964
vn 3.3006116431075649 1.5280826200034707 -2.7045565385158428
v 18.8720762979644761 26.5380858947677609 24.7558593750000000
vn 3.3523508030122331 -2.1703394643369434 2.2988833548335279
v 18.9209059130805954 29.9072265197677609 20.3613281249999964
vn 3.4133347692670486 0.5373610358117636 -3.0641323800643034
v 18.8720762979644761 27.4169921447677609 25.0488281250000000
vn 3.3470615616477044 -2.7899241095897707 1.4761658708110135
v 18.9209059130805954 30.3955077697677609 20.9960937499999964
vn 3.1959880105307339 -0.4752811837085889 -3.0192802364709772
v 18.8720777880805954 28.3447265197677609 25.0976562500000000
vn 3.3887215678356735 -3.1264036918892111 0.3894656947544896
v 18.9209059130805954 30.6884765197677609 21.9238281249999964
vn 3.3149263739068662 -1.5097909573970263 -2.8486845118235369
v 18.9209059130805954 29.2236327697677609 24.8046874999999964
vn 3.4947520966779622 -3.1209790968105144 -0.5234524783339672
v 18.9209059130805954 30.6396483947677609 22.8027343749999964
vn 3.0847617170523964 -2.1537432978354296 -2.3097066481513497
v 18.9209059130805954 29.9072265197677609 24.3652343749999964
vn 3.0697955740143361 -2.8620002388414116 -1.3179659293342880
v 18.9209059130805954 30.4443358947677609 23.6328124999999964
vn 3.8498569805730112 2.1540288469005118 -0.3800330305239447
v 19.9462950479644761 25.0244140197677609 22.8027343750000000
vn 3.8270873925561393 1.9438678231639686 -0.9734120936473480
v 19.9462950479644761 25.3173827697677609 23.6816406250000000
vn 3.7791029195509189 2.1665460193816082 0.3549970530172487
v 19.9462950479644761 25.0244140197677609 21.9238281250000000
vn 3.7953089871005883 1.9454532292774127 1.0268715070877319
v 19.9462950479644761 25.3173827697677609 21.0449218750000000
vn 2.7439759113965878 -3.7336070702347888 -0.6037018409426852
v 19.7509825479644761 24.2431640197677609 21.8261718750000000
vn 2.7186087766254685 -3.7105357767487703 0.6500688061153884
v 19.7509825479644761 24.2431640197677609 22.9492187500000000
vn 2.7658470112505316 -3.3806686056911293 -1.7234223716037560
v 19.7509825479644761 24.6337890197677609 20.6542968750000000
vn 2.7821818652758243 -3.3799094069665214 1.7879640410140072
v 19.7509825479644761 24.6337890197677609 24.0234375000000000
vn 3.9784915467394644 1.4723883996310696 1.5324781793928377
v 19.9462950479644761 25.9033202697677609 20.2148437500000000
vn 3.7662005061355570 1.6195252863630765 -1.4857516126597727
v 19.9462950479644761 25.8056640197677609 24.3652343750000000
vn 2.7069325664080681 -2.6076993095255721 -2.6988124874708883
v 19.7509825479644761 25.3662108947677609 19.6289062500000000
vn 2.7935484408818181 -2.7904806107941584 2.6336158870051110
v 19.7509825479644761 25.2685546447677609 24.9023437500000000
vn 3.8996021024503631 0.8955612590090470 1.9965485318246809
v 19.9462950479644761 26.7333983947677609 19.6777343750000000
vn 3.8501011311167024 1.0750178796685712 -1.8339166545021053
v 19.9462950479644761 26.4404296447677609 24.9023437500000000
vn 2.7477719225883499 -1.5601979220370068 -3.4265674766861505
v 19.7509825479644761 26.3916015197677609 18.9453125000000000
vn 2.7339088476384283 -1.9002061840014974 3.3107144172212157
v 19.7509825479644761 26.0498046447677609 25.5371093750000000
vn 2.7964984698185607 -0.5347740340086745 -3.7731381542633438
v 19.7509825479644761 27.4658202697677609 18.6523437500000000
vn 2.7387293159181434 -0.7442533675255744 3.7375849505170313
v 19.7509825479644761 27.2216796447677609 25.9765625000000000
vn 3.7756684217011847 0.3372005634782336 2.1952767511290832
v 19.9462950479644761 27.6123046447677609 19.4335937500000000
vn 3.9016973967457886 0.3560582192460175 -2.0759440670816063
v 19.9462950479644761 27.3681640197677609 25.2441406250000000
vn 3.9357449135992582 -0.4667244409179795 2.2865634858827031
v 19.9462965380805954 28.4912108947677609 19.4335937500000000
vn 3.7815602728429165 -0.3089273174295913 -2.1752308907287348
v 19.9462965380805954 28.3447265197677609 25.2441406250000000
vn 2.7548900911232033 0.5656686812773860 -3.5203448201482579
v 19.7998121630805954 28.6376952697677609 18.6523437500000000
vn 2.7199281667836352 0.5113674022986870 3.7289875212660109
v 19.7509840380805954 28.4912108947677609 26.0253906250000000
vn 4.0366915187208310 -1.1094404943987590 2.0395983036237624
v 19.9462965380805954 29.3701171447677609 19.7265624999999964
vn 3.7932126947900486 -1.0191912714968376 -1.9662880406113254
v 19.9462965380805954 29.2724608947677609 24.9511718749999964
vn 2.8175646664957186 1.7084750323514846 -3.2274099040539506
v 19.7998121630805954 29.7119140197677609 19.0429687499999964
vn 2.7536158215123248 1.7033076377799024 3.3602289436731736
v 19.7509840380805954 29.7119140197677609 25.6347656249999964
vn 2.8098434561257308 2.5467136604278200 -2.5277623532559730
v 19.7998121630805954 30.5908202697677609 19.6777343749999964
vn 2.7386041188555756 2.6676789346320033 2.6277080921833087
v 19.7509840380805954 30.5908202697677609 24.9999999999999964
vn 3.8676308614056638 -1.6211616045869341 1.7224178643737194
v 19.9462965380805954 30.0537108947677609 20.2636718749999964
vn 3.6928383423685185 -1.5706341351701263 -1.6198880875185830
v 19.9462965380805954 30.0048827697677609 24.4140624999999964
vn 2.7089948947119948 3.3752492237836975 -1.7146012097262822
v 19.7509840380805954 31.2255858947677609 20.5078124999999964
vn 2.7791372590823769 3.3746644198135733 1.7033293438882924
v 19.7509840380805954 31.2744140197677609 24.0234374999999964
vn 3.8611029130045558 -1.9101159317659864 1.0417808315432673
v 19.9462965380805954 30.5419921447677609 20.8984374999999964
vn 3.7299785909960406 -2.0102453653768171 -0.9764465867525137
v 19.9462965380805954 30.5419921447677609 23.6816406249999964
vn 3.9567555954749363 -2.0701261538847202 0.2796560690728607
v 19.9462965380805954 30.8837890197677609 21.8749999999999964
vn 3.9069273452336555 -2.1434625241082004 -0.4329805744310488
v 19.9462965380805954 30.8349608947677609 22.8515624999999964
vn 2.7562881623701938 3.7928238101705540 -0.5693246507668623
v 19.7509840380805954 31.6162108947677609 21.7773437499999964
vn 2.7435301297318793 3.7341013014308801 0.6158068380965682
v 19.7509840380805954 31.6162108947677609 22.9980468749999964
vn -4.2300555392686174 -1.1479799880723371 2.2640937954227067
v 25.1220733177322373 -6.2744185755805972 4.0527343749999991
vn -1.7847811082457381 -1.7009460214014915 1.9344765964205626
v 25.5126983177322373 -6.9091842005805972 4.0527343749999991
vn -1.3085456029329308 -1.2049158298772467 5.4440486668336288
v 25.7080108177322373 -6.2744185755805972 4.3945312499999991
vn 1.2926545993105609 -1.1662163213636627 5.5111432788268226
v 29.4189483177322373 -6.2252089808540347 4.3945312499999991
vn 1.7816805212915097 -1.6827174667832243 1.9029464647060206
v 29.5654326927322373 -6.9091842005805972 4.0527343749999991
vn 1.6216427679495808 0.8940226676082337 5.3438939995964558
v 29.5166105281967148 42.0654326249999997 4.4433593750000000
vn -1.1944622830475384 0.8963548006244644 5.7883798829218964
v 25.6103605281967148 42.1142607499999997 4.3457031250000000
vn -4.0774975181461031 0.8789696717589560 2.5316749383409105
v 25.1709074031967148 42.1142607499999997 4.1503906250000000
vn 1.7469525048521697 1.3807877204938666 1.9199499375061979
v 29.6142667781967148 42.7978544999999997 4.1503906250000000
vn -1.7795659306445164 1.2551186790250608 1.8747854853356811
v 25.4638761531967148 42.7978544999999997 4.1015625000000000
vn -4.8450470365158438 -1.3413013799960836 -1.8633059153927261
v 25.1220733177322373 -6.2744185755805972 1.1718750000000002
vn -2.6726126151527052 -1.7175283818250602 -1.0244831399050294
v 25.4638701927322373 -6.9091842005805972 1.3183593750000002
vn -4.4097209129166357 1.3037128922498651 -2.2401244959798419
v 25.1709074031967148 42.1142607499999997 0.9765625000000000
vn -2.6617311293246244 1.5669781446293110 -0.9458116920972248
v 25.4638761531967148 42.7978544999999997 1.3183593750000000
vn 4.6693316004177010 1.0071722548189403 2.1203622027603037
v 29.9560636531967148 42.1142607499999997 4.1015625000000000
vn 2.7708918598187182 1.3724063171647058 -1.0403972262292567
v 29.6142667781967148 42.7978544999999997 1.2695312500000000
vn 5.1294614409488943 1.1266252004952981 -1.8751866285938672
v 29.9072355281967148 42.1142607499999997 1.1718750000000000
vn 4.7835444690523508 -1.2948626873479709 -1.9221428824829807
v 29.9560576927322373 -6.2252089808540347 1.1718750000000002
vn 4.1569879716269407 -1.1159714898155639 2.3392112082888104
v 29.9560576927322373 -6.2252089808540347 4.1015624999999991
vn 2.7095245500273402 -1.7379106476911570 -0.8893766981308566
v 29.5654326927322373 -6.9091842005805972 1.3183593750000002
vn -2.0636364595740169 -1.3129595103079019 -4.6208987087473359
v 25.6103545677322373 -6.2744185755805972 0.6347656249999999
vn -1.0601932744205025 -1.7502306705509447 -2.6446036599257523
v 25.8056670677322373 -6.9091842005805972 0.9765625000000000
vn -1.8990412830859356 1.2609493841228763 -4.9744415055525844
v 25.6591886531967148 42.1142607499999997 0.5859375000000000
vn 2.2359732846954046 1.0935318165567995 -4.6517404319201425
v 29.4677824031967148 42.1142607499999997 0.6347656250000000
vn 1.2331159857382707 1.3687334643176565 -2.6366743897776148
v 29.3212980281967148 42.7978544999999997 0.9277343750000000
vn -0.7902858763809241 1.3270268757031898 -2.9298370623687493
v 26.0009855281967148 42.7490263749999997 0.7812500000000000
vn 2.0412278023099040 -1.1304727061184370 -4.8707400328644015
v 29.4189483177322373 -6.2252089808540347 0.6347656250000000
vn 1.1900380710400977 -1.5327727488792859 -2.6458341777904151
v 29.2724639427322373 -6.9091842005805972 0.9277343750000000
vn -1.3272265385301505 -1.8058524547709245 1.9405802638170075
v -24.7314423072677627 43.5302823354644772 4.1015625000000000
vn -0.9147233706537951 -4.3956508030527912 2.3152055337439243
v -24.0478485572677627 43.1884854604644772 4.0527343750000000
vn -0.9441059892460523 -1.3778796379309404 5.6000534202445582
v -24.0478485572677627 43.7744229604644772 4.3945312500000000
vn 0.9501399948260909 -1.4838027620317618 5.5225841666794739
v 23.9013761531967148 43.7255888749999997 4.3945312500000000
vn -0.9432100224379494 1.4462410671044397 5.4772402605342840
v -24.0478485572677627 47.3877042104644772 4.4433593750000000
vn -1.1912068349504534 1.8564917139339823 1.7982166542240843
v -24.7314423072677627 47.5830167104644772 4.1503906250000000
vn 1.0116015438525685 1.1616842895145547 5.6551709435158806
v 23.9013761531967148 47.3388701249999997 4.4433593750000000
vn 1.3359559410883359 1.8128710384224667 1.8305867293793889
v 24.5849699031967148 47.5341826249999997 4.1503906250000000
vn 1.3384136079389908 -1.8227425494757830 1.8759672187438943
v 24.5849699031967148 43.5302763749999997 4.1015625000000000
vn 0.8992787033338784 4.1906491648904822 2.4398519539934513
v 23.9013761531967148 47.8271513749999997 4.1992187500000000
vn -0.7797805475015476 4.6224830826692651 2.3570755363381393
v -24.0478485572677627 47.8271573354644772 4.1503906250000000
vn -1.1285569852611250 -2.6473642905480244 -1.1514723961914766
v -24.7314423072677627 43.4814542104644772 1.1230468750000000
vn -0.9486956214454487 -4.8823569056440794 -2.1982357260434799
v -24.0478485572677627 43.2373135854644772 1.0253906250000000
vn 0.9623859499260807 -4.4644238249067296 2.1810732476747381
v 23.9013761531967148 43.1884794999999997 4.0527343750000000
vn 0.9768797753537584 -4.3298202702212212 -2.5235240496587932
v 23.9013761531967148 43.2861357499999997 0.8789062500000000
vn 1.1961959695420548 -2.4875613316683420 -1.4363123050823514
v 24.5849699031967148 43.5302763749999997 1.0253906250000000
vn -1.1356194974624265 2.6857709176881164 -1.2349091880166929
v -24.7314423072677627 47.5830167104644772 1.0742187500000002
vn -0.9164155115547855 4.7748538288136473 -2.2315863304594350
v -24.0478485572677627 47.8271573354644772 0.9765625000000000
vn 1.0174186961948379 4.2846491456107865 -2.4970455764294641
v 23.9013761531967148 47.7783232499999997 0.8300781250000000
vn 1.2416498000431486 2.4592726485389553 -1.2411300984052862
v 24.5849699031967148 47.5341826249999997 1.0253906250000002
vn -0.8938736318289461 -2.0096192501856880 -5.1260645167174284
v -24.0478485572677627 43.7744229604644772 0.5371093750000000
vn -1.0548009918333772 -1.1463924015501503 -2.8698593076614358
v -24.6826141822677627 43.8720792104644772 0.7324218750000000
vn 1.0364008914619869 -1.5572726734589604 -5.4819327370950814
v 23.9013761531967148 43.7744169999999997 0.5859375000000000
vn 1.1302247696892880 -0.7574935168179849 -2.9053918149303630
v 24.5849699031967148 43.8720732499999997 0.8300781250000000
vn -0.8471103921463851 1.8974494507771822 -5.2769593201748082
v -24.0478485572677627 47.2900479604644772 0.5371093750000000
vn -0.9771638545168155 1.0051640456948221 -2.8232561310138511
v -24.7314423072677627 47.1923917104644772 0.7324218750000000
vn 1.1871234405096400 1.4328167017486315 -5.3921770995342300
v 23.9013761531967148 47.2900419999999997 0.5371093750000000
vn 1.4252799408818002 0.8457352844490726 -2.9917993669859548
v 24.5361417781967148 47.2412138749999997 0.8300781250000000
vn -6.2812107957263823 -0.0001377047244206 0.0001148792486344
v -18.9697265375000015 26.0986387302322385 22.3144531250000000
vn -3.2913619968286518 2.4992429791042983 1.9463780280674432
v -19.0185546625000015 23.8525449802322385 20.7031250000000000
vn -3.2207911098977453 2.9947493743109197 0.9867160693861481
v -19.0185546625000015 23.4130918552322385 21.4843750000000000
vn -3.3907860689205984 1.8027502858099180 2.5998179086956794
v -19.0185546625000015 24.5361387302322385 20.0683593750000000
vn -3.3508677634491675 3.1720172812350462 0.0066930483982735
v -19.0185546625000015 23.3154356052322385 22.2656250000000000
vn -3.3866655520208968 0.9874798554382845 3.0038399577635193
v -19.0185546625000015 25.3173887302322385 19.6777343750000000
vn -3.2580207255135978 3.0293264691827715 -0.8986496490255961
v -19.0185546625000015 23.4130918552322385 23.0957031250000000
vn -3.2658460068722319 -0.0531576452969310 3.1626387019868889
v -19.0185546625000015 26.1962949802322385 19.5312500000000000
vn -3.2882723419669846 2.5995680120939491 -1.8145453589175751
v -19.0185546625000015 23.8037168552322385 23.8769531250000000
vn -3.2438259618354031 -1.0596580038209824 2.9789470748916056
v -19.0185546625000015 27.0263731052322385 19.6777343750000000
vn -3.1832959982713804 1.8856564725314344 -2.5358570972328636
v -19.0185546625000015 24.4384824802322385 24.5605468750000000
vn -3.3589365364381898 -1.9008349907660087 2.5319159758792504
v -19.0185531723838821 27.8076231052322385 20.1171875000000000
vn -3.3000565625658513 0.9978088107733538 -3.0034176800665753
v -19.0185546625000015 25.2197324802322385 24.9511718750000000
vn -3.2772412347119770 -2.6048512236472905 1.7787708145948606
v -19.0185531723838821 28.3935606052322385 20.7031250000000000
vn -3.2455032390348402 -0.0207865784031876 -3.1629498308182828
v -19.0185546625000015 26.0986387302322385 25.0976562500000000
vn -3.4555992676531124 -3.0246926725849201 0.9211227455638469
v -19.0185531723838821 28.7353574802322385 21.4843750000000000
vn -3.3519070817851571 -0.9170914733096871 -3.0371611332514048
v -19.0185546625000015 26.9287168552322385 24.9511718750000000
vn -3.2658684684569601 -3.1563315835522805 -0.0917443135882217
v -19.0185531723838821 28.8818418552322385 22.3632812500000000
vn -3.1392493831077979 -1.8406062278982409 -2.5559046081831345
v -19.0185546625000015 27.7099668552322385 24.6093750000000000
vn -3.3747822651563792 -2.9475458746487808 -1.1483473425742290
v -19.0185531723838821 28.6865293552322385 23.2421875000000000
vn -3.3749227522475396 -2.5486938892782600 -1.8878160750970259
v -19.0185531723838821 28.2470762302322385 24.0234375000000000
vn -3.9163337046569904 2.2115807416734818 0.7431765110887227
v -20.0439452875000015 23.2666074802322385 21.4355468750000000
vn -3.7433004367199358 1.9323703246628330 1.5002478262469581
v -20.0439452875000015 23.7548887302322385 20.6054687500000000
vn -3.7477760960746958 2.4343730251225519 -0.0004913523343055
v -20.0439452875000015 23.1689512302322385 22.2656250000000000
vn -3.8811468439140482 2.2449575582725294 -0.6669752905460056
v -20.0439452875000015 23.2666074802322385 23.1445312500000000
vn -3.7538987228925786 1.9464638987081742 -1.5200520546185814
v -20.0439452875000015 23.7060606052322385 23.9746093750000000
vn -2.7336147900276000 -3.4265052181575992 -1.1234064579658281
v -19.8974609125000015 22.5341856052322385 21.1914062500000000
vn -2.8244984064065384 -3.6459239029589607 -0.0039216589418815
v -19.8974609125000015 22.3877012302322385 22.2656250000000000
vn -2.7801136119339520 -2.8658101240886156 -2.2119845723761480
v -19.8974609125000015 23.1201231052322385 20.1171875000000000
vn -2.7699807007543953 -3.4697397372856158 1.0719495576546472
v -19.8974609125000015 22.5341856052322385 23.3398437500000000
vn -3.8976379297294699 1.3153594315764758 2.0323237377622325
v -20.0439452875000015 24.4384824802322385 19.9218750000000000
vn -2.7884650813469314 -2.1342665817538946 -2.9933722033614156
v -19.8974609125000015 23.9990293552322385 19.2871093750000000
vn -2.8004221699063465 -3.0365137900964854 2.0781430772456209
v -19.8974609125000015 23.0712949802322385 24.4140625000000000
vn -3.8472729748192562 0.5909394654768748 2.0676849976251073
v -20.0927734125000015 25.3173887302322385 19.4824218750000000
vn -3.7434455785738545 1.3026440090537781 -1.7479160741370841
v -20.0927734125000015 24.3408262302322385 24.6582031250000000
vn -2.7260034574749712 -1.1075377934109720 -3.6192303674600366
v -19.8974609125000015 25.0732481052322385 18.7500000000000000
vn -2.7209983834757741 -2.2532415077591588 3.0364802327018086
v -19.8974609125000015 23.9013731052322385 25.2929687500000000
vn -3.7259402954103504 -0.0685908655314397 2.2138801718133045
v -20.0927734125000015 26.1962949802322385 19.3847656250000000
vn -2.7967389419709638 -1.2482350230400534 3.6361887908600687
v -19.8974609125000015 24.8779356052322385 25.7812500000000000
vn -2.7615519233142951 0.0783482572309174 -3.7968621232864530
v -19.8974609125000015 26.1962949802322385 18.6035156250000000
vn -3.8340574143677046 0.7041439644971257 -1.9729545942719131
v -20.0927734125000015 25.1220762302322385 25.0976562500000000
vn -3.7981531400907538 -0.7098593695988917 2.0566277104313890
v -20.0927734125000015 27.0752012302322385 19.5312500000000000
vn -3.7510951094216538 -0.0321852776176067 -2.1875160898184758
v -20.0927734125000015 26.0986387302322385 25.2441406250000000
vn -2.7484027988463078 1.2242288119880516 -3.5962187519969442
v -19.8974609125000015 27.3193418552322385 18.7988281250000000
vn -2.7058607206949441 -0.0477039225696049 3.7644410168970373
v -19.8974609125000015 26.0986387302322385 26.0253906250000000
vn -3.8178171780610768 -1.2907953068368279 1.7537805522691432
v -20.0927719223838821 27.9052793552322385 19.9707031250000000
vn -3.7129903475207020 -0.6408592727747464 -2.1154837449691519
v -20.0927734125000015 26.9775449802322385 25.0976562500000000
vn -2.7519105571369118 2.2510414874198612 -3.0654401511497906
v -19.8974594223838821 28.3447324802322385 19.3359375000000000
vn -2.7822643053153970 1.1890733850212172 3.6198835562811009
v -19.8974609125000015 27.2216856052322385 25.8300781250000000
vn -2.7021208070689089 3.1027003336273933 -2.1551320216529173
v -19.8974594223838821 29.1748106052322385 20.1660156249999964
vn -2.7269884477356974 2.2584176199800865 3.0391362310822938
v -19.8974594223838821 28.2959043552322385 25.2929687500000000
vn -3.8771467792100531 -1.7643578355294198 1.2168903804297933
v -20.0927719223838821 28.5400449802322385 20.6054687500000000
vn -3.7848868037805157 -1.2798927609839201 -1.7182858275529562
v -20.0927719223838821 27.8076231052322385 24.7070312500000000
vn -3.8747827810724647 -2.0567029997795006 0.6079990014102976
v -20.0927719223838821 28.9306699802322385 21.4355468750000000
vn -2.7964361845094601 3.1100641670397327 2.2193619807636233
v -19.8974594223838821 29.1259824802322385 24.4140624999999964
vn -2.7613548112333426 3.6723012571335265 -1.0472685388601843
v -19.8974594223838821 29.6630918552322385 21.2402343749999964
vn -3.7771342709799018 -1.8170336791357804 -1.2468316606582590
v -20.0927719223838821 28.4912168552322385 23.9746093750000000
vn -2.7607293357231528 3.8014493185456875 0.0817925417834658
v -19.8974594223838821 29.8095762302322385 22.3632812499999964
vn -3.8409318524085494 -2.0411155670587648 -0.7263389473141997
v -20.0927719223838821 28.8818418552322385 23.2421875000000000
vn -3.7156102425108934 -2.2229388068733766 -0.0636061359993380
v -20.0927719223838821 29.0283262302322385 22.3632812499999964
vn -2.7535453202355185 3.5969639941239882 1.2237943575822599
v -19.8974594223838821 29.6142637302322385 23.4863281249999964
vn 3.1925960714430786 3.0241853155018066 1.0761657791907853
v -3.6869022745233537 23.4130888749999997 21.4843750000000000
vn 3.2480269888312998 2.4904118442619163 1.9561208719060701
v -3.6869019019943239 23.8525419999999997 20.7031250000000000
vn 6.2820319648189402 -0.0319050948907030 0.0584184986679982
v -3.7357300269943239 26.0986357499999997 22.3632812500000000
vn 3.2560323595670608 1.7967429100578800 2.6128510170026122
v -3.6869019019943239 24.5361357499999997 20.0683593750000000
vn 3.3276120712119912 3.0629545303164640 0.0958784502306901
v -3.7357303995233537 23.3154326249999997 22.3144531250000000
vn 3.2323758244907856 0.9439710835105919 3.0175675255695755
v -3.6869019019943239 25.3173857499999997 19.6777343750000000
vn 3.2246103453538035 2.9766807359004854 -0.9054212205881900
v -3.7357303995233537 23.4130888749999997 23.1445312500000000
vn 3.4280420224933938 -0.0961460564932675 3.1583701543989395
v -3.6869019019943239 26.1962919999999997 19.5800781250000000
vn 3.2420820961301065 2.5478203971400606 -1.7957924911786491
v -3.7357300269943239 23.8037138749999997 23.9257812500000000
vn 3.4153243288538255 -1.0111501477105393 2.9928977642822083
v -3.6869015294652940 27.0263701249999997 19.7265625000000000
vn 3.3351656200288553 1.8379150981045831 -2.5135872445369971
v -3.7357300269943239 24.4384794999999997 24.5605468750000000
vn 3.2901965471651802 -1.8968995330441154 2.5218448164644567
v -3.6869015294652940 27.8076201249999997 20.1171875000000000
vn 3.2702084389988491 1.0060695539183493 -2.9488952154008801
v -3.7357300269943239 25.2685576249999997 25.0000000000000000
vn 3.3384453015365816 -2.6340313769566643 1.7445829284575312
v -3.6869015294652940 28.3935576249999997 20.7519531250000000
vn 3.2166259733396485 -0.0000006435209100 -3.1121038032448656
v -3.7357300269943239 26.0986357499999997 25.1464843750000000
vn 3.4342334160282992 -3.0417654594869443 0.8696629462670630
v -3.6869015294652940 28.7353544999999997 21.5332031250000000
vn 3.3044197174079537 -0.9767497569422312 -2.9583510738255452
v -3.7357296544652940 26.9287138749999997 25.0000000000000000
vn 3.2134755830060002 -3.1566896546785594 -0.0064675142028386
v -3.6869015294652940 28.8818388749999997 22.3632812500000000
vn 3.4126678615294908 -1.8774649298539288 -2.4082253080548064
v -3.7357296544652940 27.6611357499999997 24.6093750000000000
vn 3.3645828806767781 -2.9527882134052446 -1.1319338738486677
v -3.6869015294652940 28.6865263749999997 23.2910156250000000
vn 3.2704014386310081 -2.5632072134511295 -1.9620169191992851
v -3.6869015294652940 28.2470732499999997 24.0722656250000000
vn 3.7988587724323271 1.8547803894606165 1.6108636169833219
v -2.6615114632588388 23.7548857499999997 20.6054687500000000
vn 3.6877509710973904 1.2283432739149887 1.8394068867402114
v -2.6126831519943239 24.4384794999999997 19.9707031250000000
vn 3.9392661219523748 2.1996200351034174 0.7353312488419700
v -2.6615114632588388 23.2666044999999997 21.4355468750000000
vn 3.6915363004882158 2.2818912969199863 0.0522581423998254
v -2.6615114632588388 23.1689482499999997 22.3144531250000000
vn 3.8200141530427580 2.0436557291774222 -0.6220236346144249
v -2.6615114632588388 23.2666044999999997 23.1933593750000000
vn 3.6913289800478868 1.8092961844351561 -1.2808925934458828
v -2.6615114632588388 23.7060576249999997 24.0234375000000000
vn 2.7998306647716777 -2.9101155932138276 -2.2459445698337812
v -2.8079958382588388 23.1201201249999997 20.1660156250000000
vn 2.7756132188397493 -2.1829278217791663 -3.1213201077776720
v -2.8079958382588388 23.9990263749999997 19.3359375000000000
vn 2.7121278363255112 -3.4051376625330967 -1.1138414415936804
v -2.8079960245233537 22.5341826249999997 21.1914062500000000
vn 3.7190747738704757 0.6706043858845426 2.0983706808266849
v -2.6126831519943239 25.3173857499999997 19.5312500000000000
vn 2.7786951563599174 -1.1898721818188625 -3.6179190344933931
v -2.8079956519943239 25.0732451249999997 18.7988281250000000
vn 2.7856882745121077 -3.8579454686957000 0.0624569241818703
v -2.8568241495233537 22.3876982499999997 22.3144531250000000
vn 3.8630433738910592 -0.0367439515213729 2.1643030798739229
v -2.6126829657298090 26.1962919999999997 19.3847656250000000
vn 2.7253169767096934 0.0016712068181503 -3.7771850696921323
v -2.8079954657298090 26.1962919999999997 18.6035156250000000
vn 2.7304591282194681 -3.6295582968753051 1.1235258435542188
v -2.8568241495233537 22.5341826249999997 23.3886718750000000
vn 3.8985102534226748 -0.6874790558747732 2.0369791992682593
v -2.6126827794652940 27.0751982499999997 19.5312500000000000
vn 2.7158818591874301 1.2769513467892180 -3.5659597314483369
v -2.8079952794652940 27.3193388749999997 18.7988281250000000
vn 2.7628928290010979 -3.1223483795767342 2.1821474129551399
v -2.8568239632588388 23.0712919999999997 24.4628906250000000
vn 3.8580561370466988 -1.2796592900889778 1.6958909166110780
v -2.6126827794652940 27.9052763749999997 19.9707031250000000
vn 3.8453359354977832 1.2669480448660524 -1.7376651851153113
v -2.6615112769943239 24.3408232499999997 24.7070312500000000
vn 2.7886758560063023 2.3391104092152055 -3.0665576329272497
v -2.8079952794652940 28.3447294999999997 19.3847656250000000
vn 2.7067651475810703 -2.2513593233629812 3.0359122190061076
v -2.8568239632588388 23.9013701249999997 25.3417968750000000
vn 2.7266684079514953 3.1015965482633541 -2.1804022247396606
v -2.8079950932007791 29.1748076249999997 20.2148437499999964
vn 2.7588940219278486 -1.1870799020125589 3.6169008284242308
v -2.8568237769943239 24.9755888749999997 25.8789062500000000
vn 3.8253939637374286 -1.8014242906529119 1.2156031236193048
v -2.6126825932007791 28.5400419999999997 20.6542968750000000
vn 3.7763275872545154 0.6925924294130865 -2.0761796928616074
v -2.6615112769943239 25.2197294999999997 25.1464843750000000
vn 3.8985681381912123 -2.0660465745056484 0.5618889198969605
v -2.6126825932007791 28.9306669999999997 21.4843750000000000
vn 3.7912814827701631 -0.0517473259781397 -2.2198246836649451
v -2.6615110907298090 26.0986357499999997 25.2929687500000000
vn 2.7452386640986179 3.6407997635875740 -1.0620344768693597
v -2.8079950932007791 29.6630888749999997 21.2402343749999964
vn 2.7007405119748613 -0.0534418355065684 3.8140923514425982
v -2.8568235907298090 26.0986357499999997 26.0742187500000000
vn 3.7626771248151498 -2.2061089955557516 -0.0376582771690545
v -2.6126825932007791 29.0283232499999997 22.4121093749999964
vn 2.8329731272803418 1.0501312083633578 3.4873301621338593
v -2.8079952794652940 27.2216826249999997 25.8789062500000000
vn 2.7721923760171170 3.8013385879576518 0.0773602838162757
v -2.8079949069362642 29.8095732499999997 22.4121093749999964
vn 3.7877897804402614 -0.7188468980409366 -2.2970342512091331
v -2.6615110907298090 26.9775419999999997 25.1464843750000000
vn 3.8566273122127126 -2.0416294417443819 -0.7388050194377866
v -2.6126825932007791 28.8818388749999997 23.2910156250000000
vn 4.0038367720348305 -1.4691430763122655 -1.8269246966302841
v -2.6615109044652940 27.8076201249999997 24.7558593750000000
vn 2.7265382245063874 3.5664253959357035 1.2355163286357200
v -2.8079950932007791 29.6142607499999997 23.5839843749999964
vn 2.7280736662434455 2.0505111367315494 2.9487257976520231
v -2.8079952794652940 28.2959013749999997 25.3906250000000000
vn 2.7774458941709685 2.9626481566281559 2.2713653860140011
v -2.8079950932007791 29.0283232499999997 24.6582031249999964
vn 3.7516823829504986 -1.8342402443657861 -1.2580210331720418
v -2.6126825932007791 28.4423857499999997 24.0722656250000000
vn -3.3423190630567157 -3.3466330002693172 2.1797232007576692
v -23.9501997578483596 -7.3005646894531253 3.3691406250000000
vn -1.6591470515018267 -4.3444109913264066 1.6718008353827245
v -23.5107466328483596 -7.8865021894531244 16.7968750000000000
vn -4.3444108398901058 -1.6591463056931166 1.6718006757361348
v -24.5361372578483596 -6.8611115644531244 16.7968750000000000
vn -1.6936906492574717 -1.6936902096726607 4.4866444756668455
v -23.5107466328483596 -6.8611115644531244 17.7734375000000000
vn 1.6563766814572658 -4.3520871984761209 1.6964994549215864
v 23.6572280776161179 -7.8865081499176020 16.7968750000000000
vn 3.1739865546473576 -3.1753357720104729 -0.1104606010025858
v 24.1943374526161179 -7.3982268999176029 3.4179687500000000
vn -1.6936902242747440 1.6936906638595506 4.4866444994554255
v -23.5107391822677627 42.3584073354644772 17.7734374999999964
vn -4.3558951432041324 1.6550198137109100 1.7090018649787000
v -24.5361298072677627 42.3584073354644772 16.7968749999999964
vn -1.6588670344386449 4.3559986583926182 1.7119848998664544
v -23.5107391822677627 43.3837979604644772 16.7968749999999964
vn -2.9490248507429317 2.9485604226563824 -0.6390499208411431
v -24.0966766822677627 42.9443448354644772 3.4667968750000000
vn 4.3521653218442404 -1.6590355101459069 1.6985662480394743
v 24.6826187026161179 -6.8611175249176020 16.7968750000000000
vn 1.6936902242747425 -1.6936906638595490 4.4866444994554238
v 23.6572280776161179 -6.8611175249176020 17.7734375000000000
vn 3.6428473248109761 3.1427136718949993 1.5638692382429753
v 24.1455167781967148 42.7978544999999997 3.3691406250000000
vn 1.6612831508348169 4.3463677848348157 1.6785975300964100
v 23.6572355281967148 43.3837919999999997 16.7968749999999964
vn 4.3465270119504371 1.6622274897264704 1.6824626209433013
v 24.6826261531967148 42.3584013749999997 16.7968749999999964
vn 1.6936906492574708 1.6936902096726598 4.4866444756668438
v 23.6572355281967148 42.3584013749999997 17.7734374999999964
vn -0.8887732174771771 -0.8898205631271117 -0.3919690960457798
v -24.0478560078483596 -7.3982209394531253 3.2226562500000000
vn -1.7256411079125367 1.7308653157423084 -2.2594634029208529
v -24.0478485572677627 42.8955167104644772 3.2226562500000000
vn 1.5707953916124202 -1.5692714107879029 -1.5698236069943079
v 24.1943374526161179 -7.3982268999176029 3.2226562500000000
vn 0.9551853924784556 1.0818704310928131 -0.5311542173184836
v 24.1943449031967148 42.8955107499999997 3.2226562500000000
vn -1.7153205226176644 -1.7153205226176642 -4.3968375839521530
v 24.6826261531967148 42.6513701249999997 0.0000000000000000
vn -1.7153205226176640 -4.3968375839521521 -1.7153205226176644
v 24.6826261531967148 42.1142607499999997 0.5371093750000000
vn -4.3968375839521521 -1.7153205226176644 -1.7153205226176644
v 24.1455167781967148 42.6513701249999997 0.5371093749999999
vn -4.3968375839521547 1.7153205226176662 -1.7153205226176647
v 24.1455167781967148 48.2177763749999997 0.5371093750000000
vn -1.7153205226176642 1.7153205226176640 -4.3968375839521521
v 24.6826261531967148 48.2177763749999997 0.0000000000000000
vn 1.7153205226176640 -4.3968375839521521 -1.7153205226176640
v 30.0537199031967148 42.1142607499999997 0.5371093750000000
vn 1.7153205226176644 -1.7153205226176644 -4.3968375839521530
v 30.0537199031967148 42.6513701249999997 0.0000000000000000
vn 4.3968375839521521 -1.7153205226176644 -1.7153205226176644
v 30.5908292781967148 42.6513701249999997 0.5371093749999999
vn 1.7153205226176642 1.7153205226176642 -4.3968375839521521
v 30.0537199031967148 48.2177763749999997 0.0000000000000000
vn -1.7153205226176642 4.3968375839521521 -1.7153205226176642
v 24.6826261531967148 48.7548857499999997 0.5371093750000000
vn 1.7153205226176642 4.3968375839521521 -1.7153205226176640
v 30.0537199031967148 48.7548857499999997 0.5371093750000000
vn 4.3968375839521547 1.7153205226176662 -1.7153205226176647
v 30.5908292781967148 48.2177763749999997 0.5371093750000000
vn 1.7153205226176662 4.3968375839521538 1.7153205226176640
v 30.0537199031967148 48.7548857499999997 25.8789062500000000
vn 4.3968375839521521 1.7153205226176635 1.7153205226176647
v 30.5908292781967148 48.2177763749999997 25.8789062500000000
vn -1.7153205226176640 1.7153205226176622 4.3968375839521521
v 24.6826261531967148 48.2177763749999997 26.4160156250000000
vn -1.7153205226176662 4.3968375839521538 1.7153205226176642
v 24.6826261531967148 48.7548857499999997 25.8789062500000000
vn 1.7153205226176638 1.7153205226176627 4.3968375839521521
v 30.0537199031967148 48.2177763749999997 26.4160156250000000
vn 1.7153205226176647 -1.7153205226176658 4.3968375839521521
v 30.0537199031967148 42.6513701249999997 26.4160156249999964
vn 4.3968375839521521 -1.7153205226176642 1.7153205226176638
v 30.5908292781967148 42.6513701249999997 25.8789062499999964
vn -1.7153205226176644 -1.7153205226176658 4.3968375839521521
v 24.6826261531967148 42.6513701249999997 26.4160156249999964
vn -4.3968375839521521 -1.7153205226176642 1.7153205226176640
v 24.1455167781967148 42.6513701249999997 25.8789062499999964
vn -1.7153205226176642 -4.3968375839521521 1.7153205226176640
v 24.6826261531967148 42.1142607499999997 25.8789062499999964
vn 1.7153205226176642 -4.3968375839521521 1.7153205226176642
v 30.0537199031967148 42.1142607499999997 25.8789062499999964
vn -4.3968375839521521 1.7153205226176635 1.7153205226176644
v 24.1455167781967148 48.2177763749999997 25.8789062500000000
vn 1.8935723106323352 -0.2771881780604804 -4.0548503216011920
v -29.5165985572677627 41.7724698354644772 14.2089843750000018
vn 0.9163401345684691 -0.9863147836554331 -6.0769810876369439
v -30.7861298072677627 41.5283292104644772 13.8671875000000018
vn 0.3483504619087260 -0.3405575967163519 -6.0533788676561091
v -30.9814423072677627 41.9677823354644772 13.7695312500000018
vn 0.6104741238918955 -0.0773161554053301 -2.0082466812433477
v -29.4677704322677627 42.5048917104644772 14.2089843750000018
vn 0.9449327756451431 0.0080595916387254 -4.0582771525951653
v -30.1513641822677627 42.9931729604644772 13.9648437500000018
vn 1.2339220535850715 -0.9349719661956016 -6.0029382371338613
v -30.4443329322677627 41.2353604604644772 13.9648437500000018
vn 2.8935830317742033 -1.0252853451417159 -5.1654581397050556
v -29.6142548072677627 41.1865323354644772 14.2089843750000018
vn 1.3235849420043846 -3.4672111256296221 -2.6743706500500735
v -29.7607391822677627 40.6005948354644772 14.3066406250000018
vn -0.8688027298075511 -3.2122701241902276 -2.3728789680170337
v -30.7373016822677627 40.6494229604644772 14.0625000000000018
vn -2.4246753469399134 -2.1434363372344203 -2.5817643051385883
v -31.3720673072677627 41.1865323354644772 13.9160156250000018
vn 0.7201755010525817 0.0822794259539893 -3.5199262850202517
v -29.9072235572677627 47.5830167104644772 14.2089843750000000
vn -3.3464035419102078 -0.5995088695760140 -2.7927132006821656
v -31.6650360572677627 41.9677823354644772 13.8671875000000018
vn -0.0440719125906613 0.3988164164120480 -6.1557484652454990
v -30.9326141822677627 48.2666104604644772 14.0136718750000000
vn 0.5000887959729156 -0.3279507324165617 -3.6087855208853257
v -29.6630829322677627 48.0224698354644772 14.2578125000000000
vn -3.4974161079698440 0.6547550400694595 -3.0145540389000214
v -31.5673798072677627 48.2666104604644772 14.1113281250000000
vn -0.0028674760166538 0.2379683513322853 -6.2616049563886067
v -30.7373016822677627 48.7548917104644772 14.0625000000000000
vn -2.7066820829507683 1.7335547853223456 -2.7178183079719238
v -31.3232391822677627 49.0966885854644772 14.1113281250000000
vn 0.7124805878126065 -0.4879252870609191 -6.2181421171505855
v -30.2490204322677627 48.6084073354644772 14.1113281250000000
vn 0.2629053646796586 -0.5255489254570630 -3.5506564180316778
v -29.2236298072677627 48.2666104604644772 14.2578125000000000
vn -0.0505793519446019 0.1799618077636978 -6.2375186922703501
v -30.2978485572677627 49.1455167104644772 14.0625000000000000
vn -1.5570551336522880 3.1094497122833289 -2.6758021703469037
v -30.6396454322677627 49.7314542104644772 14.1601562500000000
vn 0.2223456483510489 0.2226969164866154 -6.1850440228590289
v -29.9072235572677627 49.2920010854644772 14.0625000000000000
vn -0.2270218170740402 3.5280894654920578 -3.0521259540534258
v -29.9072235572677627 49.8779385854644772 14.1601562500000000
vn 0.2530113600755254 -0.6041099564830950 -4.0782622425698927
v -24.4873016822677627 48.5107510854644772 14.5019531250000000
vn 0.9197472338084887 3.9115508033502526 -2.7582846796181903
v -23.4130829322677627 49.8779385854644772 14.6484375000000000
vn 0.4083543519503510 0.7257392335863370 -6.0548001842946100
v -23.4130829322677627 49.2920010854644772 14.4531250000000000
vn 0.0252529328639341 -0.3163455558791934 -2.3822324926879306
v -23.9501923072677627 47.7783292104644772 14.6484375000000000
vn 0.6725563782954670 0.1394587218410451 -5.5228106992698294
v -22.8759735572677627 49.0478604604644772 14.4531250000000000
vn 0.0289738018528958 -1.1943540751014972 -3.8872901534779913
v -23.2665985572677627 47.6318448354644772 14.6484375000000000
vn -2.5294519994021902 -2.1818411476964794 -3.1234914417085853
v -22.7294891822677627 48.8525479604644772 14.5019531250000000
vn 1.3861417955133795 -0.2231247345936951 -5.6995164944877583
v -22.5830048072677627 48.6572354604644772 14.5019531250000000
vn 1.1816854244547765 -2.2314158126767714 -5.2509452942524950
v -22.6806610572677627 47.6806729604644772 14.6484375000000000
vn 3.8644275139169753 1.1695623356476861 -2.5308415278966074
v -21.9970673072677627 48.8037198354644772 14.7949218750000000
vn 3.7489060038738109 -0.6811839053682273 -2.9707306121875670
v -21.9482391822677627 48.0224698354644772 14.8437500000000000
vn 2.5845685469299697 -0.5588346376183190 -1.1253292840614773
v -28.5400360572677627 41.5771573354644772 15.1367187500000018
vn 4.9427931808268522 -1.6369652086587576 -2.2028181385385457
v -28.6376923072677627 41.1377042104644772 15.1367187500000018
vn 2.6768175376227044 -3.7306422092463492 -1.2604899745784632
v -28.8818329322677627 40.6005948354644772 15.1855468750000018
vn -2.0447716192410756 -4.8329942087615763 1.6694688174646393
v -30.6396454322677627 40.6494229604644772 16.4550781249999964
vn -3.9820523714474723 -3.5157665084227903 1.6222074458777351
v -31.1767548072677627 40.9912198354644772 16.3085937499999964
vn -1.9916233321917409 -4.9439656763854440 0.0466086173465003
v -30.5419891822677627 40.8935635854644772 16.7968749999999964
vn -3.9977023843033446 -3.3660215729767522 -0.0024571929669808
v -30.9814423072677627 41.2353604604644772 16.6992187499999964
vn -0.5021421853011692 -5.3751652362866489 1.9207534838336591
v -29.7119110572677627 40.5517667104644772 16.6503906249999964
vn 2.2783573292055417 -3.2657880780936077 1.4813153557471150
v -28.7841766822677627 40.6005948354644772 16.7968749999999964
vn -5.1620625239412208 -1.2693498755838672 1.6890278177570042
v -31.6650360572677627 41.8701260854644772 16.2109374999999964
vn -5.0394722207082321 -1.2282158002381331 -0.0022620996075555
v -31.3720673072677627 41.9677823354644772 16.6015624999999964
vn -5.1755152571129255 0.8351110319122171 1.7275579407688988
v -31.7138641822677627 48.3154385854644772 16.5039062500000000
vn -4.1195259605776950 2.7161802706969334 1.7719556293446836
v -31.4208954322677627 49.1455167104644772 16.5527343750000000
vn -2.4256977951623133 4.4607160107405868 1.8411985089385350
v -30.6884735572677627 49.7802823354644772 16.5527343750000000
vn -2.3267118357899221 4.3104842525231399 -0.0256918219129139
v -30.5419891822677627 49.4873135854644772 16.8945312500000000
vn -0.7756245767487256 5.2584856769621133 1.8253522066856009
v -30.0048798072677627 49.9755948354644772 16.5527343750000000
vn -4.2766742191945974 3.0220916231096644 0.4920610014642242
v -31.1767548072677627 48.9990323354644772 16.8457031250000000
vn -0.8115885339001337 4.9542630327759989 0.0302103808320650
v -29.9560516822677627 49.6826260854644772 16.8945312500000000
vn 0.9264371683900685 5.1507731972484976 1.7324924396089014
v -23.4130814421516433 49.9755948354644772 16.7480468750000000
vn 0.9528534824438377 4.8135539672281507 -0.1864753915996326
v -23.4619110572677627 49.6826260854644772 17.0898437500000000
vn -5.1260442755273719 0.8028610161138015 0.1856145802615190
v -31.4208954322677627 48.2666104604644772 16.8457031250000000
vn 2.9813060794350630 3.8001646362864028 1.7859414154160564
v -22.4365204322677627 49.5849698354644772 16.7968750000000000
vn 2.8289089610295783 3.4647868022417785 -2.3735026379502844
v -22.5341766822677627 49.5361417104644772 14.7949218750000000
vn 4.5572838654954415 1.6034619873913818 1.8270684271979818
v -21.8994110572677627 48.8037198354644772 16.8457031250000000
vn 5.2172434200461426 -0.6253356335577726 1.8263899328418822
v -21.8505829322677627 47.6318448354644772 16.8457031250000000
vn 3.5195720561725130 -2.8055135817704575 -1.6403688929581259
v -21.9970673072677627 47.1923917104644772 15.3320312500000000
vn 3.1484441346648953 -2.8083217530043019 1.7846281762500422
v -21.9970673072677627 47.1435635854644772 16.8945312500000000
vn 3.0933892104666083 3.8335084006547651 0.2952609891742553
v -22.6318329322677627 49.3408292104644772 17.0898437500000000
vn 4.5301396268723595 1.6070176632096282 0.0162328047512317
v -22.1923798072677627 48.7060635854644772 17.1386718750000000
vn 5.0005167742656846 -1.0080602610102649 -0.0250611993751242
v -22.1435516822677627 47.6806729604644772 17.1875000000000000
vn -0.6230345088290266 0.1095395136650176 6.2293288733952679
v -30.9326141822677627 42.0166104604644772 19.4824218749999964
vn -0.9878603919817147 0.1184927990459745 6.1931336032406996
v -30.6396454322677627 41.4306729604644772 19.5312499999999964
vn 0.5738095576165795 0.3922472061965742 4.3918194655187097
v -29.4189423072677627 41.7236417104644772 19.6289062499999964
vn -0.1057481039982273 0.3383939327943275 1.9281122431393438
v -29.3701141822677627 42.5048917104644772 19.4824218749999964
vn 0.3063270227296969 0.2185278259521332 4.2642031040419255
v -30.2001923072677627 42.8955167104644772 19.3847656249999964
vn 0.4316090149412960 -0.1102243949487293 3.5113636979361842
v -29.9072235572677627 47.5341885854644772 19.4335937500000000
vn -3.0425627201723127 -1.9116129203063152 2.5591530811986494
v -31.3232391822677627 41.1865323354644772 19.3847656249999964
vn -0.1794985810288988 -0.0362041287496722 6.2215434539914805
v -30.9326141822677627 48.2177823354644772 19.5800781250000000
vn -3.5223527709651368 -0.5596793114059462 2.9567945076825213
v -31.5673798072677627 41.9677823354644772 19.3847656249999964
vn 0.3046107464943050 -0.3133507279977743 3.7525156366751506
v -29.6630829322677627 48.0224698354644772 19.4335937500000000
vn -3.4064932298954123 0.6334873950809616 2.8034813059714190
v -31.6162079322677627 48.2666104604644772 19.4824218750000000
vn -0.8409626338937145 -0.0202092691206407 6.1755225764546697
v -30.3955048072677627 41.2353604604644772 19.5800781249999964
vn -1.4471104473608021 -2.9820906320400069 2.4620903062324788
v -30.6884735572677627 40.6494229604644772 19.4824218749999964
vn 0.3964075469812101 -3.1420032243016385 3.0159167361095500
v -29.7119110572677627 40.6005948354644772 19.5800781249999964
vn 1.2266813105912504 -0.5332915242237203 5.5639769633044143
v -29.5165985572677627 41.1865323354644772 19.6777343749999964
vn 2.3337801085903949 -0.4267706355960959 1.3094618533086035
v -28.4912079322677627 41.5771573354644772 19.0917968749999964
vn -0.2220427391127230 0.1772763467171528 6.2225533700542179
v -30.7373016822677627 48.7548917104644772 19.5800781250000000
vn -2.8350201984219026 2.0165035267538438 2.7686556691452053
v -31.2744110572677627 49.0966885854644772 19.4824218750000000
vn 0.4767275659331267 -0.4836573207092152 6.2438713892189321
v -30.2490204322677627 48.6084073354644772 19.5312500000000000
vn 0.0128567065554297 -0.4960820525121313 3.5040681742750741
v -29.1748016822677627 48.2666104604644772 19.4335937500000000
vn -0.1556045777871256 0.2283565192670994 6.2233753380220573
v -30.2978485572677627 49.1455167104644772 19.5800781250000000
vn -1.6406434176512468 3.0884245628405314 2.7716847719868265
v -30.5419891822677627 49.7314542104644772 19.4824218750000000
vn -0.0476314002992408 0.2035216420032709 6.2228460675795780
v -29.8583954322677627 49.2920010854644772 19.5800781250000000
vn -0.5178756810766578 3.5294633460269775 2.9088638972324539
v -29.8583954322677627 49.9267667104644772 19.4824218750000000
vn -0.1051567898190994 -0.3928170000655674 4.1158086492641264
v -24.4873016822677627 48.5107510854644772 19.6289062500000000
vn 0.6680798793574060 3.7702403945791749 2.6787205918615737
v -23.4130814421516433 49.9755948354644772 19.5312500000000000
vn 0.0657270932516536 0.7360060905368240 6.1101901172037758
v -23.4619110572677627 49.2920010854644772 19.7265625000000000
vn -0.1522218861130933 -0.1825813057179286 2.3940797794622402
v -23.9501923072677627 47.7783292104644772 19.5800781250000000
vn 2.3031582151868997 2.9485699750448688 2.4681883526265391
v -22.5341766822677627 49.6337979604644772 19.5312500000000000
vn -0.2393530011372653 -0.9815148488768070 4.0126472018375736
v -23.2665985572677627 47.6318448354644772 19.6289062500000000
vn 0.4912885840981214 0.6382187237475264 6.1117380272272204
v -22.8759735572677627 49.0478604604644772 19.7265625000000000
vn 3.4535064582787287 1.0890490996459645 2.7262482948483608
v -22.0458954322677627 48.8525479604644772 19.5800781250000000
vn 0.7909422245147528 0.0194663967614470 6.0809001734605026
v -22.5830048072677627 48.6572354604644772 19.7265625000000000
vn 0.6254629275645858 -1.9148210907171146 5.4161492088333851
v -22.6806610572677627 47.6806729604644772 19.6777343750000000
vn 3.2663633917945996 -0.6036180758685508 3.0182138457233787
v -21.9970673072677627 47.9736417104644772 19.5800781250000000
vn -1.6721572384815462 -4.9294710297075728 -1.6664206844553706
v -30.6396454322677627 40.6494229604644772 17.1386718749999964
vn -3.7260648606933136 -3.7181005019693085 -1.8195366229894754
v -31.1767548072677627 41.0400479604644772 17.0410156249999964
vn 0.1806069466723888 -5.5386623324220903 -1.8204132798239470
v -29.6630829322677627 40.5517667104644772 17.2851562499999964
vn 2.4805276083898060 -3.2224717817080508 1.5724514656025907
v -28.7841766822677627 40.6005948354644772 19.0429687499999964
vn 2.5799694471083909 -3.4736247536821061 -1.4348950288613382
v -28.7841766822677627 40.6005948354644772 17.4316406249999964
vn 4.4473658763097355 -1.4243268003957188 2.5452751501129067
v -28.5888641822677627 41.0888760854644772 19.0917968749999964
vn 5.3483451458194899 -1.5822788287667278 -1.7769807782354292
v -28.5888641822677627 41.0888760854644772 17.4316406249999964
vn 2.9435884425387933 -0.5605415924330035 -1.0786748062382108
v -28.4912079322677627 41.5771573354644772 17.4316406249999964
vn 4.8464163165456284 -1.6435679232826135 0.1884922177846357
v -28.8330048072677627 41.1377042104644772 17.0898437499999964
vn 2.0385901237632353 -0.3016756125057174 -0.0398676045511033
v -28.7353485572677627 41.7236417104644772 17.0898437499999964
vn -5.3780077746975463 0.9650355512689440 -1.5901574037097590
v -31.6650360572677627 48.3154385854644772 17.1875000000000000
vn -4.2611226033968048 3.0039725789811542 -1.5197441555780888
v -31.3720673072677627 49.1455167104644772 17.1875000000000000
vn -4.8155886843349860 -1.3218657122884125 -1.8230513095597298
v -31.6650360572677627 41.8701260854644772 16.9433593749999964
vn -2.5048822362709888 4.4278687556603247 -1.8993066653366486
v -30.6884735572677627 49.7314542104644772 17.1875000000000000
vn -0.8771860837509218 5.1988727966598338 -1.7952950160249923
v -30.0048798072677627 49.9755948354644772 17.2363281250000000
vn 1.0212140417557061 4.9716040976437927 -2.0352719678661133
v -23.4130814421516433 49.9755948354644772 17.3828125000000000
vn 3.1580172512408424 3.8284915448578682 -1.7896395055964445
v -22.4365204322677627 49.5849698354644772 17.4316406250000000
vn 4.5847691088273201 1.3836271373583529 -1.7696301031466402
v -21.8994110572677627 48.8037198354644772 17.4316406250000000
vn 5.2836567472861349 -0.6790580680794877 -1.7889920533311188
v -21.8994110572677627 47.6318448354644772 17.4804687500000000
vn 3.1843177259055917 -2.6188678133012648 -1.6216872459071401
v -21.9970673072677627 47.1435635854644772 17.4804687500000000
vn 3.2542288005706830 -2.5438110843974409 1.4205446779541773
v -21.9970673072677627 47.1435635854644772 19.0429687500000000
vn 0.4277081072726920 -2.5277845650233330 1.3291514573222234
v -23.0224579322677627 46.8505948354644772 19.0917968750000000
vn 1.4219343345483892 -4.7390316636634999 2.4048140417737285
v -22.5341766822677627 46.9482510854644772 19.0917968750000000
vn 3.2984387989610577 -3.5130620056009256 0.0227331531976238
v -22.2900360572677627 47.3388760854644772 17.1875000000000000
vn 1.1850970400300143 -4.4005153521881422 0.0141900027778668
v -22.5830048072677627 47.2412198354644772 17.1875000000000000
vn 1.4130648836357877 -5.0730531235858507 -2.1512361476447395
v -22.5341766822677627 46.9482510854644772 17.4804687500000000
vn 0.5232631356067529 -2.6765371781243745 -1.1921859264709698
v -23.0224579322677627 46.8505948354644772 17.4804687500000000
vn 0.3633946994607823 -1.9986708470343031 0.0000000000000000
v -23.1201141822677627 47.1435635854644772 17.1875000000000000
vn 0.5174321098081315 -2.6473820491312674 1.2013443349225350
v -23.0224579322677627 46.8505948354644772 16.8945312500000000
vn 1.4106054923694056 -5.0828684160671695 2.1513105376796169
v -22.5341766822677627 46.9482510854644772 16.8945312500000000
vn 5.2018532244136670 -1.3381034272799766 1.7406663527389326
v -28.5888641822677627 41.0888760854644772 16.7968749999999964
vn 3.1053389710228205 -0.3421271194979307 1.0659521162546832
v -28.5400360572677627 41.5771573354644772 16.7968749999999964
vn 2.2240435251813788 -4.4926511320586133 -0.0981068527723538
v -29.0283173072677627 40.8447354604644772 17.0898437499999964
vn 0.2199968002749893 -5.1808448183560953 0.3358991624887774
v -29.4189423072677627 40.7959073354644772 16.9921874999999964
vn 0.5279285413236308 -2.6205823844574105 -1.2940251177938031
v -22.9736298072677627 46.8505948354644772 15.2832031250000000
vn 1.6381801021304758 -4.7418924850511877 -2.3228522380024277
v -22.5341766822677627 46.9482510854644772 15.2832031250000000
vn -1.5658827408168026 -2.8984375931617010 -4.9115833317682362
v -33.6669951427322403 -7.0556611250000003 6.2988281249999991
vn 1.9210135458479101 -2.8542419983480110 -1.8299636906240293
v -31.8115263927322403 -7.4951142500000003 6.3476562500000000
vn 0.3653972108882831 -4.7289581840751183 -1.2835205786450381
v -32.6904326427322403 -7.8369111250000003 6.7871093750000000
vn -1.2780586651767647 -4.9620436766162781 -0.8090057145452754
v -33.6181670177322403 -7.7880830000000003 7.0800781250000000
vn -2.8404527370244503 -4.0554707149443106 -0.7215550659711244
v -34.5459013927322403 -7.3974580000000003 7.1289062500000000
vn -3.3484923030568199 -1.3825525164069585 -1.2256932254662407
v -35.4736357677322403 -6.4208955000000003 6.8359374999999991
vn 2.4925707978759259 -0.8717258978107785 -2.5503598651563277
v -31.1767607677322403 -6.0790986250000003 5.7617187499999991
vn -1.2125669910006149 -0.6857499378687312 -5.7918986235823517
v -33.3251982677322403 -5.7861298750000003 5.8105468749999991
vn 2.9371076902780100 0.3480090953055233 -3.4317754229718163
v -31.2255888927322403 -4.5165986250000003 5.8593750000000000
vn -0.7936676742126481 1.1748928302079973 -5.7874970524560911
v -32.8857451427322403 -4.2724565098838809 5.8105468750000000
vn 3.0908862691381529 0.8770153574972960 -2.4434597012660060
v -30.5419951427322403 -2.1730378697471617 6.7382812500000000
vn -0.6863036637550075 2.5666793363646931 -5.4171069564188272
v -32.6416045177322403 -1.9288972447471617 6.6406250000000000
vn -3.6126613977631910 1.6945519350016385 -3.3395201265972001
v -34.3505888927322403 -4.0771440098838809 6.3964843750000000
vn -3.3924539646345058 0.7783609650610795 -1.6499281718672223
v -35.4736357677322403 -5.4443315098838809 6.6406249999999991
vn 5.9017579234651558 -2.0304401124332618 -0.4489087297057172
v -31.0302763927322403 -4.3701142499999994 13.2324695587158203
vn 6.0117901911798013 -0.4180505494024166 0.3568794515686432
v -30.7861357677322403 -3.7353486249999994 13.3789539337158203
vn 5.8596470949275972 -1.9096204669616756 -0.5441988304645857
v -31.3232451427322403 -5.1513642499999994 13.1348133087158203
vn 4.9325722068965216 -3.4086798276250247 -0.0162786883368384
v -31.4697295177322403 -5.7373017499999994 13.1836414337158203
vn 4.3286431886832260 -0.5731049424476793 -3.4811067483106086
v -31.3232451427322403 -5.5419892499999994 13.6230468750000000
vn 4.7413829016958919 0.1917232571931148 -2.7680891936144896
v -31.0791045177322403 -4.8583954999999994 13.9648437500000000
vn 4.9244213584701164 1.8664384737002879 -1.9457542679746092
v -30.9326201427322403 -4.1748017499999994 14.4531250000000000
vn 3.7248925367943477 4.0287707688094443 -1.1517762086524155
v -31.1279326427322403 -3.6376923749999994 14.7949218750000000
vn 4.6378770583113065 2.6780958747918877 1.6771254545015621
v -30.9326201427322403 -3.0517548749999994 13.7207031250000000
vn 2.9554665348326408 2.5307889777801398 -1.2560712646937287
v -30.6884795177322403 -0.9034112523155211 7.5683593750000000
vn -3.5519543680833099 1.2440370344539629 -1.3152002101066369
v -34.7412138927322403 -1.7824128697471617 7.5195312500000000
vn -0.1733422183831902 3.6634498142755998 -4.5004434682206833
v -32.2998076427322403 -0.5616143773155211 7.3730468750000000
vn -2.2558957406213072 3.3745662949312840 -0.4710035795417754
v -33.8623076427322403 -0.4151300023155211 8.1054687500000000
vn 0.7425183942032083 4.5201827227618345 -0.6163240206744564
v -32.0556670177322403 -0.1221612523155211 7.9101562500000000
vn 1.7065080448255832 4.9548030126477869 2.5802167519335040
v -31.6162138927322403 -2.6123002598838800 13.8671875000000000
vn -2.2035009641403800 4.3255181823722983 2.6491361844132126
v -32.4951201427322403 -2.6611283848838800 13.9648437500000000
vn -1.7875357925201398 5.2213670327207105 -0.6275134910550693
v -32.2998076427322403 -3.3935502598838800 15.0390625000000000
vn 1.0780810455556353 5.2546942573333943 -0.4828272897449797
v -31.6650420177322403 -3.3935517499999994 14.9902343750000000
vn -3.1377897910484052 -4.7437913569039960 -1.8957304147358693
v -32.9834013927322403 -8.1298798749999985 15.1855468750000000
vn -2.6272936022673754 -5.3223775607840214 -0.4741275777210894
v -32.7880888927322403 -8.3740204999999985 15.7226562500000000
vn -4.4328088230234304 -4.0515903444311778 -0.1824707584816512
v -33.4716826427322403 -7.8369111249999994 15.8203125000000000
vn -4.7995033014236519 -3.5173081320910158 1.0858594155028154
v -33.5693388927322403 -7.5927704999999994 16.6992187500000000
vn -0.3831961347975740 -5.8020568336983045 -0.7931337806123399
v -32.1044951427322403 -8.5693329999999985 15.6738281250000000
vn -0.6651420438950284 -5.1168571848189091 -2.7414389625346054
v -32.2021513927322403 -8.2763642499999985 14.7949218750000000
vn -0.0299257899197975 -5.7691555028165240 1.1292718123472669
v -32.0068388927322403 -8.5205048749999985 16.7480468750000000
vn 2.9377600788123166 -4.8016571242738237 1.1486504992507043
v -31.5673857677322403 -8.4228486249999985 16.6992187500000000
vn 2.7968260362616539 -4.4628099965978754 -0.0293049494527300
v -31.3232451427322403 -8.4716767499999985 15.7714843750000000
vn -2.8714818804970079 -5.0838786963005305 1.2236459600524845
v -32.7880888927322403 -8.2763642499999985 16.8457031250000000
vn -0.0284180358568510 -5.2899763159720656 2.5966479252244103
v -32.0556670177322403 -8.1787079999999985 17.7246093750000000
vn -2.7998495863015762 -4.5588549144620085 2.6387482662822475
v -32.6904326427322403 -7.9833954999999994 17.7246093750000000
vn 0.4126145480132866 -4.7571647656876159 3.4593976458471452
v -31.8603545177322403 -7.6904267499999994 18.5058593750000000
vn -4.7780862230013854 -2.5401803927251345 2.3770265430791482
v -33.5205107677322403 -7.2509736249999994 17.5292968750000000
vn -2.4978720072208889 -3.7749281734098998 3.8399443625262810
v -32.4462920177322403 -7.4951142499999994 18.5546875000000000
vn -4.5064497006904318 -1.6730016300842814 3.5084722325008428
v -33.1787138927322403 -6.8115204999999994 18.3593750000000000
vn -0.9995270780877964 -3.8885776388653177 -4.2127152549056044
v -32.3974638927322403 -7.6415986249999994 14.0136718750000000
vn -3.6427405405129658 -3.4902329221428232 -2.9560027816038938
v -33.3740263927322403 -7.3974579999999994 14.4042968750000000
vn -5.2613144690252414 -2.3753360561767964 -1.1258107812885516
v -34.0576201427322403 -6.8603486249999994 15.1367187500000000
vn -3.3648956669293666 -1.6099791730721287 -4.3665318409132441
v -33.4228545177322403 -6.6162079999999994 13.8671875000000000
vn -0.9559301486347163 -2.0288261648342942 -5.3393478866727451
v -32.4462920177322403 -6.8603486249999994 13.5253906250000000
vn -4.8420162066206291 -0.4465901729142391 -2.5176314988553763
v -34.1064482677322403 -6.0790986249999994 14.4531250000000000
vn -3.4820149743509927 1.5878104321494182 -4.4240944760282002
v -33.5205107677322403 -5.3466767499999994 13.9648437500000000
vn 2.7625790821670040 -4.2330842527516070 -1.8454286746611572
v -31.1767607677322403 -8.1787079999999985 14.8925781250000000
vn 4.8290673030646722 -2.5559172983175436 -1.9057201538440198
v -30.4931670177322403 -7.1044892499999994 14.5996093750000000
vn 5.7376823075027419 -2.1887951955921703 -0.4172828212322205
v -30.1025420177322403 -6.3720673749999994 15.4785156250000000
vn 5.7290020110416178 -2.2095174123042902 0.1812901089678550
v -29.9560576427322403 -6.0302704999999994 16.3085937500000000
vn 4.3079728887203181 0.1783330485592625 -3.2332619955805271
v -30.1513701427322403 -5.5419892499999994 14.2578125000000000
vn 3.4148541788873654 -0.6152559920328122 -4.4564877870957496
v -30.6396513927322403 -6.1279267499999994 13.8183593750000000
vn 4.5139999751892637 1.2340146464033597 -2.1426668359403518
v -29.8095732677322403 -4.7119111249999994 14.9414062500000000
vn 5.5691981228495839 1.0335557569037610 -0.1630889699531805
v -29.6630888927322403 -4.6142548749999994 16.1132812500000000
vn 3.8386968738141434 4.3387368642475996 -0.2122590459946876
v -30.4931670177322403 -3.2470673749999994 16.2109375000000000
vn 5.7864224744201476 1.0247370668446401 0.7490815678652766
v -29.8095732677322403 -4.6142548749999994 17.5292968750000000
vn 4.3145213091325259 3.9478263384141572 0.9731929111653399
v -30.3466826427322403 -3.5888642499999994 17.6757812500000000
vn 4.1170842317859142 3.5038792321167502 2.3008421341240286
v -30.3466826427322403 -3.8330048749999990 18.2617187500000000
vn 5.5295161832530821 0.9319216863576049 1.6847762416164955
v -29.9072295177322403 -4.6142548749999994 18.0664062500000000
vn 5.6508340766180147 -2.2063184515875229 0.7062533784303138
v -29.9560576427322403 -5.8837861249999994 17.1386718750000000
vn 3.3489842485010373 -4.3966592645145166 1.7782314612725274
v -31.4697295177322403 -8.0810517499999985 17.5292968750000000
vn 5.5899881932696776 -2.0781868045477951 1.2291779368623819
v -30.0048857677322403 -5.7373017499999994 17.7734375000000000
vn 5.5274523697695299 -1.7145956747579274 1.8867138092705731
v -30.1025420177322403 -5.5908173749999994 18.3105468750000000
vn 5.0247459527979181 1.1721433114513182 3.0275045247610128
v -30.1513701427322403 -4.5654267499999994 18.5546875000000000
vn 5.1230968114414255 -0.8857517599692371 2.9529301908315784
v -30.2978545177322403 -5.4931611249999994 18.8476562500000000
vn -5.8479699270475116 -1.1537081474087161 0.3680800747440399
v -34.2529326427322403 -6.3232392499999994 15.9667968750000000
vn -5.5157875667748515 1.1603005303121996 -1.2330536681484550
v -34.2529326427322403 -5.1513642499999994 15.2343750000000000
vn -4.7025820371045599 2.5948265284495657 0.2125678585401225
v -34.1064482677322403 -4.3212846348838800 15.9667968750000000
vn -5.5935761186489295 0.0184234384146538 1.8798967789063190
v -34.1552763927322403 -5.7861298749999994 16.8457031250000000
vn -5.2302837175972732 0.7571225668393142 3.0277813349249261
v -33.6669951427322403 -5.4443329999999994 17.7246093750000000
vn -3.9497005528248561 -2.2519703840717606 -2.7030055558316235
v -32.9345732677322403 -5.7861298749999994 13.5742187500000000
vn -4.3176199920765654 0.2763712785271934 -2.1936452514518816
v -33.0810576427322403 -5.4931611249999994 13.7207031250000000
vn -4.0558644962164738 1.1375656460320889 -1.4853925663384298
v -33.0322295177322403 -5.1513642499999994 13.8671875000000000
vn -4.4036232434374556 1.7375644224694153 -1.6365225117732298
v -32.9834013927322403 -4.4189408848838800 14.2578125000000000
vn -3.7703036947062998 2.7787666646934785 -3.5457181203583374
v -33.5693388927322403 -4.5654252598838800 14.4531250000000000
vn -4.0594280558545899 3.5156466528373325 -1.0202775203744716
v -32.8857451427322403 -3.8818315098838800 14.6484375000000000
vn -3.4239868546285521 3.9530234324877802 -2.6158666877594579
v -33.3740263927322403 -3.9306596348838800 14.8925781250000000
vn -1.9430490914458165 4.9795828742764749 -1.1329201277031453
v -32.4462920177322403 -2.9540971348838800 15.7226562500000000
vn 0.7079037482444177 5.3133912293402243 -1.9484407753913970
v -31.4697295177322403 -2.9052690098838800 15.6250000000000000
vn -3.5295278007035060 -4.6939372035239124 1.6697232793484189
v -32.9345732677322403 -5.8349579999999994 13.3789539337158203
vn -5.3634768462970630 -1.5064519945829555 2.1033202446732187
v -33.2275420177322403 -5.4443329999999994 13.3789539337158203
vn -5.9581371262973830 0.1096255826889417 1.9808716269393294
v -33.2275420177322403 -5.0048798749999994 13.3301258087158203
vn -6.0871013830661127 0.1764579370313927 1.4971808269168876
v -33.1298857677322403 -4.1259721348838800 13.5253906250000000
vn -5.3047913075436259 1.7579272604742218 2.0383634843750804
v -33.0810576427322403 -3.3447221348838800 13.7695312500000000
vn -1.3768850455003789 -3.6868662343427729 -3.3208859221886247
v -32.4462920177322403 -6.0302704999999994 13.4277343750000000
vn -0.9984075572276996 -6.0636948436986362 0.9041459553844349
v -32.4462920177322403 -6.0302704999999994 13.3301258087158203
vn 0.8395759540655205 -3.4450307273245215 -3.4009756111662548
v -31.9580107677322403 -6.0302704999999994 13.4277343750000000
vn 1.9138471290075225 -5.7678473227485698 0.8116041454837031
v -31.9091826427322403 -6.0302704999999994 13.2324695587158203
vn 1.7915087044620155 -1.5565845713217630 -5.1646537542258573
v -31.3720732677322403 -6.6650361249999994 13.5253906250000000
vn 3.2918441161391145 -2.4902212020798631 -3.2638224430135980
v -31.5673857677322403 -5.8349579999999994 13.4765625000000000
vn 2.2986457165227954 -3.2392947141125710 -3.9782376729070119
v -31.2255888927322403 -7.5439423749999994 14.0625000000000000
vn -1.9925458019167470 5.3903007095018953 1.0938828830632388
v -32.2509795177322403 -2.9540971348838800 16.6503906250000000
vn -4.4816711269306779 3.3148679966476804 2.1003063562619442
v -33.4716826427322403 -4.0771440098838800 17.1386718750000000
vn -1.9182494866987616 5.0050807836660596 2.4198996954187524
v -32.0068388927322403 -3.2958940098838800 17.9687500000000000
vn -4.0055983229217915 3.2239212535334985 3.0358116531988055
v -32.8857451427322403 -4.0283158848838800 18.0664062500000000
vn -1.6534769435470587 4.4687775048020946 3.7585946034734974
v -31.8603545177322403 -3.5888642499999990 18.4570312500000000
vn -4.6824501969101657 1.0844002190885322 3.8064828098974002
v -33.1298857677322403 -5.2978486249999994 18.4570312500000000
vn -3.9277312608430934 -0.9858856712679356 4.4274153829470606
v -32.7880888927322403 -6.4208954999999994 18.8964843750000000
vn -3.5458290745144265 1.3032209308611984 4.7324596275614672
v -32.5927763927322403 -5.2490204999999994 18.9941406250000000
vn -2.3146820035434619 0.2448354391913643 5.3170170834853545
v -32.2998076427322403 -6.0302704999999994 19.2871093750000000
vn -3.2574160610788492 3.1661779250757860 3.9827793893456773
v -32.4462920177322403 -4.0283158848838800 18.5058593750000000
vn -1.8937618339763658 1.3102547798281179 5.5063289529973938
v -31.8603545177322403 -5.2001923749999994 19.3847656250000000
vn -1.6286717533875377 3.2314931063393724 4.7866661044352456
v -31.8115263927322403 -3.9794892499999990 18.8476562500000000
vn 1.1071801916883603 4.6041877501337183 3.4015319664661252
v -31.0791045177322403 -3.4912079999999990 18.4570312500000000
vn 0.6890794291070945 3.2561109879626429 4.8029211061626320
v -31.1279326427322403 -3.9794892499999990 18.9453125000000000
vn 1.1071378481052236 5.7564327511805722 0.3405031134371248
v -31.3232451427322403 -2.8564408848838800 16.4062500000000000
vn 2.8318746015286602 4.2807421215752468 -2.3460577468758839
v -30.7373076427322403 -3.2470673749999994 15.4296875000000000
vn 1.3301948761889644 5.2822760338989045 1.6955283373968559
v -31.0791045177322403 -3.1494111249999994 17.8222656250000000
vn 3.5202549922598436 -4.2353926518994580 2.2907324882397093
v -31.3720732677322403 -7.5927704999999994 18.3105468750000000
vn 3.8064688704232275 -3.4663792420705231 2.4659395234819921
v -31.0791045177322403 -7.0556611249999994 18.8476562500000000
vn 0.9209940445345615 -3.6644057386723898 4.2649577629717932
v -31.5673857677322403 -7.1533173749999994 19.0917968750000000
vn -1.9539748694390395 -2.6566546661611845 4.8876575020895263
v -32.1044951427322403 -6.9580048749999994 19.1406250000000000
vn 4.3833011629070828 -2.3039880589593231 2.5181990025760346
v -30.7373076427322403 -6.3720673749999994 19.0917968750000000
vn 1.7707794178661209 -1.9434912414643755 4.9028476473155562
v -31.2255888927322403 -6.4697236249999994 19.4335937500000000
vn 3.3344222780154888 0.2904793226491385 4.6641946920506205
v -30.6396513927322403 -5.3466767499999994 19.2871093750000000
vn 3.4229735944407302 2.3877028216187850 3.8988138500081191
v -30.4443388927322403 -4.2236298749999994 18.7988281250000000
vn 0.6103563202456472 1.1779459903713494 5.6428741325967540
v -31.2255888927322403 -5.2001923749999994 19.4824218750000000
vn -0.9413295551607384 -1.1583928475676712 5.5667003486285180
v -31.7138701427322403 -6.3720673749999994 19.4824218750000000
vn -3.3375352707583863 2.1095943061070099 2.2895705026819044
v 3.6376979452032088 16.7236342598838803 20.2636718750000000
vn -3.3285972391968284 2.7049470244498757 1.5394555120326980
v 3.6376979452032088 16.1376967598838803 20.9960937500000000
vn -6.2831853071795170 0.0000008503666111 0.0000000222282891
v 3.6376983177322386 18.5791030098838803 22.3144531250000000
vn -3.4041945229839596 3.0359298771535572 0.6697539974539943
v 3.6376979452032088 15.8447280098838803 21.7773437500000000
vn -3.2400590336210482 1.2048626571301373 2.8663720925976159
v 3.6376979452032088 17.4560561348838803 19.7753906250000000
vn -3.3008504765452309 3.0998097361401928 -0.3286822989446607
v 3.6376979452032088 15.7958998848838803 22.5585937500000000
vn -3.4019145653232816 0.2762372363227618 3.0986324618779069
v 3.6376983177322386 18.3349623848838803 19.5800781250000000
vn -3.3174096490709903 2.9048486419568360 -1.1390805063891611
v 3.6376979452032088 15.9912123848838803 23.3398437500000000
vn -3.4383893938644867 -0.6079749456552976 3.0489398111274806
v 3.6376983177322386 19.1650419999999997 19.6289062500000000
vn -3.5054079844906303 2.5870397171195627 -1.7256005991577958
v 3.6376979452032088 16.2353530098838803 23.7792968750000000
vn -3.3885904320766564 -1.4963813950260274 2.7246089977524415
v 3.6376983177322386 19.9951201249999997 19.9218750000000000
vn -3.4467234339276125 2.0419911356867977 -2.3408542798462753
v 3.6376979452032088 16.7724623848838803 24.4140625000000000
vn -3.3161033851132111 -2.2933346498122518 2.1004068390589037
v 3.6376983177322386 20.6298857499999997 20.4101562500000000
vn -3.2915570854989933 1.1809889191727514 -2.8802222614193944
v 3.6376979452032088 17.4560561348838803 24.8535156250000000
vn -3.4523980555201401 -2.8117445821411109 1.3185920592268419
v 3.6376986902612685 21.0693388749999997 21.0937500000000000
vn -3.4420607499495142 0.3919887346227847 -3.0887873656059934
v 3.6376983177322386 18.2861342598838803 25.0488281250000000
vn -3.4458078772602438 -3.0787196729283490 0.4272335308612598
v 3.6376986902612685 21.3134794999999997 21.9238281250000000
vn -3.4531417890854335 -0.3792823830176559 -3.0900058433906894
v 3.6376983177322386 18.9209013749999997 25.0488281250000000
vn -3.3037119197618257 -3.0399943435008452 -0.6153968842209903
v 3.6376986902612685 21.3134794999999997 22.8515625000000000
vn -3.4282245412253110 -1.0377191003665529 -2.9345367230893009
v 3.6376983177322386 19.5556669999999997 24.9023437500000000
vn -3.4549638533241946 -2.6799044453634888 -1.5663537713519111
v 3.6376986902612685 20.9716826249999997 23.6816406250000000
vn -3.3669903136290120 -1.9587948221366862 -2.4042205375663639
v 3.6376983177322386 20.2880888749999997 24.5117187500000000
vn -3.8319031479089469 1.4598443971501496 1.6273911011638129
v 2.5634791952032088 16.6259780098838803 20.1171875000000000
vn -3.8371439799311382 1.8934167957415819 1.1042442858502080
v 2.5634791952032088 15.9912123848838803 20.8984375000000000
vn -3.7892894111106856 0.8558737529697553 2.0305515489896928
v 2.5634793814677237 17.4072280098838803 19.6289062500000000
vn -3.9314611442210134 2.0889255748368623 0.4522204964522286
v 2.5634790089386938 15.6494155098838803 21.7285156250000000
vn -3.6893837240586982 2.2343132826306116 -0.2649085257934655
v 2.5634790089386938 15.6494155098838803 22.5585937500000000
vn -3.6958695472798597 2.1518383267529559 -0.7372695185704516
v 2.5634790089386938 15.8447280098838803 23.3886718750000000
vn -2.7779291022221035 -3.2731421401247829 -1.9256780875091182
v 2.7587915089386938 15.3076186348838803 20.5078125000000000
vn -2.7261644228965958 -2.4995074863152178 -2.8176925227081040
v 2.7587916952032088 16.0888686348838803 19.5312500000000000
vn -2.6818120831447132 -3.6713635810693739 -0.7213228684346542
v 2.7587915089386938 14.8681655098838803 21.5820312500000000
vn -2.7658761892697896 -1.4917953011145111 -3.4856906947713320
v 2.7587916952032088 17.1142592598838803 18.8964843750000000
vn -2.8277717164589915 -3.7960968537956941 0.4455950554539682
v 2.7587915089386938 14.8681655098838803 22.6562500000000000
vn -2.7660601488802135 -0.3993224309787652 -3.7716554578195760
v 2.7587918814677237 18.2373061348838803 18.6035156250000000
vn -3.9094389562368739 0.2339787614778311 2.1416593015668020
v 2.5634793814677237 18.2861342598838803 19.3847656250000000
vn -2.8288887786883263 -3.6069884027588706 1.3021077271341377
v 2.7587915089386938 15.1123061348838803 23.6816406250000000
vn -3.8813650850818688 -0.4301181226944752 2.1459167453616796
v 2.5634795677322386 19.2138701249999997 19.4335937500000000
vn -3.9471174988631565 1.8254664864462016 -1.0747123284247118
v 2.5634791952032088 16.0400405098838803 23.8769531250000000
vn -2.7607593787363087 0.7355302505739194 -3.7130079084342258
v 2.7587920677322386 19.3603544999999997 18.6523437500000000
vn -2.8278463271404810 -3.2344902487001121 2.1048560150482807
v 2.7587915089386938 15.4052748848838803 24.2675781250000000
vn -3.8943027131377854 -1.0288297886832021 1.9044951440265350
v 2.5634795677322386 20.0439482499999997 19.7265625000000000
vn -3.8994743940052894 1.3766381157902039 -1.6052459853665426
v 2.5634791952032088 16.6259780098838803 24.5605468750000000
vn -2.7461787412011098 1.8423960065259868 -3.3038800492495772
v 2.7587922539967535 20.4345732499999997 19.0429687500000000
vn -2.7432839775072053 -2.5095167463923307 2.8526971173198374
v 2.7587916952032088 16.0888686348838803 25.0976562500000000
vn -2.7521055676217605 2.7790050965110105 -2.5627243009261607
v 2.7587922539967535 21.3623076249999997 19.7753906250000000
vn -3.7377565203061671 0.8127388091274697 -2.0713071330835549
v 2.5634793814677237 17.4072280098838803 25.0000000000000000
vn -3.8298048666889861 -1.6174207710505426 1.4911817802639198
v 2.5634797539967535 20.7763701249999997 20.3125000000000000
vn -2.7948802468446265 -1.5899602409628373 3.4614752417487420
v 2.7587916952032088 17.0166030098838803 25.6835937500000000
vn -2.7686275579826147 3.4411177422673553 -1.6343089503625672
v 2.7587924402612685 21.9482451249999997 20.6542968750000000
vn -2.7694706601597585 -0.5563343378264819 3.7520711852086346
v 2.7587918814677237 18.1396498848838803 26.0253906250000000
vn -3.9633538469024083 -1.9066578841817985 0.9156766037142301
v 2.5634797539967535 21.2646513749999997 20.9960937500000000
vn -3.8480415695833092 0.2954877074403164 -2.1845983323008316
v 2.5634793814677237 18.2861342598838803 25.2441406250000000
vn -2.7300987484575625 3.7490481382212346 -0.4773607944639161
v 2.7587924402612685 22.2900419999999997 21.7773437500000000
vn -2.7676460023485649 0.5518422445972690 3.7609351256000902
v 2.7587920677322386 19.0185576249999997 26.0253906250000000
vn -3.8613353047509182 -2.1626173156582791 0.3111500315926753
v 2.5634799402612685 21.5087919999999997 21.8750000000000000
vn -3.8350708558322593 -0.2772720029141517 -2.1888523018710009
v 2.5634795677322386 18.9209013749999997 25.2441406250000000
vn -2.7755871844866840 3.7670573738365256 0.6825603448063398
v 2.7587924402612685 22.2412138749999997 22.9980468750000000
vn -3.8731469691547478 -0.8797774014260188 -1.9632322500700474
v 2.5634795677322386 19.8486357499999997 25.0000000000000000
vn -3.9270928078773371 -2.0665451029262640 -0.3946487641200727
v 2.5634799402612685 21.5087919999999997 22.8515625000000000
vn -2.8435660913892491 1.5047979365949025 3.5670680783210824
v 2.7587922539967535 20.1416044999999997 25.6835937500000000
vn -2.7440294155098686 3.3440436893267993 1.7660812405411235
v 2.7587924402612685 21.8505888749999997 24.1699218750000000
vn -2.6502456852851246 2.4397540502714534 2.7928020147298760
v 2.7587922539967535 21.1181669999999997 25.1464843750000000
vn -3.9544407852337371 -1.8717037069291418 -1.0536707465677377
v 2.5634797539967535 21.1669951249999997 23.7792968750000000
vn -3.8956545667987994 -1.5149282106911810 -1.6055014630336311
v 2.5634797539967535 20.5810576249999997 24.5117187500000000
vn 6.2831853071792150 -0.0000013627455695 0.0000000290214916
v 19.0185606729644761 18.5791000296516415 22.3144531250000000
vn 3.3582141086835451 2.6961919555324201 1.5537254806286604
v 19.0185591828483567 16.1376937796516415 20.9960937500000000
vn 3.3225216399970683 2.0900473511678150 2.3075021533570936
v 19.0185606729644761 16.7236312796516415 20.2636718750000000
vn 3.3824619884790352 3.0497331422975451 0.6075387652472082
v 19.0185591828483567 15.8447250296516415 21.7773437500000000
vn 3.2558088934913694 1.2582180189335350 2.8437039845479504
v 19.0185606729644761 17.4560531546516415 19.7753906250000000
vn 3.2676916009903580 3.1049158367671899 -0.2785569911014785
v 19.0185591828483567 15.7958969046516415 22.5585937500000000
vn 3.4435716828713483 0.2443682516546340 3.0996729510574657
v 19.0185606729644761 18.3349594046516415 19.5800781250000000
vn 3.3966553278027689 2.9185578615062147 -1.0925567598788324
v 19.0185591828483567 15.9912094046516415 23.3398437500000000
vn 3.4430392267321612 -0.6122841044123425 3.0478380595213279
v 19.0185606729644761 19.1650390197677609 19.6289062500000000
vn 3.5660450325577604 2.5477687564329328 -1.7727051058714502
v 19.0185591828483567 16.2353500296516415 23.7792968750000000
vn 3.3731501027212856 -1.5089737528055855 2.7181445940747393
v 19.0185606729644761 19.9951171447677609 19.9218750000000000
vn 3.3977966422054804 2.0150935283961009 -2.3665678655100182
v 19.0185606729644761 16.7724594046516415 24.4140625000000000
vn 3.3346996871167032 -2.2617425764832095 2.1340700070426246
v 19.0185606729644761 20.6298827697677609 20.4101562500000000
vn 3.2764162705740558 1.2450975128863406 -2.8532279756799381
v 19.0185606729644761 17.4560531546516415 24.8535156250000000
vn 3.4755617867276691 -2.8286526466648141 1.2788227469711038
v 19.0185606729644761 21.0693358947677609 21.0937500000000000
vn 3.4723898768843586 0.3635115663220194 -3.0903833976975417
v 19.0185606729644761 18.2861312796516415 25.0488281250000000
vn 3.4350362127415766 -3.0777846580585071 0.4377513868862024
v 19.0185606729644761 21.3134765197677609 21.9238281250000000
vn 3.4520227944702406 -0.3829207320248739 -3.0893323349378288
v 19.0185606729644761 18.9208983947677609 25.0488281250000000
vn 3.3344498428093097 -3.0456228127975691 -0.5870982566720235
v 19.0185606729644761 21.3134765197677609 22.8515625000000000
vn 3.2769256538445863 -1.2524893846245737 -2.8406616618077862
v 19.0185606729644761 19.7509765197677609 24.8535156250000000
vn 3.4891649185751468 -2.6761061500208809 -1.5733394515926209
v 19.0185606729644761 20.9716796447677609 23.6816406250000000
vn 3.4560149309638946 -2.1452354536395983 -2.2474303389455574
v 19.0185606729644761 20.4345702697677609 24.3652343750000000
vn 3.8111623135321917 1.8929965328792551 1.1206427301933901
v 20.0927779328483567 15.9912094046516415 20.8984375000000000
vn 3.8473789352350725 1.4387990310408387 1.6396787112465598
v 20.0927779328483567 16.6259750296516415 20.1171875000000000
vn 3.7722407451176854 0.9065723262176270 2.0139478785080573
v 20.0927794229644761 17.4072250296516415 19.6289062500000000
vn 3.9491832923949692 2.0936804808957552 0.3975373589277276
v 20.0927779328483567 15.6494125296516415 21.7285156250000000
vn 3.7220052663701928 2.2310558809340000 -0.2183123713148818
v 20.0927779328483567 15.6494125296516415 22.5585937500000000
vn 3.6228005454900867 2.1810504160653656 -0.7002665837655189
v 20.0927779328483567 15.8447250296516415 23.3886718750000000
vn 3.8883521306253472 1.8127599822444536 -1.1308840787483534
v 20.0927779328483567 16.0400375296516415 23.8769531250000000
vn 2.6818110312388423 -3.6713634591929694 -0.7213228185761260
v 19.8974654328483567 14.8681625296516415 21.5820312500000000
vn 2.8277706387358901 -3.7960967754335595 0.4455950367963166
v 19.8974654328483567 14.8681625296516415 22.6562500000000000
vn 2.7779280563964832 -3.2731426376645305 -1.9256780670673135
v 19.8974654328483567 15.3076156546516415 20.5078125000000000
vn 2.8288877084125028 -3.6069886024162470 1.3021075869901897
v 19.8974654328483567 15.1123031546516415 23.6816406250000000
vn 2.7261634360954505 -2.4995099451289562 -2.8176920963814718
v 19.8974654328483567 16.0888656546516415 19.5312500000000000
vn 2.8278452495825359 -3.2344908597567295 2.1048562359026537
v 19.8974654328483567 15.4052719046516415 24.2675781250000000
vn 3.9402158428004475 1.3441181889192981 -1.6140353027840251
v 20.0927779328483567 16.6259750296516415 24.5605468750000000
vn 2.7658758151481133 -1.4917968270356070 -3.4856896163112707
v 19.8974669229644761 17.1142562796516415 18.8964843750000000
vn 2.7432830031508417 -2.5095192564508588 2.8526965766693588
v 19.8974654328483567 16.0888656546516415 25.0976562500000000
vn 2.7660600015446439 -0.3993228793390813 -3.7716555560701277
v 19.8974669229644761 18.2373031546516415 18.6035156250000000
vn 3.7486605960433179 0.8680646137443082 -2.0451198757009399
v 20.0927794229644761 17.4072250296516415 25.0000000000000000
vn 3.8689694651324329 0.2052375801349622 2.1580662896707570
v 20.0927794229644761 18.2861312796516415 19.3847656250000000
vn 2.7948799222042906 -1.5899618599081804 3.4614736945281281
v 19.8974669229644761 17.0166000296516415 25.6835937500000000
vn 3.8774137234582975 -0.4340228101615775 2.1464314488725402
v 20.0927794229644761 19.2138671447677609 19.4335937500000000
vn 2.7694704697081032 -0.5563348125675226 3.7520712526899906
v 19.8974669229644761 18.1396469046516415 26.0253906250000000
vn 2.7607596142444799 0.7355298268513696 -3.7130078918823259
v 19.8974669229644761 19.3603515197677609 18.6523437500000000
vn 3.8225748552963719 0.2721206719252993 -2.1953919400890056
v 20.0927794229644761 18.2861312796516415 25.2441406250000000
vn 3.9055525157497937 -1.0365585067512479 1.8959397657392536
v 20.0927794229644761 20.0439452697677609 19.7265625000000000
vn 2.7676462086616906 0.5518417166566150 3.7609349914447145
v 19.8974669229644761 19.0185546447677609 26.0253906250000000
vn 2.7461794347113897 1.8423954002159406 -3.3038795706507686
v 19.8974669229644761 20.4345702697677609 19.0429687500000000
vn 3.8350707523326411 -0.2772725392477643 -2.1888519727343780
v 20.0927794229644761 18.9208983947677609 25.2441406250000000
vn 2.7521063578633536 2.7790048892169716 -2.5627246816511522
v 19.8974669229644761 21.3623046447677609 19.7753906250000000
vn 3.8568678083127028 -0.8872800692428757 -1.9619842986513780
v 20.0927794229644761 19.8486327697677609 25.0000000000000000
vn 3.8084545638636538 -1.5940370991567696 1.5255101996398299
v 20.0927794229644761 20.7763671447677609 20.3125000000000000
vn 2.8435667115618659 1.5047973750044821 3.5670674589909241
v 19.8974669229644761 20.1416015197677609 25.6835937500000000
vn 2.7686286890924965 3.4411171452541196 -1.6343088383242226
v 19.8974669229644761 21.9482421447677609 20.6542968750000000
vn 2.6502463910835909 2.4397538024906029 2.7928023480527195
v 19.8974669229644761 21.1181640197677609 25.1464843750000000
vn 3.9419920080161157 -1.9296916350867876 0.8846106665556406
v 20.0927794229644761 21.2646483947677609 20.9960937500000000
vn 3.9077477287551399 -1.5000137902762267 -1.6145541510551147
v 20.0927794229644761 20.5810546447677609 24.5117187500000000
vn 2.7300998475542912 3.7490480909821011 -0.4773609329355635
v 19.8974669229644761 22.2900390197677609 21.7773437500000000
vn 2.7440304869220546 3.3440431908031281 1.7660812726526536
v 19.8974669229644761 21.8505858947677609 24.1699218750000000
vn 3.8716459139761263 -2.1580594495214962 0.3201565156927174
v 20.0927794229644761 21.5087890197677609 21.8750000000000000
vn 3.9290551714314330 -1.8675582176941794 -1.0788663169389332
v 20.0927794229644761 21.1669921447677609 23.7792968750000000
vn 2.7755882485951502 3.7670574642811898 0.6825603790286446
v 19.8974669229644761 22.2412108947677609 22.9980468750000000
vn 3.9032209195558667 -2.0791047605167612 -0.3731731357787989
v 20.0927794229644761 21.5087890197677609 22.8515625000000000
vn -0.2841674885953101 -4.2798132747572755 -1.4117317132527121
v 32.3486358177322373 -7.8369200656967157 8.3492279052734375
vn -1.6207663952230247 -2.3816368867567053 -1.7935306501049955
v 31.4209014427322373 -7.4951231906967157 7.9586029052734375
vn 1.5752602110961031 -2.0241350653093493 -5.4123191934407888
v 33.2275420677322373 -7.0556700656967157 8.0562591552734375
vn 1.2325976878965590 -4.4467336765584440 -1.2053976760546612
v 33.2763701927322373 -7.7880919406967157 8.5933685302734375
vn 2.7612594825201540 -3.5012359374108186 -0.9990603737591683
v 34.2041045677322373 -7.3974669406967157 8.7398529052734375
vn 3.4052652778066292 -1.1007008464842540 -1.4224375383009917
v 34.9853545677322373 -6.3720763156967157 8.5933685302734375
vn 3.3445584294252959 1.0659833977855135 -1.7457741475027277
v 34.9365264427322373 -5.4443419406967157 8.4957122802734375
vn 1.0925916930464596 -0.0534444104473174 -5.9729123242585294
v 32.7880889427322373 -5.7861388156967157 7.7632904052734366
vn 3.4679474991208172 1.6551089861990766 -3.4191614548359919
v 33.7646514427322373 -4.0771529505805963 8.3492279052734375
vn -2.4762738424747521 -0.7150004588902914 -2.3363146021493728
v 30.6884795677322373 -6.0791060755805963 7.6656341552734366
vn 0.6430916344869917 1.3199038857925174 -5.9961826156699303
v 32.2509795677322373 -4.2724654505805963 7.9097747802734375
vn 3.3670237041425102 1.1503246516358145 -1.4920608172016010
v 34.1552764427322373 -1.7822310755805966 9.1793060302734375
vn -3.1170796128320863 0.3285633985288725 -3.2188154062358763
v 30.6884795677322373 -4.5654342005805963 7.9097747802734375
vn 0.4193962330756817 1.9647587095155925 -5.7941097710836065
v 32.0068389427322373 -1.9287154505805968 8.5445404052734375
vn -3.3912723948668182 0.4740897846724714 -2.3038119887014892
v 29.9560576927322373 -2.2705123255805968 8.7398529052734375
vn -0.1013932966320776 3.0406045463724709 -5.0669511241428040
v 31.6650420677322373 -0.6103560755805967 9.0328216552734375
vn -4.7076809056413289 -3.8105682204723967 0.1979805244562956
v 31.5673858177322373 -5.7373092005805963 14.1113281250000000
vn -5.6683348368060278 -2.4042775109376198 -0.0099777318918464
v 31.3720733177322373 -5.2001998255805963 14.1601562500000000
vn -4.3408955108950451 -0.4878824674006278 -3.3673562951649263
v 31.4209014427322373 -5.5908248255805963 14.5996093750000000
vn -4.4836542981866856 0.0958934751693750 -2.7970867395401076
v 31.1279326927322373 -4.9560592005805963 15.0390625000000000
vn -5.6961843110697838 -2.5820484794932757 -0.0536414520133241
v 30.9814483177322373 -4.4189498255805963 14.3066406250000000
vn -5.9655214611722638 -0.9943397458981494 0.6584722094192570
v 30.6884795677322373 -3.7841842005805963 14.5019531250000000
vn -5.0151386222309720 1.3323199885513914 -1.7114558528258152
v 30.9326201927322373 -4.2724654505805963 15.5273437500000000
vn -4.7630206704434057 2.2244674920644458 1.9942593250731078
v 30.7861358177322373 -3.1494185755805963 14.8925781250000000
vn -3.6262817427190832 4.0405349509534760 -1.0708910766890281
v 31.0791045677322373 -3.7353560755805963 15.9667968750000000
vn -2.9539288923288929 2.3101890294697864 -1.0682483771835327
v 30.1025420677322373 -0.9521529505805967 9.3257904052734375
vn -0.7836333452964898 4.1320026166983066 -0.8872481405501792
v 31.4697295677322373 -0.1709029505805967 9.4234466552734375
vn -1.8106292442266381 4.7381099678417362 2.8473225356075722
v 31.4209014427322373 -2.6611373255805963 14.9902343750000000
vn -1.3301741937470126 5.2947965533067274 -0.1486585069277464
v 31.5673858177322373 -3.4912154505805963 16.1132812500000000
vn 1.9208734464723050 3.0452563476444090 -0.8660006143583892
v 33.2763701927322373 -0.4150435755805966 9.5211029052734375
vn 2.0340321286627581 4.4952705911426110 2.7638126760162263
v 32.2998076927322373 -2.7099654505805963 15.0878906250000000
vn -2.2966000276243710 -3.1754566308399825 -3.8817482542736705
v 31.4697295677322373 -7.5927794406967157 14.8437500000000000
vn -2.6571951757363284 -4.3341450141504820 -1.9855923471265489
v 31.4697295677322373 -8.2275450656967148 15.6738281250000000
vn -4.7903684935824291 -2.8230464477422927 -1.9630981811415331
v 30.7373076927322373 -7.2021544406967157 15.4785156250000000
vn -1.8789417142593332 -1.2101260306708124 -5.1048280240483326
v 31.5673858177322373 -6.7138731906967157 14.3554687500000000
vn -3.5116551748382103 -0.5909648158136928 -4.3481034324363597
v 30.7861358177322373 -6.2255904505805963 14.7460937500000000
vn -4.2328765925306282 0.1735327650151713 -3.1917673923213830
v 30.2490264427322373 -5.6396529505805963 15.2343750000000000
vn 1.1714808169740936 -3.6196372376699366 -4.1646985823411988
v 32.6904326927322373 -7.6416075656967157 14.7460937500000000
vn 0.8773889408464830 -4.9753503555762357 -2.8924737056486949
v 32.4951201927322373 -8.2763731906967148 15.5273437500000000
vn 1.0721233920640723 -1.3448178498198178 -5.3933194785803149
v 32.6904326927322373 -6.8115294406967157 14.3066406250000000
vn 3.4719214814325072 -0.9403947651889957 -4.4239373893434619
v 33.6181670677322373 -6.5673888156967157 14.6972656250000000
vn 3.8886156261211946 -3.2212902380928621 -2.9760174349917632
v 33.6181670677322373 -7.3486388156967157 15.1855468750000000
vn 4.8411607944041934 0.2154842879018605 -2.6678802566426176
v 34.2529326927322373 -5.9814513156967157 15.3320312500000000
vn 3.5393580103930122 -4.5325323888610463 -1.9173023124817199
v 33.2763701927322373 -8.0810606906967148 15.9667968750000000
vn 4.7318172820661006 -3.7249990906747570 -0.0677165778724637
v 33.7158233177322373 -7.7880919406967157 16.6015625000000000
vn 5.3461804074002419 -1.9282235135924652 -0.9344922681702299
v 34.3017608177322373 -6.7627013156967157 15.9667968750000000
vn 3.0088239495126285 -5.0826191820513245 -0.4211197189548658
v 33.0810576927322373 -8.3740294406967148 16.5039062500000000
vn 0.6606847910823817 -5.6851235020815825 -0.8675615726408186
v 32.3974639427322373 -8.6181700656967148 16.4062500000000000
vn -0.8485499678754826 -3.1654660435484745 -3.5676400308857281
v 32.1044951927322373 -6.0302794406967157 14.3066406250000000
vn -2.9813265494564170 -1.8253343426923565 -3.9158375387325308
v 31.6650420677322373 -5.8837935755805963 14.4531250000000000
vn 1.7136817641071647 -2.8035758747614365 -3.4605279188239999
v 32.5927764427322373 -5.9814513156967157 14.3554687500000000
vn 3.9178986287279614 -1.7161199712251296 -2.7505850786312656
v 33.0322295677322373 -5.7373106906967157 14.5019531250000000
vn -5.5384810095958770 -2.5082034051837248 -0.5359444804659497
v 30.2490264427322373 -6.5185592005805963 16.4062500000000000
vn -4.6012831704372239 1.0727420768622444 -1.7537742858527472
v 29.8584014427322373 -4.8584029505805963 16.0156250000000000
vn -2.7950233323954397 -4.6208390841530411 -0.1540558953790456
v 31.6162139427322373 -8.5205138156967148 16.5039062500000000
vn -2.5325849537482439 -5.0269380301558684 0.9108177979932672
v 31.8603545677322373 -8.5205138156967148 17.4804687500000000
vn -5.2977038332241353 -2.0013471893114190 0.5555123631149675
v 30.0048858177322373 -6.2255904505805963 17.5781250000000000
vn -2.9499222944713441 -4.7230475894381048 1.5842128071812174
v 31.7138701927322373 -8.1787169406967148 18.4082031250000000
vn -5.8691612984568229 0.7053582236121329 0.3465290658106933
v 29.8584014427322373 -4.8584029505805963 17.5781250000000000
vn -4.3025765693103173 3.9723007219631699 0.0301842442500383
v 30.4931670677322373 -3.4423873255805963 17.3339843750000000
vn -3.1314332109231757 4.2280931960456671 -2.0605055814831155
v 30.6884795677322373 -3.3935592005805963 16.6015625000000000
vn -4.4673897352171021 3.5486896269845758 1.3833261537153230
v 30.4443389427322373 -3.7841842005805959 18.7500000000000000
vn -5.5891696939817619 -2.1829848848977922 1.4651431487123352
v 30.1513701927322373 -6.0791060755805963 18.1152343750000000
vn -3.3051422552961145 -4.4594224711590336 2.0058119199671154
v 31.5673858177322373 -7.7392638156967157 19.2382812500000000
vn -5.8845326527923927 0.6085222948190254 1.1542998330991276
v 30.0048858177322373 -4.8584029505805963 18.5546875000000000
vn -4.4250416239461154 2.8937729546029889 2.5947703872169905
v 30.4931670677322373 -4.0771529505805963 19.3359375000000000
vn -5.7554934775386446 0.7200468657108726 1.8728138379262560
v 30.1513701927322373 -4.8584029505805963 19.0917968750000000
vn -5.5938526340198385 -2.0849895858711323 1.1216079783434105
v 30.2001983177322373 -5.9326217005805963 18.7988281250000000
vn -2.9702759259080844 -3.8808379180280692 2.6476068270638216
v 31.3720733177322373 -7.3974669406967157 19.6289062500000000
vn -5.5242573408461455 -1.6812721008995688 1.7827714910491568
v 30.2978545677322373 -5.8349654505805963 19.3359375000000000
vn -5.1187499119348869 1.3811487596915508 2.6012772441013863
v 30.3466826927322373 -4.8095748255805963 19.5800781250000000
vn -3.2216547059456415 -3.5194321546453198 2.5971671490541670
v 31.1279326927322373 -7.0068419406967157 19.9218750000000000
vn -5.1362063346217433 -0.8934183781941669 3.0197709537729729
v 30.4931670677322373 -5.6884810755805963 19.8730468750000000
vn -4.7064920376257025 -2.3854594514172240 2.5416282206141174
v 30.9326201927322373 -6.5673888156967157 20.0683593750000000
vn -3.6344985545316888 -0.0035036004954011 4.5939877629033781
v 30.8349639427322373 -5.5908248255805963 20.3125000000000000
vn 0.5936045928374751 -5.8075604388496025 1.0587929025902145
v 32.2998076927322373 -8.5693419406967148 17.5292968750000000
vn 3.2384116655649144 -4.9259525078920161 1.1785438024331589
v 33.0322295677322373 -8.2763731906967148 17.6269531250000000
vn 0.4355093913322146 -5.5294998481512350 2.3957049708329454
v 32.2998076927322373 -8.2275450656967148 18.5546875000000000
vn -0.1534453636050278 -4.7014199220319899 3.4186610323702684
v 32.0068389427322373 -7.7880919406967157 19.4335937500000000
vn 4.9508879690990977 -3.1747163682950696 1.2633365234803466
v 33.7646514427322373 -7.5439513156967157 17.5781250000000000
vn 4.9437219780818307 -2.3105448687134822 2.3905884850271173
v 33.6669951927322373 -7.2021544406967157 18.4082031250000000
vn 2.9680576163282639 -4.3847284166589784 2.4709703505836096
v 32.8857451927322373 -8.0322325656967148 18.6035156250000000
vn 4.7371326555743085 -1.5707943160138751 3.3430008444318320
v 33.2763701927322373 -6.8115294406967157 19.2871093750000000
vn 2.8781606127534771 -3.8014720263070014 3.6073816442542941
v 32.5927764427322373 -7.5439513156967157 19.4824218750000000
vn 4.0773987632037390 -1.0048478525854980 4.1925204151659390
v 32.8857451927322373 -6.5185606906967157 19.8730468750000000
vn 1.5492039933682198 -3.2135127223668483 4.4653275824727157
v 32.2998076927322373 -7.2021544406967157 19.9707031250000000
vn 1.0079385380692552 -2.7541849325141654 4.9544197635964009
v 31.9580108177322373 -6.7138731906967157 20.3613281250000000
vn 3.1048414710871590 -0.3589374518833223 5.1876738577020891
v 32.3486358177322373 -6.1767638156967157 20.3125000000000000
vn -1.9875593017908721 -1.8902213290577454 4.7195557807781388
v 31.2744170677322373 -6.4697325656967157 20.4589843750000000
vn -0.9581532679926136 5.4389918678576645 -1.8305560964473087
v 31.3720733177322373 -3.0517623255805963 16.7968750000000000
vn -1.7090122915294541 -5.7083162281513191 1.2034950817412471
v 32.0556670677322373 -6.0302794406967157 14.1601562500000000
vn 1.4727298211870758 -5.9429384303405186 1.0687832061800027
v 32.5927764427322373 -5.9814513156967157 14.2578125000000000
vn -1.4982320777082989 5.5651788160134297 0.5045379214592773
v 31.2255889427322373 -3.0029342005805963 17.5781250000000000
vn 1.6064279800745318 5.1813820948688605 -1.0357757164140082
v 32.3486358177322373 -3.0517623255805963 16.8457031250000000
vn 1.3621456252008866 5.4751121359256274 -0.5119988629002510
v 32.2021514427322373 -3.4423873255805963 16.1621093750000000
vn 1.7244511180630657 5.4580038893099827 1.0826315917555351
v 32.1533233177322373 -3.0517623255805963 17.7734375000000000
vn 1.5822216651507590 5.1197874452339978 2.4481385592764315
v 31.9580108177322373 -3.4423873255805959 19.0917968750000000
vn -1.6487963160988546 5.2104036728361800 2.0416478279293799
v 31.1279326927322373 -3.3935592005805959 18.9941406250000000
vn -1.7053708638300424 4.4628366486561513 3.3049182662981438
v 31.1279326927322373 -3.6865279505805959 19.5312500000000000
vn 1.3666244172326454 4.5924679848460688 3.6393768125224368
v 31.8603545677322373 -3.7353560755805959 19.5800781250000000
vn -1.2404443206157807 2.9509936719850485 4.5983467110364744
v 31.2255889427322373 -4.1748092005805963 20.0683593750000000
vn -3.9623616267477648 2.1326007682308212 3.9135295757553141
v 30.6396514427322373 -4.4677779505805963 19.8242187500000000
vn -1.0933210844036156 0.8622391079280727 5.4096719249946004
v 31.3232451927322373 -5.3955123255805963 20.5566406250000000
vn 0.4463511416045346 -0.9996763309610731 5.6199223322102787
v 31.7138701927322373 -6.3232481906967157 20.5566406250000000
vn 1.9615071565762019 1.3739275648055753 5.4661438754601255
v 31.9091826927322373 -5.3466856906967157 20.4589843750000000
vn 1.5019938574637830 3.1431926811606195 4.8405914804267836
v 31.8115264427322373 -4.1259810755805963 19.9707031250000000
vn 3.2481944830928033 3.0354522296487385 3.8365778183070280
v 32.4462920677322373 -4.1259810755805963 19.6289062500000000
vn 3.7856580857433637 1.3476686685469792 4.6614703765099001
v 32.5927764427322373 -5.3466856906967157 20.0195312500000000
vn 3.9431660048785777 3.3491493049148984 2.9859274769255930
v 32.8369170677322373 -4.0771529505805963 19.1406250000000000
vn 4.6609194487122654 1.1626821517344648 3.8265315915321123
v 33.1298858177322373 -5.3466856906967157 19.4824218750000000
vn 5.1500567682206944 0.8876801861201902 3.1853536964474065
v 33.6669951927322373 -5.4443419406967157 18.7500000000000000
vn 4.2446827552428346 3.5382472552734043 2.1370237976693605
v 33.4228545677322373 -4.0771529505805963 18.2128906250000000
vn 5.4639325956534375 0.1776788901460707 2.0552805813080672
v 34.2529326927322373 -5.7373106906967157 17.8222656250000000
vn 4.4722067277029742 3.0111793243908855 0.3527677325481682
v 34.1064483177322373 -4.2724654505805963 16.9921875000000000
vn 3.6770113711898991 -4.5526312132368894 1.6653509943446680
v 33.0322295677322373 -5.7861388156967157 14.3066406250000000
vn 5.5910776362814492 -1.5274864558138437 1.7660247512167051
v 33.2763701927322373 -5.3955138156967157 14.3554687500000000
vn 4.7126355394271169 0.2094869502684858 -2.1567636211339631
v 33.1787139427322373 -5.4443419406967157 14.6484375000000000
vn 3.4270334186319946 2.2151760631291797 -4.3310639630545360
v 33.6181670677322373 -5.2978575656967157 14.9414062500000000
vn 4.2160624078161941 1.8647246194594997 -1.5750092949168790
v 33.1298858177322373 -5.1025450656967157 14.8437500000000000
vn 3.4723880577572768 3.3234779311142555 -3.5611977756011792
v 33.5693389427322373 -4.5166060755805963 15.4785156250000000
vn 5.2267065064261367 1.7483012547258108 -1.2437833379498922
v 34.3505889427322373 -5.0537169406967157 16.1621093750000000
vn 4.2129462092098287 2.2569766632852946 -1.6592434595889425
v 32.9834014427322373 -4.4189498255805963 15.2832031250000000
vn 2.7552595084091260 4.2292949923232150 -2.5948047866373880
v 33.3251983177322373 -3.8818404505805963 15.9179687500000000
vn 3.3136186592565839 3.8515415596749212 -1.1855786652269718
v 32.8369170677322373 -3.9306685755805963 15.7226562500000000
vn 5.8838287140756602 -0.9121185225742289 0.6355366414657977
v 34.3994170677322373 -6.2255919406967157 16.8945312500000000
vn 5.0668007985074670 2.1235097313871663 1.8527679977909735
v 32.9834014427322373 -3.3447310755805963 14.8925781250000000
vn 5.9871689810052109 0.7217829325407248 1.5210787078163088
v 33.2763701927322373 -4.9560606906967157 14.3554687500000000
vn 6.1567836465374963 0.6863026725464652 1.0139463675971943
v 33.0810576927322373 -4.1259810755805963 14.5996093750000000
vn -2.1119499051594408 -1.7334806600255712 -1.9152114380488350
v -24.7802704322677627 43.7255948354644772 4.7851562500000000
vn -1.2305110647786761 -2.1683470459526317 -4.4635931920564449
v -24.0478485572677627 43.6279385854644772 4.3457031250000000
vn -1.5780520723377334 -4.9077755979558075 -1.5532241912010107
v -24.1455048072677627 43.2373135854644772 4.8828125000000000
vn -1.2941670147852180 1.9962132429315884 -4.5291039314960884
v -24.0478485572677627 47.4365323354644772 4.2968750000000000
vn -1.9660005852143048 1.8841823139373923 -1.7868277765237977
v -24.7802704322677627 47.4365323354644772 4.7851562500000000
vn 1.1684260600508651 -5.0232086364773219 -1.8223110187337810
v 23.9013761531967148 43.2373076249999997 4.8339843750000000
vn 1.2162132012564235 -1.9645438499841674 -4.7358170489313345
v 23.9013761531967148 43.6767607499999997 4.3457031250000000
vn 1.7545311836551893 -1.8893044248148614 -1.8075606589206479
v 24.6337980281967148 43.6279326249999997 4.7851562500000000
vn 1.2154528901035277 2.0724490725991958 -4.5765153764952666
v 23.9013761531967148 47.4365263749999997 4.3457031250000000
vn 1.7891090882239782 1.8880933755898361 -1.7963095778472453
v 24.6337980281967148 47.4365263749999997 4.7851562500000000
vn -1.2997995617217557 5.0321424898152269 -1.6908963802841799
v -24.0478485572677627 47.8759854604644772 4.8339843750000000
vn 1.1998249853381178 5.1328065277697661 -1.7099792068640685
v 23.9013761531967148 47.8271513749999997 4.8339843750000000
vn -1.8446419891547989 -1.9424423372209136 1.7395333102084936
v -24.7802704322677627 43.5791104604644772 17.4312591552734339
vn -1.1959352639905132 -5.1045602047928034 1.6980791991460342
v -24.0478485572677627 43.1884854604644772 17.3824310302734339
vn -1.2777044103261397 -2.0051504617714233 4.5644614293195733
v -24.0478485572677627 43.6279385854644772 17.9195404052734339
vn 1.3058265466446137 -5.1136491366881964 1.6257821441675215
v 23.9013761531967148 43.1884794999999997 17.2851562499999964
vn 2.1249610101418610 -2.0179100268963390 1.6463290649148203
v 24.5849699031967148 43.5791044999999997 17.2851562499999964
vn -1.2757222911591684 2.0059619614305220 4.5634655642148125
v -24.0478485572677627 47.4365323354644772 17.9195404052734375
vn -1.8424269538426234 1.9395825210318998 1.7498803103790455
v -24.7802704322677627 47.4853604604644772 17.4312591552734375
vn -1.1912782715217818 5.1073268699734031 1.7157246680792910
v -24.0478485572677627 47.8759854604644772 17.3824310302734375
vn 1.3468303572141151 5.2856806469702180 1.3929409401886321
v 23.9013761531967148 47.8759794999999997 17.2363281250000000
vn 2.0569414217050470 1.8966801162729729 1.7251152328125423
v 24.6337980281967148 47.4365263749999997 17.3339843750000000
vn 1.4704793226023825 -1.9738514393395254 4.2870318234189133
v 23.9013761531967148 43.6279326249999997 17.8707122802734339
vn 1.3449141451870732 2.1546092250715114 4.1246597384851809
v 23.9013761531967148 47.4853544999999997 17.8707122802734375
vn -0.9385737534343455 -5.0279506609670879 -1.9987065586149608
v -23.5107466328483596 -7.8369111250000003 1.1230468750000000
vn -1.8060979857819766 -2.6307264115005022 -1.7376342018295883
v -24.2431685078483596 -7.5439423750000003 1.1230468750000000
vn -1.6293789791717184 -1.6314455810795487 -4.5457388593107062
v -23.5107466328483596 -6.8603486250000003 0.1464843750000000
vn -2.0031689659382286 -0.3258156811410882 -2.0031689659382281
v -24.4873091328483596 -6.8603486250000003 1.1230468750000002
vn -1.6293791616964333 1.6314460437161151 -4.5457394989387430
v -23.5107391822677627 42.3584073354644772 0.1464843750000000
vn 0.1585334466209421 -1.4806325006742913 -3.0514288524792779
v 23.6572280776161179 -6.8603545854644779 0.1464843750000000
vn 0.9924643177765239 -4.9972678636237893 -1.9826818998847553
v 23.6572280776161179 -7.8369170854644779 1.1230468750000000
vn 0.9976634064961748 -2.3278812818244079 -0.8840916448802577
v 24.3408218276161179 -7.5439483354644779 1.1230468750000000
vn 0.9488956190574025 -2.2140897778006057 0.3081200563425822
v 24.3408218276161179 -7.5439483354644779 2.4414062500000000
vn 0.3049150828131495 -2.1543902702475881 0.8617561080990352
v 23.6572280776161179 -7.5439483354644779 3.1738281250000000
vn 1.1452414346570907 -5.7014749661673978 1.0747556009713470
v 23.6572280776161179 -7.8369170854644779 2.4414062500000000
vn -0.5833793106813857 -3.0447706032542459 0.0062106003608464
v -23.5107466328483596 -7.8369111250000003 2.4414062500000000
vn -0.5833791102228983 -1.4584477755572458 0.0000000000000000
v -24.2431685078483596 -7.5439423750000003 2.4414062500000000
vn 1.6391662405143097 1.6391657931544525 -4.5320611892693234
v 23.6572355281967148 42.3584013749999997 0.1464843750000000
vn 0.0481542295351018 1.2831523318404672 -4.2562771650125608
v 23.1689468276161179 -12.1337920854644779 14.5019531250000000
vn -0.5215512423450351 -0.7182987109924073 -6.1473299254312535
v 22.8759780776161179 -13.4033233354644779 14.5019531250000000
vn -0.9087585978975899 -0.2990055958247112 -6.1250209174116108
v 22.5830093276161179 -13.0126983354644779 14.5019531250000000
vn -0.6262980531886014 1.6699613623268219 -5.5817595836834055
v 22.5830093276161179 -12.2314483354644779 14.5019531250000000
vn -1.8142079773291875 -0.3096869530123313 -2.4906243157838603
v 22.0458999526161179 -13.1103545854644761 14.6484375000000000
vn -3.1119502185612129 0.5268616906606789 -2.8055859438825053
v 21.9970718276161179 -12.3291045854644761 14.5996093750000000
vn -0.3576383967344873 -0.4798463890089426 -2.3736779446290521
v 22.5341812026161179 -13.8916045854644761 14.6484375000000000
vn 0.0999518066281214 -0.7180302691758538 -6.1400579399076145
v 23.4619155776161179 -13.5986358354644779 14.5019531250000000
vn 0.2530123867475232 0.1353389764673567 -2.1967643871653122
v 23.9501968276161179 -12.1337920854644761 14.6484375000000000
vn 0.2487325070217919 0.1846264309287552 -4.0887027711588591
v 24.4873062026161179 -12.8173858354644761 14.5996093750000000
vn 0.0211572962561718 -1.9294197684674717 -2.9124585703534716
v 23.4619155776161179 -14.1845733354644761 14.6484375000000000
vn 0.0093161728232070 0.5175175865291216 -3.5337132156607063
v 29.1748047124999985 -12.5732481906967148 14.9902343750000000
vn 0.0588448504297074 0.1153896387229514 -6.2574726686815145
v 29.7607422124999985 -13.5498106906967148 14.8437500000000000
vn 0.5339194185961782 -3.3062958664759563 -2.9444853649038496
v 29.7607422124999985 -14.2334044406967148 14.8925781250000000
vn -0.3861963701117249 0.6613342176021763 -6.2355501152476585
v 30.1513672124999985 -12.8662169406967148 14.8925781250000000
vn -0.2336984865549977 0.4563841982051858 -3.7954547661810096
v 29.6142578374999985 -12.3291075656967148 14.9902343750000000
vn 0.2380731911078506 -0.1907847956580833 -6.2303629319516407
v 30.2001953374999985 -13.4521544406967148 14.8437500000000000
vn 1.7960956338635574 -3.0751597293204522 -2.8238065991268728
v 30.4443359624999985 -14.0380919406967148 14.9414062500000000
vn -0.3848410423019705 0.1967371555921658 -3.5076904090242431
v 29.8095703374999985 -11.8408263156967148 15.0390625000000000
vn 0.3526655696915914 0.0887626430427327 -6.1830077415053744
v 30.5908203374999985 -13.0615294406967148 14.8437500000000000
vn 2.8825457934300047 -1.8571842096383722 -2.8948930538878583
v 31.1279297124999985 -13.4033263156967148 14.9414062500000000
vn 0.1091712798099174 0.2479965349293259 -6.2539201323443470
v 30.7861328374999985 -12.5244200656967148 14.8925781250000000
vn 3.2656130107962720 -0.4109450421381804 -2.9918864943153625
v 31.4208984624999985 -12.5732481906967148 14.9414062500000000
vn -1.0578466457006646 0.1461358941100059 -3.7733963456131034
v 29.6630889427322373 -7.0556685755805963 15.1367187500000000
vn 3.1922847478098375 0.7187501302545503 -3.2156095515600427
v 30.9326201927322373 -6.0791060755805963 15.0390625000000000
vn -0.6272896426978050 0.6254720264742610 -6.0068159133892154
v 30.3466826927322373 -6.0791060755805963 14.9902343750000000
vn 1.4765188770337054 1.3205479190038905 -5.7407879033271643
v 30.2978545677322373 -5.6396529505805963 15.0878906250000000
vn 2.6850424702560685 1.6152272056765540 -2.6161901857503915
v 30.7861358177322373 -5.2490279505805963 15.1367187500000000
vn 0.9319629361198627 2.9720866057234723 -2.3430084583500661
v 30.3466826927322373 -4.7607467005805963 15.2343750000000000
vn -1.3461971094202325 0.9670789842022691 -5.8636860273761648
v 30.0537139427322373 -5.3466842005805963 15.1367187500000000
vn -2.0315858273886525 0.3263116744107090 -4.2657504358687142
v 29.3701201927322373 -5.8837935755805963 15.3808593750000000
vn -0.8847342368900606 0.1769468473780121 -1.9110259516825308
v 29.2236358177322373 -6.6162154505805963 15.3808593750000000
vn 0.4242025610647355 0.6926392135108648 -0.2459527539282740
v 30.2001983177322373 -5.4443404505805963 15.0878906250000000
vn -2.7865158546095103 0.9566766355958850 -5.3765417187556004
v 29.4189483177322373 -5.2978560755805963 15.3808593750000000
vn -5.1096814702920321 1.9684249402674476 -1.2143832024680747
v 22.0947280776161179 -11.8896514604644761 16.8945312500000000
vn -3.6461377353012008 -0.8953741412312163 -0.0805286974613814
v 22.1435562026161179 -12.2314483354644761 16.6503906250000000
vn -2.9186029827469144 1.9484378955146238 1.5544179486129657
v 21.9970718276161179 -11.4990264604644761 16.6503906250000000
vn -3.1898709662565046 2.5061411933818869 -1.4679031286284163
v 21.9970718276161179 -11.4990264604644761 15.1367187500000000
vn -0.2582479970243189 4.3232581366710860 -2.2080503966332592
v 22.5341812026161179 -11.3037139604644761 15.0878906250000000
vn 0.5094129589107611 2.4890758326092173 -1.3362705728297799
v 23.2666030776161179 -11.4990264604644761 15.0878906250000000
vn 0.3453950273557990 2.5411120642495897 0.3144588854909928
v 23.2666030776161179 -11.4990264604644761 16.6992187500000000
vn -0.4031146380754056 4.7362108670886913 1.9467536527579921
v 22.5341812026161179 -11.3037139604644761 16.6503906250000000
vn 0.7051187014608070 -4.0609364279051121 0.7884731901221240
v 29.9560547124999985 -14.2822325656967148 17.1386718749999964
vn 0.2079826205046200 -3.8581106542001224 0.3248925774966493
v 24.1943374526161179 -14.5263702104644761 17.2851562499999964
vn 2.3117996324814030 -4.2605185248637492 1.8732063249328863
v 30.6396484624999985 -14.0869200656967148 17.1874999999999964
vn 4.2209594548489813 -2.8170110145763099 1.5884638008219512
v 31.3232422124999985 -13.4521544406967148 17.1874999999999964
vn 4.9638350338189818 -0.7054498778888582 1.7393859802093896
v 31.6162109624999985 -12.6220763156967148 17.2363281249999964
vn 5.2793864575349811 1.2210605020911933 1.4479961154927445
v 31.1279326927322373 -5.9814498255805963 17.2851562500000000
vn 4.3257003606034399 2.9249154231039034 1.6502845258099783
v 30.7861358177322373 -5.1513717005805963 17.3339843750000000
vn 4.1294926205663360 -2.5753602461267375 -0.1724208980052266
v 31.0791015874999985 -13.2568419406967148 17.5292968749999964
vn 4.8815116968394507 -0.6673216995096773 0.2265211629712067
v 31.3232422124999985 -12.5732481906967148 17.5292968750000000
vn 2.3374347928524060 -4.0979290753196400 0.1395763326925813
v 30.4931640874999985 -13.7939513156967148 17.4804687499999964
vn 1.0053317504104886 -3.6672363293108008 -0.8165680776083908
v 29.9560547124999985 -13.9892638156967148 17.4316406249999964
vn -4.6654244545321673 1.2511933215599531 -2.3883134248101241
v 28.4423858177322373 -5.2978560755805963 16.0644531250000000
vn -2.3206612734272971 0.4128100742672864 -1.3946293949782811
v 28.3935576927322373 -5.7373092005805963 16.0156250000000000
vn -2.6907685688255860 3.2348976979231603 -1.4563667291701579
v 28.6376983177322373 -4.7607467005805963 16.1132812500000000
vn -1.1913177806491182 3.6043026252367389 -2.7027191345070434
v 29.5654326927322373 -4.7119185755805963 15.4785156250000000
vn 1.8376951487207087 4.3231894577092582 1.9053906059510477
v 30.3466826927322373 -4.7607467005805963 17.3828125000000000
vn 0.0517236894412454 5.2733620071312242 2.1864863565206654
v 29.5166045677322373 -4.7119185755805963 17.3828125000000000
vn -2.3177666033779132 3.0813546415232267 1.6666327732888293
v 28.6376983177322373 -4.7607467005805963 17.3828125000000000
vn -0.4316208907008094 4.9590814266033005 0.5195928690009459
v 29.2724639427322373 -4.9560592005805963 17.6269531250000000
vn 2.0275635743194855 4.4060856938512849 -0.1554174780437696
v 30.2490264427322373 -5.0537154505805963 17.6757812500000000
vn 4.0686261815439195 2.8790932713474264 -0.4800120629567903
v 30.5908233177322373 -5.3466842005805963 17.6757812500000000
vn 4.9764610112443828 1.0701968536802937 -0.1986594299401606
v 30.8837920677322373 -6.0791060755805963 17.6269531250000000
vn -5.2425094079981989 -0.2767219756185788 -1.2848083079689598
v 21.8505874526161179 -11.9873077104644761 17.2363281250000000
vn -2.8921276786672867 3.1596106897851106 -1.6253310778078021
v 21.9970718276161179 -11.4990264604644761 17.2363281250000000
vn -1.2401584023422085 5.2610568113137113 -1.8766545251435454
v 22.5341812026161179 -11.3525420854644761 17.2363281250000000
vn -1.5147116035082315 4.8093267832612225 -0.1332252042462060
v 22.5830093276161179 -11.5966827104644761 16.9433593750000000
vn -0.6260259758135898 2.9617161989751697 -0.8634002994566177
v 22.9736343276161179 -11.2548858354644761 17.2363281250000000
vn -0.5488060446448269 3.0184332455465475 -1.1139272534706108
v 23.1201187026161179 -11.4990264604644761 16.9433593750000000
vn -1.0705668726721282 0.1361546504281974 6.1147856837541443
v 22.5830093276161179 -13.0126983354644761 19.5312499999999964
vn -0.9498988891904878 -0.3440395597565690 6.0925563054734591
v 22.8759780776161179 -13.4521514604644761 19.5800781249999964
vn 0.0360899447950744 1.4294511563175372 4.4106242967458273
v 23.1689468276161179 -12.1826202104644761 19.4824218750000000
vn -1.0502985335977748 2.0435410421569955 5.2638401983490484
v 22.5830093276161179 -12.2314483354644761 19.4824218750000000
vn -1.8376909191191197 -0.1676517263472509 2.5562444936948587
v 22.0458999526161179 -13.1591827104644761 19.3847656249999964
vn -3.8196535777907288 0.9355700625831195 2.9510462688335832
v 21.9970718276161179 -12.3779327104644761 19.2871093750000000
vn -0.8406625860952699 -1.2700062334270639 2.4485205686105682
v 22.5341812026161179 -13.8916045854644761 19.4335937499999964
vn -0.4999674865540388 -0.4695081273634016 6.1276273251125453
v 23.4619155776161179 -13.6474639604644761 19.6289062499999964
vn 0.0036834351928240 0.2705083826540695 2.1056485535511378
v 23.9501968276161179 -12.1337920854644761 19.4335937500000000
vn -0.3147828143018396 0.6676047688687856 4.0712372015619378
v 24.4873062026161179 -12.8662139604644761 19.5800781249999964
vn -0.8999934090481287 -3.7423729520828579 2.8499731200595764
v 23.4619155776161179 -14.2334014604644761 19.4824218749999964
vn -0.3740774557340432 0.4148936672004984 3.4878782395670704
v 29.1748047124999985 -12.5732481906967148 19.9218750000000000
vn -0.1995633401313556 -0.6168128556818355 6.1176519074953442
v 29.9072265874999985 -13.5986388156967148 20.1171874999999964
vn 0.2406404976665627 -3.7698039263626857 3.0515798969273940
v 29.9072265874999985 -14.1845763156967148 19.9707031249999964
vn -0.7267801695876627 0.2362215050170171 6.2288907292093985
v 30.2490234624999985 -12.9150450656967148 20.1171874999999964
vn -0.7537865428410460 0.1872333887503436 3.7640797263656491
v 29.6630859624999985 -12.3291075656967148 19.9707031250000000
vn 0.0355680322113664 -0.6639408199118906 6.2261495415749843
v 30.3466797124999985 -13.4521544406967148 20.1171874999999964
vn 1.4769156621014383 -3.0661843571019620 2.6271141511952290
v 30.6396484624999985 -14.0380919406967148 20.0195312499999964
vn -0.6054419492609642 -0.0690426366716279 3.5116175015269393
v 29.8583984624999985 -11.8408263156967148 20.0195312500000000
vn 2.8144987291893084 -1.9000618872340915 2.5955669395787786
v 31.3232422124999985 -13.4033263156967148 20.0683593749999964
vn 0.0163614627087297 -0.4101184240821402 6.2011869999184812
v 30.7373047124999985 -13.0615294406967148 20.1660156249999964
vn 3.2918537335825357 -0.4815460911986844 2.8436697604825785
v 31.5673828374999985 -12.5732481906967148 20.1171875000000000
vn -0.0576736336771127 -0.0575765307851195 6.2579815872361966
v 30.9326172124999985 -12.5244200656967148 20.1660156250000000
vn -0.7871793070107846 0.0228592141090517 3.8218054445882355
v 29.6630889427322373 -7.1533248255805963 20.2148437500000000
vn 3.2069319515603820 0.5243989798618323 2.9136975037439945
v 31.2255889427322373 -6.0791060755805963 20.3125000000000000
vn -0.5157002632082939 0.2506825911271969 6.1406613760969595
v 30.5419951927322373 -6.1279342005805963 20.3613281250000000
vn 2.5710022277557645 1.7993653204134681 2.4714862935276383
v 31.0302764427322373 -5.2978560755805963 20.2636718750000000
vn -0.5911454996225167 0.5521019382229480 6.1678825901207430
v 30.4931670677322373 -5.6396529505805963 20.3125000000000000
vn -1.3263006374869271 0.8340197705491365 5.8658190038560205
v 30.2001983177322373 -5.3955123255805963 20.2636718750000000
vn 0.8609540754383618 3.0544480676909576 2.3672262263337016
v 30.4931670677322373 -4.8095748255805963 20.1660156250000000
vn -2.0257651024805159 0.5118349215949309 4.2077546906212717
v 29.3701201927322373 -5.9326217005805963 20.0195312500000000
vn -3.0488866229909117 1.1147124430122073 5.2376144070066273
v 29.4677764427322373 -5.3466842005805963 19.9707031250000000
vn -0.8311019362503421 0.0977766983823932 1.8577572692654707
v 29.1748076927322373 -6.6650435755805963 19.9707031250000000
vn -0.5111904376294385 4.7619185453596931 2.0588707810128946
v 22.5341812026161179 -11.3525420854644761 18.7500000000000000
vn -3.3457290935639534 2.8002726471191650 1.5588181531620913
v 21.9970718276161179 -11.5478545854644761 18.7011718750000000
vn 1.1093066384729471 -5.7453567077783454 1.4889226214381155
v 24.2431655776161179 -14.4287139604644761 17.5292968749999964
vn 1.1012408279791046 -5.1815130449406039 -1.7845858322293453
v 30.0048828374999985 -14.2822325656967148 17.7734374999999964
vn 2.6841486100371048 -4.3711770893999073 -2.0117290515780297
v 30.6396484624999985 -14.0380919406967148 17.7734374999999964
vn 4.1086663912393115 -2.6848091785796662 -1.9002760668080807
v 31.3232422124999985 -13.4521544406967148 17.8222656249999964
vn 5.1635531995789101 -0.7124107053714931 -1.8047338739428418
v 31.6162109624999985 -12.6220763156967148 17.8710937499999964
vn 5.1406192099263350 1.1867445512915535 -2.0369061717135715
v 31.1767608177322373 -5.9814498255805963 17.9687500000000000
vn 3.9282176134188758 3.0318696726914753 -2.0523133717159356
v 30.8349639427322373 -5.1513717005805963 17.9687500000000000
vn 1.7713306341535902 4.5225324087969145 -1.8592438260253161
v 30.3466826927322373 -4.7607467005805963 17.9687500000000000
vn 0.0874953681283255 5.3798105642454059 -1.9994007826191702
v 29.5166045677322373 -4.7119185755805963 17.9199218750000000
vn -1.2783786467300839 3.2800882213018259 2.7769506291257415
v 29.6142608177322373 -4.7607467005805963 19.9218750000000000
vn -2.2371545801180295 2.7886344902535583 -1.4902430199462864
v 28.6376983177322373 -4.7607467005805963 17.8710937500000000
vn -2.6635939391270895 3.4257774022261516 1.3365325806541970
v 28.7353545677322373 -4.7607467005805963 19.1406250000000000
vn -2.6146230685967997 0.3103237180269171 1.3402345848135322
v 28.4912139427322373 -5.7861373255805963 19.1894531250000000
vn -4.8729520794480976 1.1900392480632205 2.4022423076119943
v 28.5400420677322373 -5.2978560755805963 19.1894531250000000
vn -2.6908239876264517 0.4895242004050709 -1.1604799317755612
v 28.3935576927322373 -5.7861373255805963 17.8710937500000000
vn -5.1217950120512548 1.2709022304777273 -2.0687245342664888
v 28.4912139427322373 -5.2978560755805963 17.8710937500000000
vn -4.2223775572047968 1.0636191364570697 0.1630336107515649
v 28.7353545677322373 -5.3466842005805963 17.6269531250000000
vn -1.8276822552194154 0.3323058645853483 -0.0756800877024217
v 28.6376983177322373 -5.8837935755805963 17.6269531250000000
vn -2.9774903649995084 3.2513502881607677 0.2224996477953228
v 28.8330108177322373 -5.0537154505805963 17.6269531250000000
vn 0.3049657394224705 2.4434664934916315 1.2262708372718552
v 23.2666030776161179 -11.4990264604644761 18.7988281250000000
vn -4.8754402815188751 1.1232371460097386 2.2703742382528942
v 28.4423858177322373 -5.2978560755805963 17.3828125000000000
vn -2.7960594697672279 0.3652135306561377 1.4220218178963375
v 28.3935576927322373 -5.7373092005805963 17.3828125000000000
vn -1.7153205226176644 -1.7153205226176647 -4.3968375839521538
v -30.2490204322677627 42.6513760854644772 0.0000000000000000
vn -1.7020305054254525 -4.3967199793899407 -1.6969527978306018
v -30.2490204322677627 42.1142667104644772 0.5371093750000000
vn -4.3968375839521521 -1.7153205226176644 -1.7153205226176644
v -30.7861298072677627 42.6513760854644772 0.5371093749999999
vn -4.3968375839521547 1.7153205226176662 -1.7153205226176647
v -30.7861298072677627 48.2177823354644772 0.5371093750000000
vn -1.7153205226176642 1.7153205226176647 -4.3968375839521530
v -30.2490204322677627 48.2177823354644772 0.0000000000000000
vn 1.7151185242973188 -4.3830085263960488 -1.6643620502092191
v -24.5361298072677627 42.1142667104644772 0.5371093750000000
vn 1.7153205226176644 -1.7153205226176644 -4.3968375839521530
v -24.5361298072677627 42.6513760854644772 0.0000000000000000
vn 4.3831365701288938 -1.7283806101897530 -1.6824512738723720
v -23.9990204322677627 42.6513760854644772 0.5371093749999999
vn -1.7153205226176642 4.3968375839521521 -1.7153205226176642
v -30.2490204322677627 48.7548917104644772 0.5371093750000000
vn 1.7153205226176642 4.3968375839521530 -1.7153205226176647
v -24.5361298072677627 48.7548917104644772 0.5371093750000000
vn 1.7153205226176642 1.7153205226176642 -4.3968375839521521
v -24.5361298072677627 48.2177823354644772 0.0000000000000000
vn 4.3968375839521547 1.7153205226176662 -1.7153205226176647
v -23.9990204322677627 48.2177823354644772 0.5371093750000000
vn 1.7153205226176662 4.3968375839521547 1.7153205226176647
v -24.5361298072677627 48.7548917104644772 25.8789062500000000
vn 4.3604729342089197 1.5564183676445031 1.7009450131895347
v -23.9990204322677627 48.2177823354644772 25.8789062500000000
vn 1.7467512261626674 1.6406003350794180 4.3629408178738034
v -24.5361298072677627 48.2177823354644772 26.4160156250000000
vn 4.4371026940635971 -1.8931922550296929 1.7994093499222052
v -24.3408173072677627 42.9931729604644772 25.8789062499999964
vn 1.7501082042066849 -1.7529177258231594 4.4590566609472297
v -24.8779266822677627 42.9931729604644772 26.4160156249999964
vn -1.7153205226176640 1.7153205226176629 4.3968375839521521
v -30.2490204322677627 48.2177823354644772 26.4160156250000000
vn -1.7153205226176662 4.3968375839521538 1.7153205226176642
v -30.2490204322677627 48.7548917104644772 25.8789062500000000
vn -1.6426904015715760 -1.7459302616594634 4.3638966515684929
v -30.2490204322677627 42.6513760854644772 26.4160156249999964
vn -4.3968375839521521 -1.7153205226176642 1.7153205226176640
v -30.7861298072677627 42.6513760854644772 25.8789062499999964
vn -1.5469711054486048 -4.3608113638457393 1.6824652131135323
v -30.2490204322677627 42.1142667104644772 25.8789062499999964
vn 1.8742166091816372 -4.4375333701372437 1.7788847450711653
v -24.8779266822677627 42.4560635854644772 25.8789062499999964
vn -4.3968375839521521 1.7153205226176635 1.7153205226176644
v -30.7861298072677627 48.2177823354644772 25.8789062500000000
vn -1.7134792208233347 -4.3968353703549123 -1.7128156306339277
v -30.4443418729644790 -13.1103486250000003 0.3417968749999999
vn -4.3968373436560153 -1.7153192339027183 -1.7153202823217093
v -30.7861387479644790 -12.7685517500000003 0.3417968750000000
vn -1.7153207629134917 -1.7153199888142916 -4.3968373436561974
v -30.4443418729644790 -12.7685517500000003 0.0000000000000000
vn -4.3968378242477959 1.7153218113328390 -1.7153207629134917
v -30.7861357677322403 -6.5673798750000003 0.3417968750000000
vn -1.7153202823217093 1.7153210564208055 -4.3968378242479798
v -30.4443388927322403 -6.5673798750000003 0.0000000000000000
vn -1.7153205226176642 4.3968375839521521 -1.7153205226176644
v -30.4443388927322403 -6.2255830000000003 0.3417968750000000
vn 1.7134443544125433 -4.3968348149365770 -1.7123699227565299
v -24.2431685078483596 -13.1103486250000003 0.3417968749999999
vn 1.7153205226176638 -1.7153205226176642 -4.3968375839521521
v -24.2431685078483596 -12.7685517500000003 0.0000000000000000
vn 4.3968373090384834 -1.7153547642013269 -1.7157569492611804
v -23.9013716328483596 -12.7685517500000003 0.3417968750000000
vn -5.3630341226686102 -2.2214399592555760 0.0000000000000002
v -30.7861387479644790 -12.7685517500000003 12.5976502895355225
vn -1.7029880235695123 -4.3967893314094830 1.7075083423482389
v -30.4443418729644790 -13.1103486249999985 26.3183593749999964
vn -4.4007571378249608 -1.7240339283605395 1.7113662234665548
v -30.7861387479644790 -12.7685517499999985 26.3183593749999964
vn -1.7437163693635060 -1.7566474332611159 4.4003352481216771
v -30.4443418729644790 -12.7685517499999985 26.6601562499999964
vn 1.7275658277555632 -4.3967894205170035 1.7235713707502192
v -24.1943403828483596 -13.0615204999999985 26.3671874999999964
vn -4.3928836026707314 1.7065451117452108 1.7192403943605239
v -30.7861357677322403 -6.5673798749999985 26.3671875000000000
vn -1.7749773039367756 1.7058919869538929 4.4042346496205385
v -30.4443388927322403 -6.5673798749999985 26.7089843750000000
vn -1.7412754702694462 4.4084936966554391 1.7033589746428861
v -30.4443388927322403 -6.2255829999999985 26.3671875000000000
vn 1.6888075083878171 4.3848718563111202 1.7270209672410177
v -24.2431685078483596 -6.2255829999999985 26.5136718750000000
vn 1.6488390260849815 1.6608751492365919 4.3759441229451541
v -24.2431685078483596 -6.5673798749999985 26.8554687500000000
vn 1.9775762122020164 3.9493804102792853 -1.6625927216100151
v -24.1455122578483596 -6.2255830000000003 0.3417968750000000
vn 1.6718807524043431 1.6525090811043983 -4.4943575761145302
v -24.2431685078483596 -6.5673798750000003 0.0000000000000000
vn 4.6820635052164805 1.4326926647322231 -1.8301139478159758
v -23.9013716328483596 -6.5673798750000003 0.3417968750000000
vn 4.3887949941507172 1.7079294416458792 1.7286333735735360
v -23.9013716328483596 -6.5673798749999985 26.5136718750000000
vn 4.4046348574252736 -1.7180800659169138 1.6963631722658363
v -23.8525435078483596 -12.7197236249999985 26.3671874999999964
vn 1.7191432916144969 -1.7628742939810380 4.4043928121045575
v -24.1943403828483596 -12.7197236249999985 26.7089843749999964
vn -6.2812036697294795 0.0001453519312910 0.0000984334481196
v -18.9697280276161209 16.4794966151161191 22.3144531250000000
vn -3.2435261173842607 2.5404824006292799 1.8819771186054224
v -19.0185561526161209 14.2334028651161191 20.7031250000000000
vn -3.3323511970625725 3.0028789055579042 1.0101740217857418
v -19.0185561526161209 13.8427778651161191 21.4843750000000000
vn -3.3668086705048124 1.7701877513427080 2.6197801147414514
v -19.0185561526161209 14.9169966151161191 20.0683593750000000
vn -3.2916282260198524 3.1650916907103981 0.1020206137562107
v -19.0185561526161209 13.6962934901161191 22.2656250000000000
vn -3.4459616949501481 0.9696765858935509 3.0087792856300295
v -19.0185561526161209 15.7470747401161191 19.6777343750000000
vn -3.2580207255135978 3.0293264691827715 -0.8986496490255961
v -19.0185561526161209 13.7939497401161191 23.0957031250000000
vn -3.2631845738470662 -0.0445091420686393 3.1615283716032607
v -19.0185561526161209 16.5771528651161191 19.5312500000000000
vn -3.2520613021024394 2.5621504635553061 -1.8596781407685816
v -19.0185561526161209 14.1845747401161191 23.8769531250000000
vn -3.2438255552129380 -1.0596562080422984 2.9789424761569423
v -19.0185546625000015 17.4072309901161191 19.6777343750000000
vn -3.3555324150718611 1.9327641589261462 -2.5084016448868063
v -19.0185561526161209 14.8193403651161191 24.5117187500000000
vn -3.3589380565237774 -1.9008364148447314 2.5319170568747378
v -19.0185546625000015 18.1884809901161191 20.1171875000000000
vn -3.2605028045536755 1.0338288825716790 -2.9873694988656601
v -19.0185561526161209 15.6005903651161191 24.9511718750000000
vn -3.2772400056946309 -2.6048499379197612 1.7787723260398525
v -19.0185546625000015 18.7744199802322385 20.7031250000000000
vn -3.2394308306312483 -0.0147955716738553 -3.1628343179694718
v -19.0185561526161209 16.4794966151161191 25.0976562500000000
vn -3.4555992680865275 -3.0246926474588403 0.9211227374599795
v -19.0185546625000015 19.1162168552322385 21.4843750000000000
vn -3.3519068785219357 -0.9170878790435590 -3.0371587708893957
v -19.0185546625000015 17.3095747401161191 24.9511718750000000
vn -3.2260597460338114 -3.1541596524674205 -0.1291086091540942
v -19.0185546625000015 19.2627012302322385 22.3632812500000000
vn -3.1392487956412016 -1.8406065380272683 -2.5559003312019986
v -19.0185546625000015 18.0908247401161191 24.6093750000000000
vn -3.3393398303007280 -2.9607738009562672 -1.1150058798682019
v -19.0185546625000015 19.0673887302322385 23.2421875000000000
vn -3.3749254554877397 -2.5486957275696671 -1.8878167699743253
v -19.0185546625000015 18.6279341151161191 24.0234375000000000
vn -3.8195755305588692 2.2644082895958557 0.7730141098407024
v -20.0439467776161209 13.6962934901161191 21.4355468750000000
vn -3.7830716925385985 1.9453659162490229 1.4453960598340176
v -20.0439467776161209 14.1357466151161191 20.6054687500000000
vn -3.8003845918409960 2.4057570659624998 0.0684018256425659
v -20.0439467776161209 13.5498091151161191 22.2656250000000000
vn -3.8811468439140482 2.2449575582725294 -0.6669752905460056
v -20.0439467776161209 13.6474653651161191 23.1445312500000000
vn -3.7815185109582772 1.9245180636182881 -1.5376166472035782
v -20.0439467776161209 14.0869184901161191 23.9746093750000000
vn -3.8644433723677527 0.5350332954051236 2.0325121403035720
v -20.0927749026161209 15.6982466151161191 19.4824218750000000
vn -3.7259395566688776 -0.0685874069416029 2.2138787423640149
v -20.0927749026161209 16.5771528651161191 19.3847656250000000
vn -3.8020199374096624 -0.7216890717488162 2.0672823785326515
v -20.0927734125000015 17.4560591151161191 19.5312500000000000
vn -3.8191016733615935 -1.2886328658567563 1.7606670544096188
v -20.0927734125000015 18.2861372401161191 19.9707031250000000
vn -3.9059268127682789 1.3224978783582366 1.9654475416919062
v -20.0439467776161209 14.8193403651161191 19.9218750000000000
vn -2.7455537122080176 -2.8914609254281505 -2.1500654333253237
v -19.8974624026161209 13.5009809901161191 20.1171875000000000
vn -2.7952247627217881 -2.0848047815817141 -2.9825453768467796
v -19.8974624026161209 14.3798872401161191 19.2871093750000000
vn -2.8109755295730174 -3.4561366133124563 -1.1508452209722999
v -19.8974624026161209 12.9638716151161191 21.1914062500000000
vn -2.7333603068572225 -1.1285186379721228 -3.5736548103753552
v -19.8974624026161209 15.4541059901161191 18.7500000000000000
vn -2.7811766068577342 -3.6268654614908247 -0.0833681087635962
v -19.8974624026161209 12.7685591151161191 22.2656250000000000
vn -2.7685304271826343 0.0663587089328616 -3.7991572999369478
v -19.8974624026161209 16.5771528651161191 18.6035156250000000
vn -2.7699807007257884 -3.4697397372799474 1.0719495576629936
v -19.8974624026161209 12.9150434901161191 23.3398437500000000
vn -2.7266628662783328 1.2391278554355694 -3.5669286006771257
v -19.8974609125000015 17.7490278651161191 18.7988281250000000
vn -2.8004221698505765 -3.0365137900880561 2.0781430772487850
v -19.8974624026161209 13.4521528651161191 24.4140625000000000
vn -3.8206230823512901 1.2929591564464513 -1.7297887328653438
v -20.0927749026161209 14.7216841151161191 24.6582031250000000
vn -2.7735543567288379 2.2888172511259093 -3.0498400911643970
v -19.8974609125000015 18.7255903651161191 19.3359375000000000
vn -2.7209983833979692 -2.2532415077489669 3.0364802326988469
v -19.8974624026161209 14.2822309901161191 25.2929687500000000
vn -3.8771477922903568 -1.7643565510955255 1.2168910037165321
v -20.0927734125000015 18.9209043552322385 20.6054687500000000
vn -2.7972201218364643 -1.2554054733330771 3.6325036384258986
v -19.8974624026161209 15.2587934901161191 25.7812500000000000
vn -2.7179103712304662 3.0907825707570300 -2.1822018523650550
v -19.8974609125000015 19.5556699802322385 20.1660156250000000
vn -3.7755425799639197 0.6808998975378109 -2.0430285900663101
v -20.0927749026161209 15.5517622401161191 25.0976562500000000
vn -3.8771620304238268 -2.0645826934565901 0.6123052202127399
v -20.0927734125000015 19.3115293552322385 21.4355468750000000
vn -2.7043337512598251 -0.0412499634072476 3.7717354760154667
v -19.8974624026161209 16.4794966151161191 26.0253906250000000
vn -2.7401843224456441 3.6421285611191077 -1.0678543065323514
v -19.8974609125000015 20.0439512302322385 21.1914062500000000
vn -3.7612532649584542 -0.0087829632615772 -2.1939490699173030
v -20.0927749026161209 16.4794966151161191 25.2441406250000000
vn -2.7670475289854406 3.8016559855596412 0.0915931257805437
v -19.8974609125000015 20.1904356052322385 22.3632812500000000
vn -3.7129914109180260 -0.6408595995308695 -2.1154860106136564
v -20.0927734125000015 17.3584028651161191 25.0976562500000000
vn -3.7519056376453168 -2.2099308120416499 -0.0961712772405380
v -20.0927734125000015 19.4091856052322385 22.3632812500000000
vn -2.7822638284685182 1.1890742040497302 3.6198858129852511
v -19.8974609125000015 17.6025434901161191 25.8300781250000000
vn -2.7583288609034198 3.5972073260105075 1.2205487844976886
v -19.8974609125000015 19.9951231052322385 23.4863281250000000
vn -2.7269895574678937 2.2584144014323160 3.0391375607880065
v -19.8974609125000015 18.6767622401161191 25.2929687500000000
vn -3.8802290791359897 -2.0387098633687897 -0.6901579735720157
v -20.0927734125000015 19.2627012302322385 23.2421875000000000
vn -3.7848854213083154 -1.2798946531020294 -1.7182831392693945
v -20.0927734125000015 18.1884809901161191 24.7070312500000000
vn -2.8006030115124307 3.1088775704179059 2.2215911713796355
v -19.8974609125000015 19.5068418552322385 24.4140625000000000
vn -3.7771383368180707 -1.8170320890284448 -1.2468315076116399
v -20.0927734125000015 18.8720762302322385 23.9746093750000000
vn 3.2956102148703157 3.0329325663322040 1.0995652946381931
v -3.6869033921104433 13.8427748848838803 21.4843750000000000
vn 3.1970706775461295 2.5326700711284813 1.8890602956698941
v -3.6869033921104433 14.2333998848838803 20.7031250000000000
vn 6.2820320813303976 -0.0316603825474629 0.0586522619203561
v -3.7357311445814134 16.4794936348838803 22.3632812500000000
vn 3.2560322894062996 1.7967419549960992 2.6128506902128459
v -3.6869033921104433 14.9169936348838803 20.0683593750000000
vn 3.2695497100135991 3.0578973106312999 0.1799010627580201
v -3.7357315171104433 13.6962905098838803 22.3144531250000000
vn 3.2323759478006675 0.9439706230942425 3.0175681031944386
v -3.6869030195814134 15.6982436348838803 19.6777343750000000
vn 3.2246104348309235 2.9766813016482145 -0.9054207928176381
v -3.7357315171104433 13.7939467598838803 23.1445312500000000
vn 3.4280421363179432 -0.0961454210107515 3.1583706116820025
v -3.6869030195814134 16.5771498848838803 19.5800781250000000
vn 3.2420819714380920 2.5478200983770569 -1.7957915019764219
v -3.7357315171104433 14.1845717598838803 23.9257812500000000
vn 3.4153241493949613 -1.0111496834707219 2.9928966122079230
v -3.6869030195814134 17.4072280098838803 19.7265625000000000
vn 3.3351655199966097 1.8379141954776137 -2.5135869536769002
v -3.7357315171104433 14.8193373848838803 24.5605468750000000
vn 3.2901979365619165 -1.8968988167584864 2.5218460999555736
v -3.6869026470523836 18.1884780098838803 20.1171875000000000
vn 3.2702085728353496 1.0060691212310677 -2.9488957657140871
v -3.7357311445814134 15.6494155098838803 25.0000000000000000
vn 3.3384441061109698 -2.6340301171630718 1.7445845343001931
v -3.6869026470523836 18.7744169999999997 20.7519531250000000
vn 3.2166261071674316 0.0000000000000000 -3.1121042450235290
v -3.7357311445814134 16.4794936348838803 25.1464843750000000
vn 3.4342335119759388 -3.0417654268557266 0.8696629300424866
v -3.6869026470523836 19.1162138749999997 21.5332031250000000
vn 3.3114569798320947 -0.9558160834397269 -2.9677883154053770
v -3.7357311445814134 17.3095717598838803 25.0000000000000000
vn 3.2134756587230484 -3.1566896274248659 -0.0064675075374757
v -3.6869026470523836 19.2626982499999997 22.3632812500000000
vn 3.3162703064258814 -1.8622309044634904 -2.4145699184282208
v -3.7357307720523836 18.0908217598838803 24.6093750000000000
vn 3.3645813519481385 -2.9527872073453940 -1.1319360817036841
v -3.6869026470523836 19.0673857499999997 23.2910156250000000
vn 3.3556535336605111 -2.6383973060963966 -1.8758075110672388
v -3.6869026470523836 18.6279311348838803 24.0722656250000000
vn 3.8410394955265903 1.8684406373970486 1.5537722504204743
v -2.6615127671104433 14.1357436348838803 20.6054687500000000
vn 3.8505465455231906 2.2518674901882840 0.7618787853340407
v -2.6615127671104433 13.6962905098838803 21.4355468750000000
vn 3.7428767271634644 2.2526990739447057 0.1180807836038839
v -2.6615127671104433 13.5498061348838803 22.3144531250000000
vn 3.8200142248967306 2.0436557110777596 -0.6220236297005720
v -2.6615127671104433 13.6474623848838803 23.1933593750000000
vn 3.6913289506771125 1.8092962090635978 -1.2808925664008637
v -2.6615127671104433 14.0869155098838803 24.0234375000000000
vn 3.6877509480648292 1.2283432084984955 1.8394071138585852
v -2.6126844558459283 14.8193373848838803 19.9707031250000000
vn 2.7643631817729482 -2.9373485861246156 -2.1821122909143051
v -2.8079971421104433 13.5009780098838803 20.1660156250000000
vn 2.7887551569619062 -3.4382294674679512 -1.1368796793991489
v -2.8079973283749582 12.9638686348838803 21.1914062500000000
vn 2.7756131938815161 -2.1829279737496483 -3.1213201404479447
v -2.8079971421104433 14.3798842598838803 19.3359375000000000
vn 2.7786951313889268 -1.1898721167648818 -3.6179191756734395
v -2.8079969558459283 15.4541030098838803 18.7988281250000000
vn 2.7458499104830727 -3.8374001680669627 -0.0204083922192836
v -2.8568254533749582 12.7685561348838803 22.3144531250000000
vn 3.7190748481620979 0.6706045683117128 2.0983707567135013
v -2.6126844558459283 15.6982436348838803 19.5312500000000000
vn 3.8630434614592164 -0.0367439552836605 2.1643030561560397
v -2.6126842695814134 16.5771498848838803 19.3847656250000000
vn 2.7304591282481705 -3.6295582968810236 1.1235258435458968
v -2.8568254533749582 12.9150405098838803 23.3886718750000000
vn 2.7322951842691530 -0.0103201386394509 -3.7794817145180719
v -2.8079967695814134 16.5771498848838803 18.6035156250000000
vn 3.9023756331688593 -0.6993076268897253 2.0476315732320054
v -2.6126840833168985 17.4560561348838803 19.5312500000000000
vn 2.7628928290569026 -3.1223483795853086 2.1821474129520917
v -2.8568252671104433 13.4521498848838803 24.4628906250000000
vn 2.7121974789166168 1.2624876245067738 -3.5531765393316332
v -2.8079965833168985 17.7490248848838803 18.7988281250000000
vn 3.8453358555693655 1.2669480600254248 -1.7376652003205457
v -2.6615125808459283 14.7216811348838803 24.7070312500000000
vn 3.8651800135662757 -1.2912356898596400 1.7187286477797783
v -2.6126840833168985 18.2861342598838803 19.9707031250000000
vn 2.7067651476588406 -2.2513593233733697 3.0359122190093606
v -2.8568252671104433 14.2822280098838803 25.3417968750000000
vn 2.7630950718488099 2.3625972763174725 -2.9952764929386122
v -2.8079963970523836 18.7744169999999997 19.3847656250000000
vn 2.7588940220521785 -1.1870799020378431 3.6169008284284954
v -2.8568250808459283 15.3564467598838803 25.8789062500000000
vn 2.7534833099659162 3.1373083652387983 -2.1449948706275164
v -2.8079963970523836 19.5556669999999997 20.2148437500000000
vn 3.7763276194799080 0.6925923898759129 -2.0761797001032622
v -2.6615125808459283 15.6005873848838803 25.1464843750000000
vn 3.8253951163467588 -1.8014229624745819 1.2156037395091079
v -2.6126838970523836 18.9209013749999997 20.6542968750000000
vn 3.7912815261064505 -0.0517474508074327 -2.2198246801782915
v -2.6615123945814134 16.4794936348838803 25.2929687500000000
vn 3.9000514697338455 -2.0723613460351751 0.5571100557746446
v -2.6126838970523836 19.3115263749999997 21.4843750000000000
vn 2.7007405121017003 -0.0534418354889860 3.8140923514574636
v -2.8568248945814134 16.4794936348838803 26.0742187500000000
vn 2.7451578481406189 3.6430970909997469 -1.0663397429895056
v -2.8079963970523836 20.0439482499999997 21.2402343750000000
vn 2.8329730618498119 1.0501313171798954 3.4873305020209648
v -2.8079965833168985 17.6025405098838803 25.8789062500000000
vn 2.7726385496230082 3.8050347078570814 0.0806337701985693
v -2.8079962107878687 20.1904326249999997 22.4121093750000000
vn 3.7877893214251461 -0.7188465875342198 -2.2970331808203648
v -2.6615122083168985 17.3583998848838803 25.1464843750000000
vn 3.7638951085274011 -2.2103566251016780 -0.0321580994399203
v -2.6126838970523836 19.4091826249999997 22.4121093750000000
vn 3.9190532874220123 -1.4517099841489836 -1.8784594065306111
v -2.6615122083168985 18.1884780098838803 24.7558593750000000
vn 2.7614425316430000 3.6047059201030982 1.1782239074891556
v -2.8079963970523836 19.9951201249999997 23.5839843750000000
vn 2.7558342749058222 2.0132127577048315 2.9918144138680747
v -2.8079965833168985 18.6767592598838803 25.3906250000000000
vn 3.8587763203552776 -2.0450495962614745 -0.7507798184670145
v -2.6126838970523836 19.2626982499999997 23.2910156250000000
vn 2.7115378862173900 2.9294912928845340 2.2370210188973587
v -2.8079963970523836 19.4580107499999997 24.6582031250000000
vn 3.7182538900925795 -1.8961741257726232 -1.2459551613318967
v -2.6126838970523836 18.8232451249999997 24.0722656250000000
vn -0.7632017657972485 0.3260062380731611 -6.1676261849944334
v 22.7295011531967148 48.6572294999999997 13.9160156250000000
vn 0.0950166755275206 -0.9333204931666064 -4.2650818769595986
v 23.3154386531967148 47.8271513749999997 13.9160156250000000
vn -0.6771661852691473 -1.7367447730248453 -5.5748527510977040
v 22.7295011531967148 47.8759794999999997 13.9160156250000000
vn -3.1524950851604907 -0.8559077209250647 -3.0323348571188076
v 22.1435636531967148 47.9736357499999997 14.0136718750000000
vn -3.4536154646950425 1.2050220452641560 -2.6004151829984905
v 22.1435636531967148 48.8037138749999997 14.0625000000000000
vn -0.6490507523900041 0.9700966990468374 -6.0481845473030864
v 23.0224699031967148 49.0966826249999997 13.9160156250000000
vn -2.3417290201871590 3.1804523738039481 -2.6103635595697909
v 22.6806730281967148 49.5361357499999997 14.1113281250000000
vn -0.7050195131763052 3.9265344886219982 -2.7667640367330288
v 23.5595792781967148 49.8779326249999997 14.1113281250000000
vn -0.1018587354790435 1.0016053427391796 -6.0688530150308422
v 23.5595792781967148 49.2919951249999997 13.9160156250000000
vn 0.5405267103974540 3.4887673761093030 -2.8432080685815215
v 29.9072355281967148 49.9267607499999997 14.1601562500000000
vn 0.2387278221774103 -0.3316169366998084 -4.0810014533723722
v 24.6337980281967148 48.5107451249999997 14.0136718750000000
vn 0.3980422608586314 -0.4643826376684033 -2.1228920579127011
v 24.0966886531967148 47.8271513749999997 14.0625000000000000
vn 0.0361897155974458 -0.4354268207140086 -3.5279358455399099
v 29.2236417781967148 48.2666044999999997 14.1601562500000000
vn 0.0747007071855271 0.1998563788387327 -6.2388227395063494
v 29.9072355281967148 49.2431669999999997 14.0625000000000000
vn 0.3366703947010721 0.4160403687366234 -6.1786857451306929
v 30.3466886531967148 49.1455107499999997 14.0625000000000000
vn 1.8443120568006577 3.2786005582769717 -2.6908047253848557
v 30.5908292781967148 49.7314482499999997 14.2089843750000000
vn 2.9699603692888594 2.1882379052409417 -2.7207935204067759
v 31.3232511531967148 49.0966826249999997 14.2089843750000000
vn -0.3887892902464588 -0.4899471873800821 -6.2479992188265649
v 30.2978605281967148 48.5595732499999997 14.1113281250000000
vn -0.1841337294010836 -0.4613335164045149 -3.7204435986460136
v 29.7119230281967148 48.0224638749999997 14.2089843750000000
vn 0.4590721057353281 0.3256654857412822 -6.1619852393789154
v 30.7861417781967148 48.7548857499999997 14.0625000000000000
vn 0.2083243245927716 0.1180619763595983 -6.2134813352369429
v 30.9814542781967148 48.2177763749999997 14.0625000000000000
vn 3.3745902739281863 0.7890158646780375 -2.8552979874336000
v 31.6650480281967148 48.2666044999999997 14.1601562500000000
vn -0.4430361992759319 -0.0721586167731746 -3.4547201453361525
v 29.9560636531967148 47.5341826249999997 14.2089843750000000
vn 0.4630295412201028 0.0391275604014518 -6.2369349434562285
v 31.2255949031967148 41.9189482499999997 14.0136718750000018
vn 3.4355203994696391 -0.5222768324561980 -2.8025487853258610
v 31.9091886531967148 41.9189482499999997 14.1113281250000018
vn -0.3503684928653899 0.2652295471144155 -4.3228271972174630
v 30.4931730281967148 42.8466826249999997 14.1113281250000018
vn 0.4986306357599818 -0.1527098099464330 -6.2411620965824834
v 31.0791105281967148 41.4794951249999997 14.0136718750000018
vn 2.8864808236842818 -1.9823329466755752 -2.6426632423197582
v 31.6162199031967148 41.1376982499999997 14.1113281250000018
vn 1.3235314424026079 -3.0314351215312865 -2.4705940235116146
v 30.9814542781967148 40.6005888749999997 14.0625000000000018
vn -1.5982888515536759 2.4987451129535261 -3.1213975737587338
v 30.8837980281967148 41.3330107499999997 14.0136718750000018
vn 0.5350903538967759 0.0788332270506633 -6.1604682399191297
v 30.6884855281967148 41.1865263749999997 13.9648437500000018
vn -0.6084097156998550 -2.9914025156023221 -2.9539205173533540
v 30.0048917781967148 40.5517607499999997 14.0136718750000018
vn -1.6133732933659692 -0.6043392352297232 -5.7267692549542337
v 29.8584074031967148 41.1376982499999997 13.9648437500000018
vn -0.7891575333642215 0.1088016487350342 -4.3438554623130825
v 29.7607511531967148 41.7236357499999997 13.9648437500000018
vn -0.1853658682594166 0.3707317365188333 -1.9154473053473051
v 29.7119230281967148 42.4560576249999997 14.1113281250000018
vn -2.9662350981095549 3.7242958564278741 1.7277984676962226
v 22.5830167781967148 49.6337919999999997 16.3085937500000000
vn -4.7343246405296666 1.5251021587785083 1.6627209911054708
v 22.0459074031967148 48.8525419999999997 16.2597656250000000
vn -5.1739272557296498 -0.8170255407041290 1.5948509815201262
v 21.9970792781967148 47.6318388749999997 16.2109375000000000
vn -3.4561771727535313 -3.0673439344890205 1.4775286301273363
v 22.1435636531967148 47.1923857499999997 16.2109375000000000
vn -3.3847847408185956 -2.5807657534619963 -1.3818100384561645
v 22.1435636531967148 47.1923857499999997 14.5996093750000000
vn -4.8628546439417359 -0.6773890876777964 -0.1402776051833740
v 22.2900480281967148 47.6806669999999997 16.5527343750000000
vn -3.7676091196968828 -3.3281407592223231 -0.2379878497313637
v 22.3877042781967148 47.3876982499999997 16.5527343750000000
vn -0.9218752919195066 5.3581881542096550 1.5518698164457665
v 23.5595807683128342 49.9755888749999997 16.3085937500000000
vn 0.7823216310863896 5.4452900666073489 1.6761355787578511
v 30.0537199031967148 49.9267607499999997 16.4550781250000000
vn 0.7535954383278032 5.0823023944344836 -0.2429524523028710
v 30.0048917781967148 49.6826201249999997 16.7968750000000000
vn -0.8668476422315283 5.2647225107885536 -0.0081344297639587
v 23.6084074031967148 49.7314482499999997 16.6503906250000000
vn 2.4967239294295771 4.6694315793292427 1.6873021531806776
v 30.6884855281967148 49.7314482499999997 16.5039062500000000
vn 4.3508100160128276 3.0348593583707131 1.5340403406127758
v 31.4209074031967148 49.0966826249999997 16.5039062500000000
vn 5.3611039080842335 1.0712418476860148 1.6409025309265095
v 31.7138761531967148 48.3154326249999997 16.5039062500000000
vn 4.8346632884170715 -1.2472234790820849 1.8113851115756490
v 31.9580167781967148 41.8212919999999997 16.5039062499999964
vn 3.8314899423944100 -3.6136720541611469 1.8608015242854075
v 31.4697355281967148 40.9912138749999997 16.4550781249999964
vn 1.7163406438936075 -4.9042861418478507 1.6957895425382081
v 30.9326261531967148 40.6005888749999997 16.4062499999999964
vn 4.9702844386381804 -1.1335937965885468 -0.0903507413519264
v 31.6650480281967148 41.9189482499999997 16.8457031249999964
vn 3.9057429347401671 -3.2834958138392389 -0.2214941289077803
v 31.2744230281967148 41.1865263749999997 16.7968749999999964
vn 1.9091655923120650 -4.8958579571057470 -0.2068850668731304
v 30.8349699031967148 40.8447294999999997 16.7480468749999964
vn 0.0097788056294920 -5.5421737874314001 1.8095520473807762
v 29.9560636531967148 40.5029326249999997 16.3085937499999964
vn -0.0891159870382240 -5.1980472548103709 0.2309925221697924
v 29.7119230281967148 40.7470732499999997 16.6015624999999964
vn -2.4855500471680250 -3.2717487248684645 1.5286257025901668
v 29.0771574031967148 40.5517607499999997 16.2597656249999964
vn -4.4509248755347617 -1.3697309662239121 -2.6125461600009263
v 28.8818449031967148 41.0888701249999997 14.5507812500000018
vn -2.3020152822663800 -0.5115589516147511 -1.3379755182089532
v 28.7841886531967148 41.5283232499999997 14.5507812500000018
vn -2.5112801155499982 -3.1309685165222438 -1.5492208177487943
v 29.0771574031967148 40.5517607499999997 14.5996093750000018
vn -1.3473172752718003 -1.8705092845044515 5.4302466739391733
v 22.7295011531967148 48.0224638749999997 19.1894531250000000
vn -0.3150934344683091 -1.0912835849582450 4.4168279810181881
v 23.3154386531967148 47.9736357499999997 19.2382812500000000
vn -1.6718875912223345 0.1016465496925432 5.8838508580991018
v 22.7295011531967148 48.6572294999999997 19.2382812500000000
vn -3.7681911668159143 -0.8936661716713575 2.8286441221190453
v 22.0947355281967148 48.0712919999999997 18.9453125000000000
vn -3.9623068214763268 1.3978442992358229 2.4328950864652623
v 22.1435636531967148 48.8525419999999997 18.9453125000000000
vn -3.5745421324969029 -2.6230199631307083 1.5704339198687165
v 22.1435636531967148 47.2412138749999997 18.4082031250000000
vn -1.4009861485263353 1.0110083861200712 5.7479610874916309
v 23.0224699031967148 49.0966826249999997 19.2871093750000000
vn -1.6910151557563735 -4.5319132591524340 2.3844933782647963
v 22.6318449031967148 46.9970732499999997 18.4570312500000000
vn -0.5926927637801218 -2.2974325330915755 1.3320625716180665
v 23.1201261531967148 46.8994169999999997 18.5058593750000000
vn -0.5285809287440827 0.9452775968350786 5.9927437462440629
v 23.6084074031967148 49.2919951249999997 19.3359375000000000
vn -0.9246593094238749 3.9929813331231871 2.6717291838141879
v 23.5595807683128342 49.9267607499999997 19.0917968750000000
vn -0.0578930424364134 -0.4059706569156291 4.0799175340533118
v 24.6337980281967148 48.5107451249999997 19.2871093750000000
vn 0.0625865482772690 -0.3364026969903208 2.0105928634072665
v 24.0966886531967148 47.8271513749999997 19.1894531250000000
vn -0.3132117570170611 -0.4580874008749500 3.5264789172112816
v 29.2724699031967148 48.2666044999999997 19.3847656250000000
vn 0.2194304048162943 3.3797240756032090 3.0700554841418626
v 29.9560636531967148 49.8779326249999997 19.5312500000000000
vn -0.5288432256071456 -0.0099060716857653 6.2409258415584574
v 29.9560636531967148 49.2919951249999997 19.5800781250000000
vn -0.7924447214691426 -0.4767812678577659 6.2101284457972845
v 30.2978605281967148 48.6084013749999997 19.5800781250000000
vn -0.6034032024273435 -0.3180432350733046 3.6857857500025921
v 29.7119230281967148 48.0224638749999997 19.4335937500000000
vn -0.2232978946049371 0.2175336949710402 6.2051130312456131
v 30.3955167781967148 49.1455107499999997 19.6289062500000000
vn 1.5465848484752902 3.1105971228435045 2.6760707227295302
v 30.6884855281967148 49.7314482499999997 19.5312500000000000
vn -0.5821289922511383 -0.1454366487965181 3.4373672848971299
v 29.9560636531967148 47.5341826249999997 19.4335937500000000
vn 2.7045507285794854 1.7550409949562067 2.7433285412108956
v 31.3720792781967148 49.0966826249999997 19.5800781250000000
vn -0.0127566477868760 0.0038752217071020 6.2607537480098658
v 30.7861417781967148 48.7548857499999997 19.6289062500000000
vn -0.1260420200813485 -0.0986351819939127 6.2434064310422670
v 30.9814542781967148 48.2177763749999997 19.6289062500000000
vn 3.3004899376577095 0.5219386879960366 3.0781199520928584
v 31.6162199031967148 48.2666044999999997 19.5800781250000000
vn -0.7854665621458916 -0.0432305369290247 4.1657829100465822
v 30.4443449031967148 42.9443388749999997 19.4824218749999964
vn 3.3230824229223188 -0.6355595686325054 2.6521978994259583
v 31.9580167781967148 41.9189482499999997 19.5312499999999964
vn -0.0236713295363680 -0.3103222859764158 6.1530570444163608
v 31.2744230281967148 41.9677763749999997 19.6289062499999964
vn -1.5775929531228550 -0.2235400106481604 4.1643670180449011
v 29.7607511531967148 41.7236357499999997 19.3359374999999964
vn -0.3919974420549219 -0.0261331628036615 2.0470977529534808
v 29.7119230281967148 42.4560576249999997 19.3359374999999964
vn -0.2196498200875658 -0.5429149509203987 6.1789960975455536
v 31.0791105281967148 41.4794951249999997 19.5800781249999964
vn 2.7328783186529000 -2.0334772692662897 2.4783497737697799
v 31.6650480281967148 41.1376982499999997 19.4824218749999964
vn 0.9708710489198751 -3.0989129132001842 2.4055154072957494
v 31.0302824031967148 40.6005888749999997 19.4335937499999964
vn -0.8521050789117151 -0.6207701732925138 6.1085419856166627
v 30.7373136531967148 41.2353544999999997 19.5312499999999964
vn -2.5891216235793797 -1.0004898076968762 5.2916020772360453
v 29.8584074031967148 41.1376982499999997 19.3359374999999964
vn -1.1872812440092608 -3.3916320448659043 2.7345967070742181
v 30.0048917781967148 40.5517607499999997 19.2382812499999964
vn -2.6067196999424507 -3.5992624233737573 1.3673986927143136
v 29.1259855281967148 40.5517607499999997 18.4570312499999964
vn -4.7718599284891479 -1.6114936922121628 2.3075154862603608
v 28.8818449031967148 41.0888701249999997 18.5058593749999964
vn -2.8461175581571565 3.4435659820002087 2.3410051086212533
v 22.6806730281967148 49.5849638749999997 18.9453125000000000
vn -4.6843079775042131 1.5365452049382329 -1.7741646124235724
v 22.0459074031967148 48.8037138749999997 16.8945312500000000
vn -3.0264872985724267 3.8567294914794066 -1.6196819016773003
v 22.5830167781967148 49.6337919999999997 16.9433593750000000
vn -5.0430902305105709 -0.6171394617038259 -1.8276514106364796
v 21.9970792781967148 47.6806669999999997 16.8457031250000000
vn -3.3554554110795922 -2.9174608669117510 -1.5798616749012460
v 22.1435636531967148 47.1923857499999997 16.8457031250000000
vn -0.8572319949233619 5.3883240777007266 -1.6280671292220568
v 23.5595807683128342 49.9755888749999997 16.9921875000000000
vn 0.7546109929377813 5.2830278951026788 -1.8061001826839957
v 30.0537199031967148 49.9755888749999997 17.1386718750000000
vn 2.4356681517528611 4.3323386106426511 -1.9344207346249747
v 30.7373136531967148 49.7802763749999997 17.1386718750000000
vn -3.1420642673997556 3.8083255153796283 0.2475034756330577
v 22.7783292781967148 49.3896513749999997 16.6015625000000000
vn -4.7215814719821561 1.6571954695174771 -0.1946422098118530
v 22.3388761531967148 48.7548857499999997 16.6015625000000000
vn 2.4515912132877418 4.2470365684641074 -0.6076903885433291
v 30.5908292781967148 49.4873076249999997 16.8457031250000000
vn 4.3664723522951174 2.9086644709192231 -0.3651258459413383
v 31.2255949031967148 48.9501982499999997 16.8457031250000000
vn 4.2023619143625774 2.8305910975078801 -1.6895574735530963
v 31.4697355281967148 49.1455107499999997 17.1875000000000000
vn 5.1977770468700264 0.9559314204374009 -1.7423481496211650
v 31.7627042781967148 48.3154326249999997 17.1875000000000000
vn 5.0797804633309216 0.9722433766227209 -0.2318293646443118
v 31.4697355281967148 48.2666044999999997 16.8457031250000000
vn 4.9292461831488028 -1.1945751153719226 -1.7147547103723593
v 31.9580167781967148 41.8212919999999997 17.1874999999999964
vn 0.4247703391398476 -5.6804999741309343 -1.7641647162429195
v 29.9560636531967148 40.5517607499999997 16.9433593749999964
vn 1.8222677027216636 -4.6574281964368360 -1.8143998435225310
v 30.9326261531967148 40.6005888749999997 17.0410156249999964
vn -2.2359731930872937 -3.2328288412924300 -1.5177607308341377
v 29.0771574031967148 40.5517607499999997 16.8457031249999964
vn 3.8958185921052264 -3.3185645966884492 -1.9366322827278437
v 31.4697355281967148 40.9912138749999997 17.0898437499999964
vn -1.4341471189850199 -4.6501358740052190 -2.4263019514718396
v 22.6318449031967148 46.9970732499999997 14.5507812500000000
vn -0.4553942598551646 -2.4382998639601574 -1.2908815975336081
v 23.1201261531967148 46.8994169999999997 14.5507812500000000
vn -0.5839158531521238 -2.9195792657606185 1.1034293938074109
v 23.1201261531967148 46.8994169999999997 16.2109375000000000
vn -1.5556245333757917 -5.3399492013486878 1.7950247462678601
v 22.6318449031967148 46.9970732499999997 16.2109375000000000
vn -0.3717263451106892 -2.0112000068173228 -0.0645185234557328
v 23.2666105281967148 47.1435576249999997 16.5527343750000000
vn -1.4887033943328776 -4.9101688872463018 -0.2027517053110329
v 22.6806730281967148 47.2412138749999997 16.5527343750000000
vn -1.5137111066531093 -5.1981748558317156 -1.9650054499013563
v 22.6318449031967148 46.9970732499999997 16.8457031250000000
vn -0.5695404063876095 -2.8477020319380477 -1.2202488745409132
v 23.1201261531967148 46.8994169999999997 16.8457031250000000
vn -5.2376463995668221 -1.4937988792861074 1.9931866665620470
v 28.8818449031967148 41.0888701249999997 16.2597656249999964
vn -4.7459608177729722 -1.4126683545725520 0.0000000000000000
v 29.1259855281967148 41.1376982499999997 16.5527343749999964
vn -2.8202467754374418 -0.6267215056527649 1.2153637422004591
v 28.7841886531967148 41.5283232499999997 16.2597656249999964
vn -2.9777801556240089 -3.6041008256575906 0.1638987631205422
v 29.2724699031967148 40.8447294999999997 16.5527343749999964
vn -5.2376463995668203 -1.4937988792861077 -1.9931866665620472
v 28.8818449031967148 41.0888701249999997 16.8457031249999964
vn -1.9379251814451122 -0.3937037007471842 0.0000000000000000
v 29.0283292781967148 41.6748076249999997 16.5527343749999964
vn -2.8202467754374418 -0.6267215056527649 -1.2153637422004591
v 28.7841886531967148 41.5283232499999997 16.8457031249999964
vn -2.5050719708904152 -0.5566826601978700 1.1939608720776842
v 28.7841886531967148 41.5283232499999997 18.5058593749999964
vn -3.0699782183078845 2.1883130234748331 2.3509129808940488
v 4.3701224279064181 37.0361357499999997 20.3124999999999964
vn -3.1740310053884939 2.8231021404073622 1.7504166316465988
v 4.3212943029064181 36.4501982499999997 20.9960937499999964
vn -6.2748696322942816 0.3217185658604256 -0.0088778590373208
v 4.4677790504354480 38.8916074802322385 22.6074218749999964
vn -3.2272928767867475 3.1119844200825173 0.9858882522700076
v 4.3212943029064181 36.0595732499999997 21.8261718749999964
vn -3.0876869742068100 1.2108916897636384 2.9162778272868843
v 4.4189509254354480 37.8662168552322385 19.8242187499999964
vn -2.9870505233052733 3.2423699670630795 -0.1182822763887280
v 4.3212943029064181 35.9130888749999997 22.7050781249999964
vn -3.3583831401163389 0.2977149187200347 3.1061127001484570
v 4.4677790504354480 38.7939512302322385 19.6777343749999964
vn -3.1690216544596148 3.0663700083492014 -1.0960476881736936
v 4.3212943029064181 36.1084013749999997 23.6328124999999964
vn -3.3192470267907574 -0.7050541981950372 2.9839395632753973
v 4.5166071754354480 39.7705137302322385 19.7753906249999964
vn -3.0638680341132329 2.5771286983946684 -2.0722167594601659
v 4.3212943029064181 36.5478544999999997 24.4140624999999964
vn -3.4101905622035793 -1.6572446770823126 2.4566531562110274
v 4.5654356729644778 40.6494199802322385 20.2148437499999964
vn -3.3771900992718367 2.0031577769780098 -2.5122362939278342
v 4.3701224279064181 37.1826201249999997 24.9511718749999964
vn -3.4980749916542102 -2.3865065075125393 1.9269324590606589
v 4.5654356729644778 41.2841856052322385 20.8496093749999964
vn -3.2652128914453518 1.0514265289184217 -2.9701350286576806
v 4.4189509254354480 38.0127012302322385 25.3906249999999964
vn -3.3354737680242263 -2.7337222407877060 1.0164752500252190
v 4.6142637979644778 41.7236387302322385 21.6308593749999964
vn -3.5370310566336483 0.1289472666856965 -3.1063687347454643
v 4.4677790504354480 38.9892637302322385 25.4882812499999964
vn -3.5311299711869064 -2.9555463142431444 0.1128839833686955
v 4.6142637979644778 41.8701231052322385 22.5585937499999964
vn -3.4253688353302891 -0.8474569561652785 -2.9452199546772038
v 4.5166071754354480 39.9169981052322385 25.3417968749999964
vn -3.3479739164605524 -2.7633988246943941 -0.9315611683061333
v 4.6142637979644778 41.7724668552322385 23.4863281249999964
vn -3.4126060953561690 -1.6810624571702175 -2.4445758476309223
v 4.5654356729644778 40.7470762302322385 24.9023437499999964
vn -3.4301553628968970 -2.4489253579306101 -1.8534292482525823
v 4.5654356729644778 41.3818418552322385 24.2675781249999964
vn -3.7153331425611062 1.9492680353553509 2.1065069826529212
v 3.4912161779064177 37.0361357499999997 20.2148437499999964
vn -3.7573069817419089 2.3638561455257050 1.5029162090272754
v 3.4423880529064177 36.4013701249999997 20.8984374999999964
vn -3.8136315829467273 1.1466076002301202 2.6032230066224544
v 3.5400446754354475 37.8662168552322385 19.7265624999999964
vn -3.9203776356481317 0.3280447278065029 2.8012085256042822
v 3.5888728004354475 38.8427793552322385 19.5312499999999964
vn -4.0142624384764147 -0.5802444931221397 2.7215983992393338
v 3.6377009254354475 39.8193418552322385 19.6289062499999964
vn -4.0827222157466743 -1.5271484090097485 2.3516551695134185
v 3.6865294229644774 40.7470762302322385 20.0683593749999964
vn -2.8635128080703405 0.0638615233773256 -3.2883927672032804
v 3.6377009254354475 38.8427793552322385 18.7499999999999964
vn -2.8507945560326555 -0.9419620097477741 -3.1294897731359015
v 3.5888728004354475 37.6220762302322385 18.9453124999999964
vn -2.8000798558751701 0.9745360785940358 -3.1317131992937828
v 3.6865290504354475 40.0634824802322385 18.8964843749999964
vn -2.9028463054021980 -1.9240005510215012 -2.6285583973918243
v 3.5400443029064177 36.5478544999999997 19.5312499999999964
vn -2.6590816064500600 1.9189110545910273 -2.6588341721816078
v 3.7353575479644774 41.1865293552322385 19.3847656249999964
vn -2.9855840129576063 -2.6707986433915867 -1.8346390808536670
v 3.4912161779064177 35.7177763749999997 20.4589843749999964
vn -3.9760177357922237 -1.9611508086661649 1.6683603159754479
v 3.6865294229644774 41.4306699802322385 20.7519531249999964
vn -2.6935002378400457 2.8159115408383624 -1.9619326335851046
v 3.7841856729644774 42.0654356052322385 20.2636718749999964
vn -3.8189121659838121 2.6911253813248193 0.8446779911670523
v 3.4423880529064177 35.9619169999999997 21.7773437499999964
vn -3.9763968166916102 -2.4550241873291405 0.9470222677940031
v 3.7353575479644774 41.8701231052322385 21.5820312499999964
vn -3.0110322732423045 -3.1738854706287314 -0.9210549284992867
v 3.4912161779064177 35.2294951249999997 21.5332031249999964
vn -2.6067562403153173 3.2746298997760128 -1.0614119638755952
v 3.8330137979644774 42.6513731052322385 21.3378906249999964
vn -3.6128639682499286 3.0447797064069486 -0.1644123051005830
v 3.4423880529064177 35.8642607499999997 22.7050781249999964
vn -2.6561141910906421 3.4391015132001828 -0.0611519893097252
v 3.8330137979644774 42.8466856052322385 22.5585937499999964
vn -3.0313905551135751 -3.0738325716926704 0.0480508010175951
v 3.4423880529064177 35.0830107499999997 22.7539062499999964
vn -4.0815940450348362 -2.5324520137261706 0.0869960017402101
v 3.7353575479644774 42.0654356052322385 22.5585937499999964
vn -3.8810213039266062 2.6849133499650755 -0.8997563549221679
v 3.4423880529064177 36.0107451249999997 23.6816406249999964
vn -2.6089528339054913 3.2681551743194253 0.9842162103128157
v 3.8330137979644774 42.7002012302322385 23.7304687499999964
vn -2.9497673167894041 -3.1102219481540549 1.1715439402189840
v 3.4912161779064177 35.2783232499999997 23.9257812499999964
vn -3.9609072410689974 -2.4597044202728711 -0.8114470278815403
v 3.7353575479644774 41.9189512302322385 23.5351562499999964
vn -3.6526332842012090 2.2356107805104766 -1.7208270379275548
v 3.4423880529064177 36.4990263749999997 24.4628906249999964
vn -2.6601069177328251 2.9812997896181934 1.9948534785857286
v 3.8330137979644774 42.1630918552322385 24.8046874999999964
vn -3.0129986636655355 -2.5312112892971741 2.0332081343697714
v 3.4912161779064177 35.8642607499999997 24.9511718749999964
vn -3.9882159169240574 -1.7991340987921909 -1.4019275103428492
v 3.6865294229644774 41.5283262302322385 24.3652343749999964
vn -3.9376838860943546 1.8008736669103533 -2.1599655474041382
v 3.4912161779064177 37.1337919999999997 25.0976562499999964
vn -3.9806347109659312 -1.4387065634304070 -2.1496623436385436
v 3.6865294229644774 40.8935606052322385 24.9999999999999964
vn -2.9317766078441130 -1.8485233092393865 2.7296892024975388
v 3.5400443029064177 36.6455107499999997 25.7324218749999964
vn -2.6979363360158199 2.1860121511064747 2.6446459093213495
v 3.7841856729644774 41.3818418552322385 25.6347656249999964
vn -2.8134963594657654 -0.8406832709520228 3.1617039716209261
v 3.5888728004354475 37.7685606052322385 26.3183593749999964
vn -2.7483453189253573 1.3048683209906784 3.1953724470820033
v 3.7353575479644774 40.3076231052322385 26.2207031249999964
vn -3.9649910276661879 0.9825953606731799 -2.6339052427942047
v 3.5400446754354475 38.0127012302322385 25.5371093749999964
vn -3.9997662007289465 -0.7031173783108944 -2.4828253900447916
v 3.6377009254354475 40.0146543552322385 25.4882812499999964
vn -2.8169275612365965 0.2852590625058578 3.2479738734823780
v 3.6377009254354475 39.0380918552322385 26.4648437499999964
vn -4.0914690758981092 0.1901266154341595 -2.7218905516433729
v 3.5888728004354475 39.0380918552322385 25.6835937499999964
vn 3.4142517037850908 2.9262314289374673 0.9204336996305590
v 20.0439527880805954 35.1318358947677609 21.7773437499999964
vn 3.4484400592659679 2.4179737875745224 1.7038814974104548
v 20.0439527880805954 35.5224608947677609 20.9472656249999964
vn 6.2754087861366807 -0.3010913959106888 -0.0240538093928435
v 20.1416090380805954 37.9638701249999997 22.6074218749999964
vn 3.2962547530950008 1.9085874050918128 2.4639409723890773
v 20.0927809130805954 36.1083983947677609 20.2636718749999964
vn 3.4916266470667385 2.8474964997460788 -0.1235360821073378
v 19.9951246630805954 35.0341796447677609 22.7050781249999964
vn 3.4444833026108932 0.9270325669036080 2.8645857870044091
v 20.0927809130805954 36.9384765197677609 19.8242187499999964
vn 3.3686732641630242 2.8738048091663613 -1.0802254358026782
v 20.0439527880805954 35.1806640197677609 23.5839843749999964
vn 3.3102849729274757 -0.0719199148293173 3.1136160753542228
v 20.1416090380805954 37.8662138749999997 19.6289062499999964
vn 3.4319713795683899 2.2608189970267283 -1.9055374862975110
v 20.0439527880805954 35.6201171447677609 24.3652343749999964
vn 3.3659355024506392 -1.0464621406350627 2.9862090675100776
v 20.1904386531967148 38.8427763749999997 19.7753906249999964
vn 3.4272285843916062 1.5683965656126346 -2.6438586792405427
v 20.0927809130805954 36.2548827697677609 24.9511718749999964
vn 3.1934145378533052 -1.9603153990218585 2.5266564600595904
v 20.2392667781967148 39.7216826249999997 20.1660156249999964
vn 3.4359174237482319 0.7254239167187302 -3.0335512772832391
v 20.1416090380805954 37.0849608947677609 25.3417968749999964
vn 3.1652187211093064 -2.7348455847745972 1.8739292913605987
v 20.2880949031967148 40.3564482499999997 20.8007812499999964
vn 3.3103108501340834 -0.2475839149601492 -3.1468056617671722
v 20.1904371630805954 38.0615263749999997 25.4882812499999964
vn 3.0676502160876988 -3.0501044374232431 0.9753913585236100
v 20.2880949031967148 40.7959013749999997 21.6308593749999964
vn 3.4131170452090003 -1.1864187759511278 -3.0366494716744867
v 20.2392667781967148 38.9892607499999997 25.2929687499999964
vn 3.2152597521393309 -3.4166414599969395 0.1000886200344345
v 20.3369230281967148 40.9423857499999997 22.5097656249999964
vn 3.3195642806494154 -1.9765311161773707 -2.4557550418006171
v 20.2392667781967148 39.8193388749999997 24.8535156249999964
vn 3.1345940814339541 -3.0890658687804260 -0.8183716087116011
v 20.2880949031967148 40.8447294999999997 23.4374999999999964
vn 3.1766874875108049 -2.7307122459107829 -1.8684917378252628
v 20.2880949031967148 40.4541044999999997 24.2187499999999964
vn 3.8473614357479748 1.4134621080452803 1.8666083244833627
v 20.9716871630805954 36.0107421447677609 20.1660156249999964
vn 4.0051244304336349 1.9275014015712204 1.4160857530059223
v 20.9228590380805954 35.3759765197677609 20.8496093749999964
vn 3.9963528098589665 0.7416650012884495 2.4376519901210365
v 20.9716871630805954 36.8408202697677609 19.6777343749999964
vn 3.8618465166434812 2.2519938399808388 0.7661835093268682
v 20.9228590380805954 34.9853515197677609 21.7285156249999964
vn 4.1162567572841340 2.5687341748657295 -0.1720803694338535
v 20.8740309130805954 34.8388671447677609 22.7050781249999964
vn 3.9043652103596735 2.2263833100922965 -0.8205438231816131
v 20.9228590380805954 35.0341796447677609 23.6328124999999964
vn 4.0354896295026590 1.9168762390051768 -1.7224157961867816
v 20.9228590380805954 35.4736327697677609 24.4628906249999964
vn 2.5876868055652400 -3.4016445786883405 -0.9779711212293155
v 20.7763746630805954 34.2041015197677609 21.4843749999999964
vn 2.6108207776238621 -3.4599147768887892 0.1125361528729006
v 20.7763746630805954 34.0576171447677609 22.7050781249999964
vn 2.6436099912558357 -3.0454751365835269 -2.0489051551041433
v 20.7763746630805954 34.7412108947677609 20.4101562499999964
vn 2.6670968975046661 -3.4479249093547830 1.1695828539794166
v 20.7763746630805954 34.3017577697677609 23.8769531249999964
vn 2.6744478640397955 -2.2632673063933764 -2.7957710024099507
v 20.8252027880805954 35.5712890197677609 19.5312499999999964
vn 2.6302579422778130 -2.7915306483895872 1.9670629697343487
v 20.8252027880805954 34.8388671447677609 24.9511718749999964
vn 2.7564532516981548 -1.3107065539849923 -3.2298129111326750
v 20.8740309130805954 36.6455077697677609 18.9453124999999964
vn 3.9249405163417941 1.2761448781076152 -2.0784455787943172
v 20.9716871630805954 36.1083983947677609 25.0488281249999964
vn 3.9572487388027313 -0.1057285906051736 2.5718746724313335
v 21.0205152880805954 37.8173857499999997 19.4824218749999964
vn 2.6968093111304876 -2.1389844067796866 2.9513784853481768
v 20.8252027880805954 35.6689452697677609 25.7324218749999964
vn 2.7752107025352064 -0.2932315112265616 -3.4553228766361759
v 20.9228590380805954 37.8173857499999997 18.7011718749999964
vn 2.6988516549786352 -1.1895748531785970 3.4081466336330495
v 20.8740309130805954 36.7431640197677609 26.2695312499999964
vn 3.8816073830352757 -1.0048002159732641 2.6299859927479687
v 21.0693449031967148 38.8427763749999997 19.6289062499999964
vn 3.9548008775570218 0.4876710119920876 -2.3698697851180288
v 21.0205152880805954 36.9873046447677609 25.4882812499999964
vn 2.8486673762480170 0.7301512104105009 -3.1592562629969203
v 21.0205167781967148 39.0380888749999997 18.8476562499999964
vn 2.8639672728437637 -0.0827038545499834 3.4529329112925247
v 20.9716871630805954 38.0126982499999997 26.4160156249999964
vn 3.9107423203424658 -1.7267825994723274 2.2156012137934473
v 21.1181730281967148 39.7216826249999997 20.0195312499999964
vn 3.9387064696175131 -0.2309508538623122 -2.5693925074309103
v 21.0693434130805954 38.0126982499999997 25.6347656249999964
vn 2.9228928496077127 1.7604973056986628 -2.7925775379244890
v 21.0693449031967148 40.1611357499999997 19.3847656249999964
vn 2.8585007499768449 0.9731755422789929 3.2656787522716160
v 21.0205167781967148 39.2822294999999997 26.2207031249999964
vn 3.7810451506666061 -2.3189264913352052 1.5755780810781976
v 21.1670011531967148 40.4052763749999997 20.7031249999999964
vn 3.9113767275776987 -0.9531683043782947 -2.3871867208832098
v 21.1181730281967148 39.0380888749999997 25.4394531249999964
vn 2.9646389573898335 2.5318103457703427 -2.0320458112293154
v 21.1181730281967148 41.0400419999999997 20.2148437499999964
vn 3.9742740554360978 -1.8218758982056338 -2.1351352185381440
v 21.1181730281967148 39.8681669999999997 24.9999999999999964
vn 2.9678473480050802 3.0975063424755893 -1.0644373018437658
v 21.1181730281967148 41.6259794999999997 21.2890624999999964
vn 2.8832101159976880 1.9180793608274609 2.6642628754264868
v 21.0693449031967148 40.4052763749999997 25.6347656249999964
vn 3.6324400702389696 -2.7271832871307318 0.9453553401630501
v 21.1670011531967148 40.8447294999999997 21.5820312499999964
vn 3.7558041141648157 -2.3470765843091499 -1.5553186968117694
v 21.1670011531967148 40.5029326249999997 24.3164062499999964
vn 3.0318504247220774 3.4343130371778345 -0.1063887876496720
v 21.1181730281967148 41.8212919999999997 22.5097656249999964
vn 3.0051056914648497 2.6741222380243785 1.8504256440403855
v 21.1181730281967148 41.1865263749999997 24.7558593749999964
vn 3.7090909831797858 -2.5813528731272473 0.0008278885434055
v 21.2158292781967148 41.0400419999999997 22.5097656249999964
vn 2.9762330794728027 3.2729897004261144 0.9946081542640384
v 21.1181730281967148 41.6748076249999997 23.7304687499999964
vn 3.8174696779464932 -2.4602468806689077 -0.6267155476083324
v 21.2158292781967148 40.9423857499999997 23.4863281249999964
vn -3.2620232267847911 2.9262020539658362 1.0657489923335068
v 3.6380768072265623 -3.1982422302322377 21.4843750000000000
vn -3.2717515585271371 3.1161949452867077 0.1006019625921347
v 3.6380768072265623 -3.3447266052322377 22.2656250000000000
vn -6.2831853071795143 0.0000008978535541 -0.0000000520845920
v 3.6380771797555922 -0.5615234802322377 22.3632812500000000
vn -3.2373305168024804 2.9832023541691015 -0.8851356057682840
v 3.6380768072265623 -3.2470703552322377 23.0957031250000000
vn -3.2842106272256584 2.4136017692217315 1.9593729089880760
v 3.6380768072265623 -2.7587905953483571 20.7031250000000000
vn -3.2333246008276726 2.5224508322309016 -1.8308977037259173
v 3.6380768072265623 -2.8564468453483571 23.8769531250000000
vn -3.4073446811272481 1.7237231249473957 2.5962022246828420
v 3.6380768072265623 -2.0751953552322377 20.1171875000000000
vn -3.3777045785030753 1.9419334140876960 -2.4387969073913132
v 3.6380768072265623 -2.2216797302322377 24.5117187500000000
vn -3.3294079277064088 0.8972779940311977 2.9744313273212009
v 3.6380771797555922 -1.2939453552322380 19.7265625000000000
vn -3.2337660125477470 1.0570434821314139 -2.9231330339319186
v 3.6380768072265623 -1.4892578552322375 24.9511718750000000
vn -3.4214455232380918 -0.1011636549843031 3.1084486786301291
v 3.6380771797555922 -0.4150391052322379 19.6289062500000000
vn -3.3001937789916593 0.0784433703919963 -3.1186573346652842
v 3.6380771797555922 -0.6103516052322375 25.0976562500000000
vn -3.3994380525801238 -1.0124744132662391 2.9378263994616622
v 3.6380771797555922 0.4150867034835825 19.7753906250000000
vn -3.2815798239501426 -0.8746473977700367 -2.9848548256576648
v 3.6380771797555922 0.2197265197677624 25.0000000000000000
vn -3.3310671611813465 -1.9166255639938834 2.4497115341046563
v 3.6380771797555922 1.1473655273361199 20.1660156250000000
vn -3.3735783362720237 -1.7665690193743671 -2.5655293038320628
v 3.6380771797555922 1.0009765197677607 24.6093750000000000
vn -3.3160645066866814 -2.6028266999488130 1.7033602367476806
v 3.6380775522846220 1.7333983947677605 20.8007812500000000
vn -3.2374376161336076 -2.4619628475401329 -1.9142664464858323
v 3.6380775522846220 1.5869140197677607 24.0722656250000000
vn -3.4081819215914355 -2.9950893506231284 0.8334300357542199
v 3.6380775522846220 2.0751952697677605 21.5820312500000000
vn -3.1939996225632910 -2.9307498233058329 -1.0493033215883303
v 3.6380775522846220 2.0263671447677605 23.2910156250000000
vn -3.3895384166103719 -3.1091970738201913 -0.1180638119882897
v 3.6380775522846220 2.1728515197677605 22.4121093750000000
vn -3.7800888040161733 2.0528622820710574 0.7170478564929287
v 2.5638580572265623 -3.3447266052322377 21.4355468750000000
vn -3.8651958946192773 1.6413227251824583 1.2948517832151034
v 2.5638580572265623 -2.9052734802322377 20.6054687500000000
vn -3.7216441223468704 2.1707653168720116 0.0736274938932443
v 2.5638578709620474 -3.4912109802322377 22.2656250000000000
vn -3.8053449109484401 2.0394360650043648 -0.6155771358273260
v 2.5638580572265623 -3.3935547302322377 23.1445312500000000
vn -3.7024940830678630 1.7838924909197786 -1.3114248795426802
v 2.5638580572265623 -2.9541016052322377 23.9746093750000000
vn -2.7615777635468466 -3.0088789287826145 -2.3675796488150858
v 2.7591703709620474 -3.4912109802322377 20.1660156250000000
vn -3.7705430479611777 1.2086693536776125 1.8370685712266126
v 2.5638580572265623 -2.1728516052322377 19.9707031250000000
vn -2.6849747650820408 -3.5671012789638494 -1.2200299288284606
v 2.7591703709620474 -4.0771484802322382 21.1914062500000000
vn -2.7683360327082971 -2.1821560414339967 -3.1210435917225103
v 2.7591705572265623 -2.6123047302322377 19.3359375000000000
vn -2.7259611854464083 -1.1024677921689756 -3.6207356027424153
v 2.7591707434910773 -1.5380859802322380 18.7988281250000000
vn -2.8286862831138353 -3.8700325436692804 -0.0792432756768637
v 2.7591703709620474 -4.2236328552322373 22.2656250000000000
vn -3.8960186724383870 0.5926039375129110 2.0513883475537447
v 2.5638582434910773 -1.2939453552322380 19.5312500000000000
vn -3.8582678363557101 -0.0672575809406699 2.1809440850977180
v 2.5638584297555922 -0.4150391052322379 19.4335937500000000
vn -2.6904820815072412 -3.6312133779929052 1.0357104943977480
v 2.7591703709620474 -4.1259766052322373 23.3398437500000000
vn -2.7154563144885588 0.1464577120937347 -3.7811754190713711
v 2.7591709297555922 -0.4150391052322379 18.6523437500000000
vn -3.9025341472308224 -0.6758364464386517 1.9915820147971477
v 2.5638584297555922 0.4639148284835807 19.5800781250000000
vn -2.7427061287158288 -3.0894260761160983 2.2152278239921821
v 2.7591703709620474 -3.5888672302322377 24.4140625000000000
vn -2.7816757637646172 1.3177337953095880 -3.6300259637333330
v 2.7591711160201071 0.7080554534835806 18.8964843750000000
vn -3.7979352015721877 1.3468284818662903 -1.6659514791551817
v 2.5638580572265623 -2.3193359802322377 24.6582031250000000
vn -2.7271999086899887 2.3046607179555347 -3.0244500858879388
v 2.7591711160201071 1.7333983947677603 19.4335937500000000
vn -2.7728926741253015 -2.3096002758772545 3.0792806456116697
v 2.7591705572265623 -2.7587891052322377 25.2441406250000000
vn -3.8266529943441436 -1.3409863944404621 1.6973084312566225
v 2.5638586160201071 1.2450217773361199 20.0195312500000000
vn -2.7544432279821303 -1.3349328125054909 3.6070911631066167
v 2.7591707434910773 -1.7822266052322375 25.7812500000000000
vn -2.7515976376586102 3.1379016325829712 -2.1438023232703078
v 2.7591713022846220 2.5146483947677605 20.2636718750000000
vn -3.7926732983356657 0.6864664278175391 -2.0074110437811132
v 2.5638582434910773 -1.5380859802322375 25.0976562500000000
vn -3.8456350238827217 -1.8045235136940159 1.1994999474730239
v 2.5638586160201071 1.8798827697677605 20.7031250000000000
vn -2.6980705461392791 -0.0690335572514559 3.7703894550961090
v 2.7591709297555922 -0.6103516052322375 26.0253906250000000
vn -3.9083247028951185 -2.0627346222672118 0.5837399075329344
v 2.5638588022846220 2.2705077697677605 21.5332031250000000
vn -3.7042383469853890 0.0724084953866898 -2.2147631150664613
v 2.5638584297555922 -0.6103516052322375 25.2441406250000000
vn -2.7384370497353623 3.6429571863559662 -1.0643037647483309
v 2.7591713022846220 3.0029296447677605 21.2890625000000000
vn -2.7824572627338422 1.1481656585088156 3.6672259369044484
v 2.7591709297555922 0.5615710784835810 25.8300781250000000
vn -2.7520524079331992 3.7868450271789014 0.1153995840470601
v 2.7591713022846220 3.1494140197677605 22.4609375000000000
vn -3.8266353451301391 -0.6172039767379019 -2.0039511618168451
v 2.5638584297555922 0.3174304534835828 25.1464843750000000
vn -3.8989001012875284 -2.1534032941902086 -0.1143085929225900
v 2.5638588022846220 2.3681640197677605 22.4121093750000000
vn -3.8153080119751679 -1.2658775339125197 -1.7367448778173347
v 2.5638586160201071 1.0985374023361201 24.7558593750000000
vn -3.7541489030493382 -2.1117915990427054 -0.7536191629300775
v 2.5638588022846220 2.1728515197677605 23.2910156250000000
vn -2.7278477864000514 2.1940489072916076 3.0968186742044885
v 2.7591711160201071 1.5869140197677607 25.3417968750000000
vn -2.7619021045498631 3.5607559273215008 1.2233839578408088
v 2.7591713022846220 2.9541015197677605 23.5351562500000000
vn -2.7705374859208143 3.0487523799883953 2.2337083143346423
v 2.7591713022846220 2.4658202697677605 24.4628906250000000
vn -3.6763915148809585 -1.8664463961470399 -1.2862117669890383
v 2.5638586160201071 1.7822265197677607 24.0234375000000000
vn 6.2825117181476902 -0.0533051985338947 0.0347768967516089
v 19.0185576927322373 -0.5615264604644765 22.3632812500000000
vn 3.2813881952523216 3.1170928614423508 0.0756158070465315
v 19.0185576927322373 -3.3447295854644765 22.3144531250000000
vn 3.2705481987313920 2.9371518378961645 1.0321548910652494
v 19.0185576927322373 -3.1982452104644765 21.4843750000000000
vn 3.2320386632123772 2.9742610183196683 -0.9166863443304343
v 19.0185576927322373 -3.2470733354644765 23.0957031250000000
vn 3.3370010443814988 2.4393089984684719 1.9333900933160644
v 19.0185576927322373 -2.7587920854644765 20.7031250000000000
vn 3.2514863101634028 2.5686942816828076 -1.7721707643767328
v 19.0185576927322373 -2.8564483354644765 23.8769531250000000
vn 3.2926726721000601 1.7312102989149083 2.5923082213632331
v 19.0185576927322373 -2.1240264604644765 20.1171875000000000
vn 3.1967759328881238 1.8743595938651283 -2.4841190547294847
v 19.0185576927322373 -2.2216827104644765 24.5605468750000000
vn 3.2911120278257942 0.7858572394741331 2.9533042012796713
v 19.0185576927322373 -1.2939483354644767 19.7265625000000000
vn 3.3331579343453845 1.0073056690743143 -2.9503201220933049
v 19.0185576927322373 -1.4404327104644763 24.9511718750000000
vn 3.4247116233502379 -0.1965166102719896 3.2130749729254413
v 19.0673858177322373 -0.4638702104644766 19.6289062500000000
vn 3.3799773980005594 0.0576587784262525 -3.1103506762497535
v 19.0185576927322373 -0.6103545854644763 25.0976562500000000
vn 3.3047542353098351 -1.0005187751360904 3.0009170538560537
v 19.0673858177322373 0.4150837232513437 19.7753906250000000
vn 3.2597783908396258 -0.8733821190407329 -2.9871064789916533
v 19.0185576927322373 0.2197235395355237 25.0000000000000000
vn 3.3407156690110860 -1.9319968711966542 2.4984370610959719
v 19.0673858177322373 1.1473625471038811 20.1660156250000000
vn 3.3776729778470322 -1.7614191536610171 -2.5693324997034930
v 19.0185576927322373 1.0009735395355219 24.6093750000000000
vn 3.3188917915676761 -2.6560557116915335 1.7096587143303945
v 19.0673858177322373 1.7333954145355217 20.8007812500000000
vn 3.2920128804043607 -2.4512623251699868 -1.8374707925713845
v 19.0185576927322373 1.5379875471038813 24.1210937500000000
vn 3.3288721576337319 -3.0488672029001487 0.8590003557766587
v 19.0673858177322373 2.0751922895355217 21.5820312500000000
vn 3.4868506668269723 -3.0394123211145629 -1.0350845759320300
v 19.0673858177322373 1.9775360395355217 23.2910156250000000
vn 3.3854079243626951 -3.1532096361816766 -0.1478110547093591
v 19.0673858177322373 2.1728485395355217 22.4121093750000000
vn 3.7334036204433430 2.2114039402625161 0.0776062175883674
v 20.0927764427322373 -3.4912139604644765 22.2656250000000000
vn 3.8154934438222066 2.0437911107804805 -0.6263228634458399
v 20.0927764427322373 -3.3935577104644765 23.1445312500000000
vn 3.7696023578006432 2.0633915493307962 0.6964425850040695
v 20.0927764427322373 -3.3447295854644765 21.4355468750000000
vn 3.8271735060830356 1.6529986695259002 1.3003255578492325
v 20.0927764427322373 -2.9052764604644765 20.6054687500000000
vn 3.6913289065979025 1.8092965078301966 -1.2808920679970139
v 20.0927764427322373 -2.9541045854644765 23.9746093750000000
vn 2.7615767542623861 -3.0088794939967229 -2.3675799008104579
v 19.8974639427322373 -3.4912139604644765 20.1660156250000000
vn 3.7342436785201700 1.1607140393304685 1.9220837507315083
v 20.0927764427322373 -2.1728545854644765 19.9707031250000000
vn 2.7246031232183365 -3.5570386467620825 -1.2937099812503310
v 19.8974639427322373 -4.0771514604644770 21.1914062500000000
vn 2.7595250419188155 -2.2459127815401567 -3.1231174629883496
v 19.8974639427322373 -2.6123077104644765 19.3359375000000000
vn 2.7231452397699765 -1.0006472187533175 -3.4424240526881702
v 19.9462920677322373 -1.5380889604644767 18.7988281250000000
vn 2.7433654553602138 -3.7931671785126762 -0.0840321886703204
v 19.8974639427322373 -4.2724639604644761 22.2656250000000000
vn 3.8005336234962086 0.7107530972490560 2.3204595406256043
v 20.0927764427322373 -1.3427764604644767 19.5800781250000000
vn 3.9809382202998345 -0.0948031235502466 2.2976372833572145
v 20.0927764427322373 -0.4150420854644767 19.4335937500000000
vn 2.7288254991132987 -3.6304547190799141 1.1199696021508583
v 19.8974639427322373 -4.1259795854644761 23.3398437500000000
vn 2.8363534530571002 0.1587059433943209 -3.6723042364511853
v 19.9462920677322373 -0.4150420854644767 18.7011718750000000
vn 3.8168672113939368 -0.7769828686652092 2.2699149197328214
v 20.0927764427322373 0.4639118482513419 19.6289062500000000
vn 2.7679969824778325 -3.1231293754225007 2.1818661502460088
v 19.8974639427322373 -3.5888702104644765 24.4140625000000000
vn 2.7896050809434092 1.1691200868269613 -3.4423101571816312
v 19.9462920677322373 0.7080524732513418 18.8964843750000000
vn 3.7433372560001317 1.3345005333252984 -1.7219795410479510
v 20.0927764427322373 -2.3193389604644765 24.6582031250000000
vn 3.9247207276021188 -1.4153533698025591 1.8644335774648702
v 20.0927764427322373 1.2450187971038811 20.0195312500000000
vn 2.7097368942891675 -2.2500253356698976 3.0373351912095421
v 19.8974639427322373 -2.7587920854644765 25.2929687500000000
vn 2.7624956204311593 2.1954393714239799 -2.8896713366031155
v 19.9462920677322373 1.7333954145355215 19.4335937500000000
vn 2.7684127799057108 -1.2096305985453464 3.6248162821130858
v 19.8974639427322373 -1.6845733354644763 25.8300781250000000
vn 2.7798421135224243 3.0094738038784206 -2.0903208148092700
v 19.9462920677322373 2.5146454145355217 20.2636718750000000
vn 3.7100645865109656 0.7446117477867971 -2.0590609933952795
v 20.0927764427322373 -1.4892608354644763 25.0976562500000000
vn 3.9606195668600135 -2.0768728816604387 1.1887447573620025
v 20.0927764427322373 1.8798797895355217 20.7031250000000000
vn 2.7432658515041513 -0.1028713617068209 3.8272561806019461
v 19.8974639427322373 -0.6103545854644763 26.0253906250000000
vn 3.7088648603635495 -2.1620883634963439 0.6009416900756321
v 20.1416045677322373 2.2216766645355217 21.5332031250000000
vn 3.9034488781050034 0.0125409069076425 -2.0840870386855594
v 20.0927764427322373 -0.6103545854644763 25.2929687500000000
vn 2.7115685944561823 3.6079892474501403 -0.9769319836777053
v 19.9462920677322373 3.0029266645355217 21.2890625000000000
vn 2.7614700809031234 1.0577546593316471 3.6605533943490554
v 19.8974639427322373 0.5127399732513422 25.8789062500000000
vn 2.8194111088287035 3.7961451094119418 0.1854202022471490
v 19.9462920677322373 3.1005829145355217 22.4609375000000000
vn 3.7710516320876164 -0.6286758419980331 -2.1064127015074607
v 20.0927764427322373 0.2685993482513440 25.1464843750000000
vn 3.8625029927448002 -2.0483613862826555 0.0295625765150708
v 20.1416045677322373 2.3681610395355217 22.4121093750000000
vn 3.8323315942881302 -1.3283214907266865 -1.7934955737592619
v 20.0927764427322373 1.0985344221038813 24.7558593750000000
vn 3.9370764066901791 -2.2351449326552251 -0.7948242639192202
v 20.0927764427322373 2.1728485395355217 23.3398437500000000
vn 2.7220880162343670 2.0800535460730378 3.1988948357412399
v 19.8974639427322373 1.5869110395355219 25.3906250000000000
vn 2.7834814396452261 3.4298970143074552 1.1559758345537348
v 19.9462920677322373 2.9052704145355217 23.6328125000000000
vn 2.7603267433845815 2.8292372000562582 2.1950379989460189
v 19.9462920677322373 2.3681610395355217 24.6582031250000000
vn 3.8015669132860386 -1.9664424909062022 -1.4602466749348531
v 20.0927764427322373 1.7333954145355219 24.1210937500000000
vn -3.0699165101863346 -0.5283157361947594 -0.0198354478694772
v -24.4873091328483596 -6.8618745039062503 1.1230468750000002
vn -5.0730862421146785 0.8541322291549571 -2.0230051797978241
v -24.4873016822677627 42.3584073354644772 1.1230468750000000
vn -5.4975070461934994 0.9291041115363361 1.5574528988305907
v -24.4873016822677627 42.3584073354644772 2.4414062500000000
vn -3.6689326519211956 3.3878042420667729 1.3719432043646502
v -24.2431610572677627 43.0420010854644772 2.4414062500000000
vn -3.2853827213039515 3.1590423884726366 -1.7376342018295883
v -24.2431610572677627 43.0420010854644772 1.1230468750000000
vn -5.7815870797931579 -0.9795669979612207 1.0951815479665765
v -24.4873091328483596 -6.8618745039062503 2.4414062500000000
vn -1.4792847355219743 -0.5283159769721336 0.0000000000000000
v -24.2431685078483596 -7.5454682539062503 1.1230468750000000
vn -3.7252315833377692 0.8326809380877185 4.3195682757192593
v -24.1455048072677627 42.3584073354644772 2.9785156250000000
vn -2.8941888217104546 -2.0784474787050047 1.3998690073181774
v -24.2431685078483596 -7.5454682539062503 2.4414062500000000
vn -2.7053699103244813 -1.1927136727454406 3.7646377222015053
v -24.1943403828483596 -6.8618745039062503 3.1738281250000000
vn -0.8214840378220045 -3.7355143649213636 4.4530394355354792
v -23.5107466328483596 -7.4478120039062503 2.9785156250000000
vn -0.4220842875432287 -2.2964772332584742 1.6701652605516175
v -23.5107466328483596 -7.8384370039062503 2.4414062500000000
vn -0.2291009344102303 -1.1972366311710632 6.0109478316191485
v -23.5107466328483596 -6.8618745039062503 3.2226562500000000
vn 1.1219916467916868 -1.1364396590647377 5.6666021681848608
v 23.6572280776161179 -6.8618804643707279 3.4667968750000000
vn 1.0754912914315047 -1.4985630546229205 2.6966445845816560
v 23.6572280776161179 -7.5454742143707279 3.1738281250000000
vn -1.1217668533371081 0.2262008772001695 6.0441482755863625
v -23.5107391822677627 42.3584073354644772 3.2226562500000000
vn -1.1660885616185188 2.7424911945099248 3.7714535086147274
v -23.5107391822677627 43.0420010854644772 3.1738281250000000
vn 1.2438124148786076 3.7306088165796272 3.6398006240508431
v 23.6572355281967148 43.0419951249999997 3.1738281250000000
vn 1.1217807889646205 1.1365639162373271 5.6665477124954782
v 23.6572355281967148 42.3584013749999997 3.4667968750000000
vn 3.6432183882255225 -1.5660039372291470 3.2652892145666379
v 24.3408218276161179 -6.8618804643707279 3.1738281250000000
vn 3.7349882377688441 1.2512194762599373 3.6379426449286019
v 24.3408292781967148 42.3584013749999997 3.1738281250000000
vn 2.3278812818244079 -0.9976634064961745 -0.8840916448802577
v 24.3408218276161179 -7.5454742143707279 1.1230468750000000
vn 1.4806323618048232 -0.1585337551113285 -1.4806323618048227
v 23.6572280776161179 -6.8618804643707279 0.1464843750000000
vn 4.9972680024932510 -0.9924650625382108 -1.9826820387542183
v 24.6337905776161179 -6.8618804643707279 1.1230468750000002
vn 5.5005936178613135 -1.3429106182283825 1.2775919386636838
v 24.6337905776161179 -6.8618804643707279 2.4414062500000000
vn 2.7294419032850543 -1.1697608156935946 1.1999421152515104
v 24.3408218276161179 -7.5454742143707279 2.4414062500000000
vn 5.7014749575448445 1.1452413589096411 1.0747555975223249
v 24.6337980281967148 42.3584013749999997 2.4414062500000000
vn 4.9972678511210811 0.9924642507241280 -1.9826818873820518
v 24.6337980281967148 42.3584013749999997 1.1230468750000000
vn 3.7572536588562864 3.7572536588562868 1.1708904905502240
v 24.3408292781967148 43.0419951249999997 2.4414062500000000
vn 3.3255446883205826 3.3255446883205826 -1.7681832897605154
v 24.3408292781967148 43.0419951249999997 1.1230468750000000
vn -1.0820848039543005 5.7344570256525706 1.0820851693201765
v -23.5107391822677627 43.3349698354644772 2.4414062500000000
vn 1.1452422002486591 5.7014750533168943 1.0747556358311448
v 23.6572355281967148 43.3349638749999997 2.4414062500000000
vn -0.9385730757250612 5.0279505346003237 -1.9987064322481964
v -23.5107391822677627 43.3349698354644772 1.1230468750000000
vn 0.9924649954858081 4.9972679899905534 -1.9826820262515197
v 23.6572355281967148 43.3349638749999997 1.1230468750000000
vn -1.7005880632118109 -1.8011236741958478 -1.9171034264699858
v -24.6826216328483596 -12.0849579999999985 18.2617187500000000
vn -1.1616880410730284 -1.5557785683869434 -5.2695262265862821
v -24.0478560078483596 -11.9384736249999985 17.9199218750000000
vn -1.1694040992177634 -4.4993440375339677 -2.0942594125349694
v -24.0478560078483596 -12.4755829999999985 18.3105468750000000
vn 0.0060429583799931 -4.9017611219202770 -2.5793603956766904
v -12.0361357677322385 -12.4755859802322373 18.3105468750000000
vn 1.0544882410493839 -4.8512791854682140 -2.0050419702990765
v 23.9974990737098679 -12.4267608354644761 18.3593750000000000
vn 1.2793369207189480 -1.6839378022986189 -4.9739307612636505
v 23.9974990737098679 -11.9384795854644761 17.9199218750000000
vn 1.6504527015713257 -1.9740613784497920 -1.7757706770591195
v 24.5834365737098679 -12.1337920854644761 18.3105468750000000
vn -1.1350695705973175 1.6489232810551122 -5.1914872253999897
v -24.0478560078483596 -8.0322236249999985 17.9199218750000000
vn -1.5933293872894079 1.8526114060346222 -1.8643491844997786
v -24.6826216328483596 -7.8857392499999994 18.2617187500000000
vn 1.3000630051514017 1.8208676965590183 -4.8112665009172666
v 23.9974990737098679 -7.9345733354644770 17.9199218750000000
vn -1.2156339315062161 -4.8707681651852663 1.8966886285361939
v -24.0478560078483596 -12.4267548749999985 25.0488281250000000
vn -1.3838251367955285 -2.5940505574521602 1.2823121407568869
v -24.6337935078483596 -12.0849579999999985 25.0976562500000000
vn -0.7593161219891715 -2.2663242121012450 5.0502831409936251
v -24.0478560078483596 -11.6455048749999985 25.8300781250000000
vn -0.8352394349742474 -1.1095300457427719 2.8358881941835778
v -24.5849653828483596 -11.4990204999999985 25.7324218750000000
vn 0.0028874280788020 -5.3615953750430219 2.2455679511326734
v -12.0361357677322385 -12.4267578552322373 25.0488281250000000
vn 1.1619259245324500 -4.7088323857706342 2.0142118232525430
v 23.9974990737098679 -12.4267608354644761 25.0976562500000000
vn -1.0854285096509000 4.6816737520165876 -2.0716476328543250
v -24.0478560078483596 -7.5439423749999994 18.3105468750000000
vn -1.0522239762772223 4.5785500683361748 2.2226991999466073
v -24.0478560078483596 -7.5927704999999985 25.0976562500000000
vn -1.2298029059947446 2.4822607441058095 1.4699798798322823
v -24.6337935078483596 -7.8857392499999985 25.0976562500000000
vn -0.0107380256352384 4.9352783517461827 2.5801834162193842
v -12.0361350226741788 -7.5439453552322373 25.0976562500000000
vn -0.0014469476578025 5.0937646581586709 -2.4627822141218925
v -12.0361350226741788 -7.5439453552322382 18.3105468750000000
vn 1.0983538083468127 4.6644019823446872 2.0551462847668027
v 23.9974990737098679 -7.4951202104644761 25.0488281250000000
vn 1.2075120749862622 4.8677695056607222 -1.8787620964952898
v 23.9974990737098679 -7.4951202104644770 18.3593750000000000
vn 1.8585981560099096 1.9116335010284760 -1.8092100460936229
v 24.5834365737098679 -7.8369170854644770 18.3105468750000000
vn 1.1637361360837082 2.4273765559710108 1.5134011293962886
v 24.5834365737098679 -7.8369170854644761 25.1464843750000000
vn 1.3269750931167621 -2.4824657037525024 1.3687544223175980
v 24.5834365737098679 -12.0849639604644761 25.1464843750000000
vn -0.7753938595383588 1.7459529507504505 5.4237758476174003
v -24.0478560078483596 -8.6669892499999985 25.8789062500000000
vn -0.8856159019497098 0.9828306782181956 2.9196480810762040
v -24.5849653828483596 -8.7158173749999985 25.7324218750000000
vn -0.0138803736874006 1.7917680959862345 5.7202821046989332
v -12.0361357677322385 -8.6669922302322373 25.8789062500000000
vn -0.0055076673874197 -2.2200846353189503 5.3616624713194723
v -12.0361357677322385 -11.5966797302322373 25.8789062500000000
vn 0.6139788014139563 1.8860548444022198 5.4273052925466212
v 23.9974990737098679 -8.6181670854644761 25.9277343750000000
vn 0.8167237449258836 -1.9450198202373885 5.2500220885149691
v 23.9974990737098679 -11.4501983354644761 25.9277343750000000
vn 0.7151108791680616 1.0258743043241727 2.9482396989278592
v 24.4857803237098679 -8.6669952104644761 25.8300781250000000
vn 0.9970406296235792 -1.1461948390467134 2.8973573322965827
v 24.4857803237098679 -11.4013702104644761 25.7812500000000000
vn -5.2308613293197403 -0.6251104055420877 -1.9115940990091156
v 24.9755859624999985 -6.2252089808540338 18.4570312500000000
vn -1.7868922724762628 -0.9365797537316973 -5.0979747239732571
v 25.5126983177322373 -6.2744185755805963 17.9199218750000000
vn -1.9342393141090879 -1.0110997577957601 -1.7519410449062642
v 25.2197295677322373 -6.9580123255805963 18.2617187500000000
vn -1.6527435081935351 1.0469847075476995 -5.2104228090597342
v 25.6591886531967148 42.0654326249999997 17.9199218749999964
vn -4.8857284963790288 0.9083186222327272 -2.0247390038695086
v 25.0244230281967148 42.0654326249999997 18.4570312499999964
vn 2.0009511892333673 -1.1556406797416090 -1.7638372968770826
v 29.7119170677322373 -6.9091842005805963 18.3105468750000000
vn 1.7966011467365228 -1.0425064338992105 -5.0339678065472340
v 29.4189483177322373 -6.2252089808540338 17.9199218750000000
vn -2.4860282032901990 -0.6402168046494821 1.4132667189602304
v 25.2685576927322373 -6.9580123255805955 25.1464843750000000
vn -5.0249105601023558 -0.7174391285387129 2.1385464955264295
v 25.0244170677322373 -6.2252089808540330 25.0488281250000000
vn -4.9175087916041660 1.0287482689656453 2.0289992385802234
v 25.0732511531967148 42.0654326249999997 25.0488281249999964
vn -2.5349748973419635 1.0939237908761104 1.3391244739977215
v 25.4150480281967148 42.7978544999999997 25.0976562499999964
vn -1.9140002583875892 1.3206746537864889 -1.8469040503688050
v 25.3662199031967148 42.7978544999999997 18.3105468749999964
vn 1.9140654467428087 1.3133445999689288 -1.8473778492711548
v 29.6142667781967148 42.7978544999999997 18.3105468749999964
vn 1.6522445578992004 1.0479863633351407 -5.2108437155190366
v 29.3212980281967148 42.0654326249999997 17.9199218749999964
vn 5.1846609865844604 -0.7129187124986683 -1.9460341171040014
v 29.9560576927322373 -6.2252089808540338 18.4570312500000000
vn 4.8860812174456276 0.9079670648941803 -2.0228180250484376
v 29.9560636531967148 42.0654326249999997 18.4570312499999964
vn 5.1846608942330255 -0.7127815199942982 1.9460279973084029
v 29.9560576927322373 -6.2252089808540330 24.9511718750000000
vn 2.6154254368424699 -0.6868444353127224 1.3556548125524917
v 29.7119170677322373 -6.9091842005805955 25.0976562500000000
vn 5.0991701893619661 0.8619921715450893 1.9681409856413103
v 29.9072355281967148 42.0654326249999997 24.9999999999999964
vn 2.5733650472997609 0.9522701690367591 1.3058907836613909
v 29.6142667781967148 42.7978544999999997 25.0976562499999964
vn 2.1749986006761333 -0.4555281273057324 5.2487847510039360
v 29.0283233177322373 -6.2252089808540330 25.8789062500000000
vn 1.1123976438027114 -0.5219900076718389 2.8387752514330651
v 28.9794951927322373 -6.8603560755805955 25.7812500000000000
vn -1.1030129210147401 -0.6689785993635106 2.9087927225252526
v 26.0498076927322373 -6.8603560755805955 25.7812500000000000
vn -1.9669316674242472 -0.6562527065122818 5.2636454952448064
v 26.0009795677322373 -6.2252089808540330 25.9277343750000000
vn 2.0511927701688313 0.8053801532523761 5.1034628849392529
v 28.9795011531967148 42.0654326249999997 25.9277343749999964
vn -2.0441217172685868 0.8816418215510959 5.0912849455067404
v 26.0009855281967148 42.0654326249999997 25.9277343749999964
vn 1.0414309309688699 1.0611768316597086 2.9281092374096174
v 28.8818449031967148 42.7001982499999997 25.7324218749999964
vn -1.1432345759059588 1.0183809697181034 2.8789084768414535
v 26.0986417781967148 42.7001982499999997 25.7324218749999964
vn -1.7153219195291223 -4.3968378447859324 -1.7153207807772537
v 24.4873062026161179 -13.1103545854644779 0.3417968749999999
vn -4.3968375839521521 -1.7153205226176635 -1.7153205226176642
v 24.1455093276161179 -12.7685577104644779 0.3417968750000000
vn -1.7153211020451453 -1.7153202617835184 -4.3968378447861438
v 24.4873062026161179 -12.7685577104644779 -0.0000000000000000
vn -4.3968335575370512 1.7153239744216209 -1.7153189173895318
v 24.1455093276161179 -6.5673858354644779 0.3417968750000000
vn -1.7153189018211679 1.7153239747315003 -4.3968335572271551
v 24.4873062026161179 -6.5673858354644779 0.0000000000000000
vn 1.7134139849152341 -4.3987344493061089 -1.7195362875487832
v 30.2001953374999985 -13.1103575656967166 0.3417968749999999
vn 1.7153197028939555 -1.7153213172547923 -4.3968375634138344
v 30.2001953374999985 -12.7685606906967166 0.0000000000000000
vn 4.3987337839095311 -1.7134877983086407 -1.7204503995809441
v 30.5419922124999985 -12.7685606906967166 0.3417968750000000
vn 1.7153220832484082 1.7153204329996061 -4.3968358688484805
v 30.2001983177322373 -6.5673873255805972 0.0000000000000000
vn -1.7153186760295682 4.3968456367743114 -1.7153186760295682
v 24.4873062026161179 -6.2255904505805972 0.3417968750000000
vn 1.7153242485518947 4.3968336876616609 -1.7153187872894340
v 30.2001983177322373 -6.2255904505805972 0.3417968750000000
vn 4.3968429752660718 1.7153152074994906 -1.7153208569239387
v 30.5419951927322373 -6.5673888156967166 0.3417968750000000
vn -4.3968375839521530 -1.7153205226176649 1.7153205226176638
v 24.1455093276161179 -12.7685577104644761 26.0742187499999964
vn -1.7059529617290690 -4.3926165527588408 1.7195026571270975
v 24.4873062026161179 -13.1103545854644761 26.0742187499999964
vn -1.6990787607977200 -1.7174964196374898 4.3925953389393921
v 24.4873062026161179 -12.7685577104644761 26.4160156249999964
vn 1.7265145695902648 -4.3991142481745751 1.7068686906591866
v 30.2978515874999985 -13.1103575656967148 26.0253906249999964
vn 1.7495472289123588 -1.7227019216300947 4.3968984500700472
v 30.2978515874999985 -12.7685606906967148 26.3671874999999964
vn 4.3907110143788888 -1.6798599906998368 1.6932764345481877
v 30.6396484624999985 -12.7685606906967148 26.0253906249999964
vn -1.7153189018211672 1.7153239747314990 4.3968335572271542
v 24.4873062026161179 -6.5673858354644761 26.4160156250000000
vn -4.3968335575370467 1.7153239744216155 1.7153189173895327
v 24.1455093276161179 -6.5673858354644761 26.0742187500000000
vn -1.7153186760295729 4.3968456367743167 1.7153186760295680
v 24.4873062026161179 -6.2255904505805955 26.0742187500000000
vn 1.7153242485518958 4.3968336876616627 1.7153187872894335
v 30.2001983177322373 -6.2255904505805955 26.0742187500000000
vn 4.4006177424364257 1.7450802430788761 1.7220702147633014
v 30.5419951927322373 -6.5673888156967148 26.0742187500000000
vn 1.7098832880720620 1.7180881596957152 4.4007387815919161
v 30.2001983177322373 -6.5673873255805955 26.4160156250000000
vn -5.0492092537054374 -1.2480370904448039 -1.6782948859331990
v -29.9072295177322403 -6.1778992841796878 4.9316406249999991
vn -1.9770891096948864 -1.3262117729437739 -4.5488991274108450
v -29.3212920177322403 -6.2759370039062503 4.2480468749999991
vn -1.8797439787440926 -1.9538805835929249 -1.7830335836863112
v -29.3701201427322403 -7.0571870039062503 4.7851562499999991
vn -4.8300233622740691 1.3990227903188186 -1.7748137541416571
v -29.8583954322677627 41.5283292104644772 4.8828125000000000
vn -1.7313861994533268 1.3267434307300530 -4.5969879095470958
v -29.3212860572677627 41.5283292104644772 4.2968750000000000
vn -4.9656920802925173 -2.0339604673087517 0.9407738047153009
v -29.9072295177322403 -6.1778992841796869 17.3339843750000000
vn -5.2530343009888014 1.3017834267663351 1.4582820649833774
v -29.9072235572677627 41.4795010854644772 17.4316406249999964
vn -3.5862510432422794 1.6459432689112934 -1.6633525996237182
v -29.4189423072677627 41.5283292104644772 18.1640624999999964
vn -2.0450532182913430 -1.6916087535120861 3.0792874178130241
v -29.6630888927322403 -6.2267274091796869 17.9199218750000000
vn -1.9844068330257816 2.1108054620036922 1.6701453278628937
v -29.4189423072677627 42.3095792104644772 17.5292968749999964
vn -1.7647071678918516 2.1022711568586510 -1.8196631400963073
v -29.3212860572677627 42.3095792104644772 4.8339843750000000
vn -1.6103041700187835 -3.3288945587528311 1.3990757421612998
v -29.3212920177322403 -6.7153901289062494 17.2851562500000000
vn 1.8095950778318324 -1.5070501361160300 -4.6061336439374934
v -25.5615263927322403 -6.2759370039062503 4.2480468749999991
vn 1.7560475457242666 -2.4637800930822915 -1.8202643355079691
v -25.5615263927322403 -7.0083588789062503 4.8339843749999991
vn 4.5502376407231457 -1.5796895719977919 -1.7327197801365599
v -24.9267622578483596 -6.2759370039062503 4.8828124999999991
vn 2.8701157726542190 0.9778852381697226 -2.6923797099861542
v -24.9755829322677627 41.5283292104644772 4.6386718750000000
vn 4.9749965830151996 1.5688968367603038 1.5323781299236972
v -25.0244110572677627 41.5283292104644772 17.5292968749999964
vn 1.9887127146111685 1.6137367231912076 -1.7044905586539640
v -25.2197235572677627 42.1630948354644772 4.9316406250000000
vn 1.7201256243764149 2.2612964698113851 1.8614662358641412
v -25.6103485572677627 42.3095792104644772 17.5292968749999964
vn 4.6586074431210296 -2.5026367872121531 0.5626017301815807
v -25.0244170177322403 -6.2759370039062494 17.3828125000000000
vn 4.4232766742695766 1.8995966261431945 -0.7283897055289830
v -25.3662079322677627 41.5283292104644772 18.0175781249999964
vn 2.1505602936507469 -1.6459439057367435 2.5732839235014069
v -25.1220732677322403 -6.2759370039062494 17.8222656250000000
vn 1.1582417228002169 -3.6860282990070043 1.5435312023919421
v -25.6591826427322403 -6.6665620039062494 17.3339843750000000
vn -4.5082147498557283 -0.8064344584865756 -2.3071511243338905
v -29.9072295177322403 -6.2267274091796869 18.4570312500000000
vn -1.4191836963437647 -0.5953234277155436 -5.7468188704313210
v -29.3212920177322403 -6.2759370039062494 18.1152343750000000
vn -1.7229927578351298 -1.0047379924094952 -1.9435651520827004
v -29.5654326427322403 -6.9595307539062494 18.3105468750000000
vn 1.2905615893156708 -0.9622332293743765 -5.5949823004281516
v -25.6591826427322403 -6.2759370039062494 18.0664062500000000
vn 1.8087372558593335 -1.3743435335066301 -1.9730188635700483
v -25.3662138927322403 -6.9107026289062494 18.3593750000000000
vn 4.3455963927598571 -0.9999453083595751 -2.2452742835854078
v -24.9755903828483596 -6.2267274091796869 18.4570312500000000
vn 4.9835627642957512 1.1039833627382549 -1.9367296486619761
v -25.0244110572677627 42.0654385854644772 18.4570312499999964
vn 1.6375890331024394 1.0908520756197113 -1.9492437856098679
v -25.3662079322677627 42.7978604604644772 18.3593749999999964
vn -1.5404457364469826 0.7863865457249861 -1.9949575660836194
v -29.5654266822677627 42.7978604604644772 18.3105468749999964
vn -4.4610933223548441 0.8263192226224787 -2.3324264051738695
v -29.9072235572677627 42.0654385854644772 18.4570312499999964
vn -2.5445748953264165 -1.1118907070716482 1.3169696948757850
v -29.5654326427322403 -6.9595307539062485 25.0976562500000000
vn -4.8821081896551775 -0.9964359408592096 2.0367670889920229
v -29.9072295177322403 -6.2267274091796860 25.0488281250000000
vn -4.8750962688094122 1.0017725162095372 2.0409378521687640
v -29.9072235572677627 42.0654385854644772 25.0488281249999964
vn -2.5375839910756204 1.0956039765447758 1.3290282893577046
v -29.5654266822677627 42.7978604604644772 25.0976562499999964
vn -1.9166617366621934 -0.8152444650472919 5.1966802081322463
v -28.9306670177322403 -6.2267274091796860 25.9277343750000000
vn -1.1287298103905248 -0.9599554379439975 2.8756530925335424
v -28.8818388927322403 -6.8618745039062485 25.7324218750000000
vn 2.1173705645026097 -0.7874880455773103 5.1423853854427399
v -25.9521513927322403 -6.2267274091796860 25.8789062500000000
vn 1.1405856691007339 -0.9141215470874668 2.8984762671449182
v -26.0498076427322403 -6.8130463789062485 25.7324218750000000
vn 2.0973584623225889 0.8743033337665372 5.0299492482541517
v -25.9521454322677627 42.0654385854644772 25.9277343749999964
vn -1.9710660915705680 0.8257738469124709 5.1920599751975640
v -28.9306610572677627 42.0654385854644772 25.9277343749999964
vn 1.1550804080336119 1.0253025767728388 2.8069583327614138
v -26.0498016822677627 42.7002042104644772 25.7324218749999964
vn -1.1680816752399352 0.9620026361708461 2.8793063508745913
v -28.8818329322677627 42.7002042104644772 25.7324218749999964
vn 4.9022425019864118 -1.0723915127662977 1.9835714767013903
v -25.0244170177322403 -6.2267274091796860 25.0000000000000000
vn 2.5634719301566307 -1.1919624577764443 1.2850032698842164
v -25.3662138927322403 -6.9107026289062485 25.0488281250000000
vn 4.9482577438436968 1.0857852798245216 1.9298495458350406
v -25.0244110572677627 42.0654385854644772 24.9999999999999964
vn 2.6179356660499273 1.2123903850108741 1.3015815084819853
v -25.3662079322677627 42.7490323354644772 25.0488281249999964
vn -1.4524111417053498 -0.7109197499478944 5.6349502149538324
v -29.3701201427322403 -6.2252015302734378 4.3945312499999991
vn -4.6327655842574602 -0.7163805715460572 2.3632046515730925
v -29.9072295177322403 -6.2252015302734378 4.0527343749999991
vn -1.7697954823857602 -1.0109981529172691 1.9288811299189073
v -29.6142607677322403 -6.9572419355468753 4.1503906249999991
vn -1.5611032890820169 0.9581423567332565 5.4234801370091503
v -29.4189423072677627 42.1142667104644772 4.3945312500000000
vn 1.1411809897571072 -0.8332197563861029 5.8065218851316978
v -25.5615263927322403 -6.2252015302734378 4.3945312499999991
vn 1.7413911585587476 -1.1763400071732992 1.9389514790282627
v -25.4150420177322403 -6.9572419355468753 4.1503906249999991
vn 0.9100076105528856 1.0518838783336668 5.8106642697761908
v -25.6591766822677627 42.1142667104644772 4.3945312500000000
vn 1.8148389756700745 1.3702358672190977 1.8426294403459287
v -25.4150360572677627 42.7978604604644772 4.1015625000000000
vn -1.7972102013596398 1.3949182070572546 1.9069181761373577
v -29.5654266822677627 42.7978604604644772 4.1015625000000000
vn 3.8408084570954539 0.9041883374481287 2.6001002984017898
v -25.1220673072677627 42.1142667104644772 4.1992187500000000
vn 4.1197076385628337 -0.7956546147377351 2.6095458208737425
v -25.1220732677322403 -6.2252015302734378 4.1992187499999991
vn -2.5348242175335813 -0.7677194813907809 -1.3504325931733108
v -29.7119170177322403 -6.9572419355468753 1.2207031250000002
vn -4.6850037229869788 -0.6705559179540450 -2.4226772655101172
v -29.9072295177322403 -6.2252015302734378 1.1718750000000002
vn -4.5804204264512540 0.9884157219651259 2.2108512169224457
v -29.9072235572677627 42.1142667104644772 4.0527343750000000
vn -4.5417054178793084 1.1217828271618098 -2.1998631555043584
v -29.9072235572677627 42.1142667104644772 1.1718750000000000
vn -2.5883734259841482 1.4809668362659818 -1.3074608629173561
v -29.5654266822677627 42.7978604604644772 1.2695312500000000
vn 2.6549538043101530 -0.8098432725742792 -1.1395360776131260
v -25.2685576427322403 -6.9572419355468753 1.1718750000000002
vn 4.7299633520706834 -0.6408458801079376 -2.4570773512845165
v -25.1220732677322403 -6.2252015302734378 1.0253906250000002
vn 4.4341707868988376 1.1889271110954660 -2.2821694828096910
v -25.1220673072677627 42.1142667104644772 1.0253906250000000
vn 2.6487180751753465 1.3808465431570465 -1.0285883562611660
v -25.4150360572677627 42.7978604604644772 1.2695312500000000
vn -1.7728014591983223 -0.4828645083283388 -5.5936780960669186
v -28.9794951427322403 -6.2252015302734378 0.5371093750000000
vn -0.9632907477424878 -0.5042661351945581 -2.9352366051401271
v -28.9306670177322403 -6.9084138105468753 0.6347656250000000
vn -1.7681362127694702 1.0030797462123233 -5.2873139744704698
v -29.1259735572677627 42.1142667104644772 0.5859375000000000
vn 1.7874871921296083 -0.6176839616272738 -5.5171969920433934
v -25.8056670177322403 -6.2252015302734378 0.5371093750000000
vn 1.0279761590811416 -0.7550013326284633 -2.9289579020393970
v -25.8544951427322403 -6.9084138105468753 0.6835937500000000
vn 1.8161953491639031 1.1447061240900140 -5.1651246719354704
v -25.7080048072677627 42.1142667104644772 0.5859375000000000
vn 1.2386108932468056 1.2559971438637096 -2.7855460928553266
v -25.8056610572677627 42.7490323354644772 0.8300781250000000
vn -0.9500410399037329 1.1832345851895494 -2.8255527974551002
v -29.0283173072677627 42.7978604604644772 0.8300781250000000
vn 0.7316406418551449 0.3695696720055709 -6.2162774937362997
v -30.2490293729644790 -12.9150361250000003 13.5253906250000000
vn -0.0772798921320942 -0.4220589520084456 -6.1868693170906042
v -30.7373106229644790 -13.0615205000000003 13.4765625000000000
vn -0.1624710023294449 0.0033341637039824 -6.2156009721432124
v -30.9326231229644790 -12.5244111250000003 13.4765625000000000
vn -2.7451220191036674 -1.9038587540211440 -2.6942056315657901
v -31.3232481229644790 -13.4033173750000003 13.5742187500000000
vn -0.0543947926228430 -0.5740858147333758 -6.2414065697850134
v -30.3466856229644790 -13.4033173750000003 13.5253906250000000
vn -1.5804186891444902 -3.1491623049611244 -2.7503626870735958
v -30.6396543729644790 -13.9892548750000003 13.6230468750000000
vn -0.3313520258842381 -3.4317216732257454 -2.9547220794504887
v -29.9072324979644790 -14.1845673750000003 13.6230468750000000
vn -3.5173247703679547 -0.4299666255569480 -2.9820582800177293
v -31.5673887479644790 -12.5732392500000003 13.5742187500000000
vn 0.2921013475718447 -0.3356521813856524 -6.1907769550584382
v -29.9072324979644790 -13.5498017500000003 13.5253906250000000
vn 0.4465582379465126 0.2290946065517624 -3.6785030908544263
v -29.6630918729644790 -12.3290986250000003 13.6718750000000000
vn 0.5456990499979436 -0.0537544582770570 -3.5690392113593394
v -29.9072324979644790 -11.8408173750000003 13.6230468750000000
vn 0.3193471158632635 0.3095164506151520 -3.5537295447962429
v -29.2236387479644790 -12.5732392500000003 13.6718750000000000
vn 0.4894283785221007 0.0028084735145407 -4.0554411614158337
v -29.9072295177322403 -7.2998017499999994 13.5742187500000000
vn 0.3562334681920666 0.5176177195777649 -4.0961940534542531
v -24.5849653828483596 -12.9150361250000003 14.1601562500000000
vn -0.1768474713307382 0.0409083556808508 -6.2262566199435598
v -30.7373076427322403 -6.2744111249999994 13.4765625000000000
vn 0.2438673231548035 -0.0634108866419241 -2.1094658018432382
v -29.1748076427322403 -6.7626923749999994 13.6718750000000000
vn -3.4115893838102958 0.7090106279970991 -2.7205326815360027
v -31.4209013927322403 -6.2255829999999994 13.5742187500000000
vn 1.2454168939532251 0.0664862681874603 -4.2544906304169281
v -29.2236357677322403 -6.0302704999999994 13.6230468750000000
vn -0.0089898142375463 0.3717611954165539 -6.1876842255189244
v -30.5419951427322403 -5.7861298749999994 13.4765625000000000
vn -2.7184513381743241 1.9473236359746178 -2.4876131669101293
v -31.1279326427322403 -5.4443329999999994 13.5742187500000000
vn -1.0836065400391064 3.1399470555161479 -2.4112338239417679
v -30.4931670177322403 -4.9072236249999994 13.6230468750000000
vn 0.5099368526699624 0.7285056689200582 -6.1939265178181220
v -30.2001982677322403 -5.5419892499999994 13.5253906250000000
vn 2.1242703944583159 0.9765942293204556 -5.4372027376622709
v -29.3212920177322403 -5.4443329999999994 13.6230468750000000
vn 0.8703943270980998 3.3988079001521987 -2.8569922410268100
v -29.5166045177322403 -4.8583954999999994 13.7207031250000000
vn 0.9791339463583123 -0.9710392289303740 -5.8761818238287420
v -23.5595747578483596 -13.6962861250000003 14.1601562500000000
vn 1.0903470011570120 -4.0113930504290645 -2.6816428679455671
v -23.5107466328483596 -14.2822236250000003 14.4042968750000000
vn 0.2046088268344916 1.1408604638551738 -4.4713888532348864
v -23.3154341328483596 -12.3290986250000003 14.3066406250000000
vn 0.0686969774225764 0.3434848871128821 -1.9693133527805240
v -24.0478560078483596 -12.1826142500000003 14.3066406250000000
vn 1.5917461725130244 -1.0489743762302601 -5.7537174944002656
v -22.9736372578483596 -13.4521455000000003 14.2578125000000000
vn 1.6022120335889238 -0.3823140536867121 -5.6482772325551851
v -22.6806685078483596 -13.0126923750000003 14.2578125000000000
vn 1.3151143228698734 1.7520457429696183 -5.3224243517873244
v -22.6806685078483596 -12.3779267500000003 14.3066406250000000
vn 4.1118665209998380 0.7890844349453815 -2.7924748350681829
v -22.0947310078483596 -12.4267548749999985 14.5996093750000000
vn 4.1815638388831626 -1.4224674945147184 -2.3892974758439820
v -22.1435591328483596 -13.2080048749999985 14.5996093750000000
vn -2.3567242882734480 -4.5228130493949541 1.8654469359923407
v -30.6884824979644790 -14.0380829999999985 15.9179687500000000
vn -3.9557512438408691 -2.8029607931695115 1.8112669630968938
v -31.4209043729644790 -13.4521454999999985 15.9179687500000000
vn -0.8521067530596395 -5.1685485765040866 1.9607233693165804
v -30.0048887479644790 -14.2333954999999985 15.9179687500000000
vn 0.7555465506780192 -4.9917973172245276 1.8682078058398393
v -23.5107466328483596 -14.3798798749999985 16.4550781249999964
vn 2.9653898641197092 -3.6571797367621581 1.7324324750927684
v -22.5341841328483596 -13.9892548749999985 16.5527343749999964
vn 2.9565133013428833 -3.3578222373066513 -2.2878740785900704
v -22.6318403828483596 -13.9404267499999985 14.5996093750000000
vn -2.3363797054408368 -4.4504167962467056 0.2598780510673441
v -30.5419981229644790 -13.7939423749999985 16.2109374999999964
vn -0.6472178938828185 -4.7286369990616350 0.2895409426690534
v -29.9560606229644790 -13.9404267499999985 16.2109374999999964
vn 0.8070050989536350 -4.8498675559101017 0.2247745037089738
v -23.5595747578483596 -14.0869111249999985 16.7480468749999964
vn 3.1649637809820521 -3.6185053345697091 0.0049052883940566
v -22.7294966328483596 -13.7451142499999985 16.8457031249999964
vn 4.7514059416171550 -1.5841166645975728 1.7500689572515631
v -22.0459028828483596 -13.1591767499999985 16.6503906249999964
vn 4.8815826015351869 -1.4525054102669734 -0.0848009306799223
v -22.2900435078483596 -13.0615204999999985 16.9433593749999964
vn 5.0388665460024340 0.6845709129480939 1.8158637266936752
v -21.9970747578483596 -11.9873017499999985 16.6992187500000000
vn -4.9750017742836814 1.4010689438370294 1.7855955890856481
v -31.4209013927322403 -6.1767548749999994 15.9179687500000000
vn -3.8231299966659571 3.3916469161096376 1.9293840475907111
v -30.9326201427322403 -5.2978486249999994 15.9179687500000000
vn -5.0042689884459035 -0.7355280627599734 1.8461134940196187
v -31.7138731229644790 -12.6220673749999985 15.9179687500000000
vn 4.6340381362868222 1.3413028021073270 -2.2963323053781752
v -28.3447295177322403 -5.3955048749999994 14.3554687500000000
vn 2.5651084471180217 0.2850120496797801 -1.3013771651889914
v -28.2959013927322403 -5.8349579999999994 14.3554687500000000
vn 2.5431545782518676 3.4868623862613841 -1.4307487842499937
v -28.5888701427322403 -4.8583954999999994 14.4042968750000000
vn -0.2611539039246115 5.6506738832066068 1.8207881763501623
v -29.4677763927322403 -4.8583954999999994 15.9179687500000000
vn -1.6084765903316274 4.5955353906847840 1.9369615068287749
v -30.3955107677322403 -4.9072236249999994 15.9179687500000000
vn 2.1842661186760504 3.1360664795458124 1.5282110309397607
v -28.5400420177322403 -4.8583954999999994 15.9667968750000000
vn 5.2043465133571534 1.3427040591604193 1.8979333339579993
v -28.3447295177322403 -5.3955048749999994 15.9667968750000000
vn 3.0969026672142927 0.3441002963571436 1.1091265954367291
v -28.2959013927322403 -5.8349579999999994 15.9667968750000000
vn 2.9845722429722805 3.7746223349836456 -0.2143630154215775
v -28.7353545177322403 -5.1513642499999994 16.2597656250000000
vn 4.7822690685821385 1.6362583747257049 0.0000000000000000
v -28.5888701427322403 -5.4443329999999994 16.2597656250000000
vn 1.9690902404629191 0.3403051919163959 -0.0912144881526733
v -28.4912138927322403 -5.9814423749999994 16.2597656250000000
vn 3.2941283889690536 2.8903490712886128 1.6285621208645629
v -22.1435591328483596 -11.4990204999999985 16.6992187500000000
vn 3.5661864207890925 2.4170350304608572 -1.3799785346488955
v -22.0947310078483596 -11.5478486249999985 15.1367187500000000
vn 1.3186813167985343 4.4424222548430290 -2.4072681712546138
v -22.6318403828483596 -11.3037079999999985 15.0390625000000000
vn 0.2767270847552498 2.4726357985386942 -1.3670621381372279
v -23.1201216328483596 -11.2548798749999985 15.0390625000000000
vn 1.3233677814688445 5.0002504034389945 2.1514622772011114
v -22.6318403828483596 -11.3037079999999985 16.6992187500000000
vn 0.4422895953355265 2.8007635827587900 1.1786312121623155
v -23.1201216328483596 -11.2060517499999985 16.6503906250000000
vn 0.2336450688577235 -0.0291606122876810 6.2147952541236160
v -30.9326231229644790 -12.5244111249999985 18.8476562500000000
vn 0.0629445890894451 -0.3434568813770384 6.1383561281344114
v -30.7373106229644790 -13.0615204999999985 18.8476562499999964
vn 0.9038462736682216 0.5804403904765056 6.1860507227526034
v -30.2490293729644790 -12.8662079999999985 18.7499999999999964
vn -2.7515591320979249 -2.1270785905220584 2.8241618142927845
v -31.2744199979644790 -13.3544892499999985 18.7499999999999964
vn 0.1157386134261511 -0.1705921079067139 6.2527935295384625
v -30.2978574979644790 -13.4033173749999985 18.7988281249999964
vn -1.5285629443023079 -2.8504313822741056 2.8820442722367163
v -30.5419981229644790 -13.9892548749999985 18.7499999999999964
vn -0.6631599228317065 -3.5468941771140723 2.8185204681836313
v -29.8584043729644790 -14.2333954999999985 18.7011718749999964
vn -3.1577870549531144 -0.6338010383133894 2.7852180920424328
v -31.6162168729644790 -12.5732392499999985 18.7988281250000000
vn -0.0927638072368265 0.0004461101218334 6.2131267181796455
v -29.8584043729644790 -13.5498017499999985 18.7988281249999964
vn 0.6124326537004285 0.4127351387852350 3.7158376788800540
v -29.6630918729644790 -12.3290986249999985 18.6035156250000000
vn 0.7836000794756868 0.0679789560116122 3.4814614106303989
v -29.9072324979644790 -11.8408173749999985 18.6035156250000000
vn 0.0601358719751558 0.7971682962972169 3.3570536267193525
v -29.1748106229644790 -12.5732392499999985 18.5546875000000000
vn 0.5446181589314683 -0.0137909883220863 4.2310565557117688
v -29.9560576427322403 -7.1533173749999994 18.7500000000000000
vn -0.4917946096265124 0.2393654541832115 4.1210435582003564
v -24.5361372578483596 -12.8662079999999985 19.0429687499999964
vn -0.0480191261656912 -0.0468878600378471 6.2599010544624960
v -30.7373076427322403 -6.2744111249999994 18.8476562500000000
vn 0.1686044974534132 -0.2274989329356054 1.9175833119663195
v -29.1748076427322403 -6.7626923749999994 18.6523437500000000
vn -3.2325659116529541 0.7086628838266723 2.8429457218054388
v -31.3720732677322403 -6.2744111249999994 18.7988281250000000
vn 1.0622885891068825 -0.1005438809667977 4.2617475415157271
v -29.2236357677322403 -6.0302704999999994 18.7988281250000000
vn -0.3704762157568012 -0.8258878951019577 6.1783325059938647
v -23.5107466328483596 -13.6962861249999985 19.1894531249999964
vn 0.5471467577090932 -3.5846230358124735 2.5988311805748814
v -23.5107466328483596 -14.3798798749999985 19.0429687499999964
vn -0.4072795019767993 0.5684888206341671 4.3605371904204269
v -23.2666060078483596 -12.1337861249999985 19.3359375000000000
vn -0.5253278038427557 0.0700437071790239 2.1013112153710227
v -24.0478560078483596 -12.1337861249999985 19.1406250000000000
vn -0.0324413677927310 -1.0919551311598845 6.1624609234019303
v -22.9736372578483596 -13.4521454999999985 19.2382812499999964
vn 2.2044154763033665 -2.8425625297309383 2.4258356956435754
v -22.5830122578483596 -13.9892548749999985 19.0917968749999964
vn 3.1835752606315380 -1.3179276094297205 2.7501178647336442
v -22.1435591328483596 -13.2080048749999985 19.2382812499999964
vn -0.0193091545098055 -0.9069369220991675 6.1138278391451291
v -22.6806685078483596 -13.0126923749999985 19.3359374999999964
vn 2.9194476495391615 0.5172396617873665 3.0349179620278415
v -22.0947310078483596 -12.3290986249999985 19.3359375000000000
vn 0.2079122290717736 1.2331872292377370 5.8021425448009483
v -22.6806685078483596 -12.2314423749999985 19.3847656250000000
vn 1.1924243633054956 4.3539849156178274 2.7084171040755045
v -22.6806685078483596 -11.3037079999999985 18.8964843750000000
vn 0.4802152527331564 2.1609686372992036 1.3713732498131468
v -23.1201216328483596 -11.2060517499999985 18.8964843750000000
vn 0.0923719762482889 -0.0747352278112635 6.2808874478028285
v -30.3955107677322403 -5.6884736249999994 18.8476562500000000
vn 0.0083945312848369 0.4794211183103730 6.2116386866700086
v -30.2001982677322403 -5.5419892499999994 18.8476562500000000
vn 1.9185083161456311 0.8767984499148261 5.4980794504889525
v -29.3212920177322403 -5.4443329999999994 18.7988281250000000
vn -0.3633360193727216 0.3666043456077596 6.2395823189430013
v -30.5419951427322403 -5.7861298749999994 18.8476562500000000
vn -2.8436155674481420 1.9873666571406980 2.5138080516440811
v -31.0791045177322403 -5.4443329999999994 18.7500000000000000
vn -1.2550441932182677 3.1047132011121001 2.5600524431381695
v -30.4931670177322403 -4.9560517499999994 18.7500000000000000
vn 0.6362475479386078 3.3459097666751312 2.8869586306789405
v -29.5166045177322403 -4.8583954999999994 18.7011718750000000
vn -4.3659167544166717 -3.0016448797746675 -1.5293253703670886
v -31.3720762479644790 -13.4033173749999985 16.5527343749999964
vn -5.3196140391766455 -0.8726764979627283 -1.6125734209993150
v -31.6650449979644790 -12.6220673749999985 16.5527343749999964
vn -5.0975519467178350 1.4518641732138924 -1.5701475798903299
v -31.4209013927322403 -6.1767548749999994 16.5527343750000000
vn -3.9610038692056491 3.4643776581672787 -1.7533342431763606
v -30.9326201427322403 -5.2978486249999994 16.5527343750000000
vn -2.5641555624783940 -4.4959826000980376 -1.6301649469577255
v -30.6884824979644790 -14.0380829999999985 16.5527343749999964
vn -0.7356428265841647 -5.2660537183673712 -1.8991182665992936
v -30.0048887479644790 -14.2333954999999985 16.5527343749999964
vn 1.0278357989041569 -5.1835877509619506 -1.9190591994868000
v -23.5107466328483596 -14.3310517499999985 17.0410156249999964
vn 3.1378335367332739 -3.5160062160928862 -1.7840769684434874
v -22.5341841328483596 -13.9892548749999985 17.1386718749999964
vn -5.0076786474165491 -0.7694757624978007 0.4638546126809706
v -31.4209043729644790 -12.5732392499999985 16.2109375000000000
vn -4.2220888501972702 -2.8811883662817084 0.5694864358545328
v -31.1767637479644790 -13.2568329999999985 16.2109374999999964
vn -5.0769009174759523 1.5798103931166345 0.2261620882000777
v -31.1767607677322403 -6.2255829999999994 16.2109375000000000
vn -3.7941167619272722 3.3930934114525644 0.2148679172804441
v -30.7373076427322403 -5.4931611249999994 16.2109375000000000
vn -1.6524436452198064 4.7521624278624897 -1.7981507282397564
v -30.3955107677322403 -4.9072236249999994 16.5527343750000000
vn -1.6036935758026754 4.6689304789493136 0.2184695696165426
v -30.2978545177322403 -5.2001923749999994 16.2109375000000000
vn -0.2352666367778972 5.6217345229564559 -1.8671581422201911
v -29.4677763927322403 -4.8583954999999994 16.5527343750000000
vn 0.3607029480142615 5.5561119408085480 -0.7025416690997017
v -29.1748076427322403 -5.0537079999999994 16.2597656250000000
vn 4.9340756416781320 -1.3620350027154882 -1.7112669296127065
v -22.0459028828483596 -13.1591767499999985 17.2363281249999964
vn 5.0437861180155563 0.7642551699625567 -1.9693062761735476
v -21.9970747578483596 -11.9873017499999985 17.2851562500000000
vn 2.8989459467756942 2.6138051072416082 1.8044804015109785
v -22.1435591328483596 -11.4990204999999985 18.8964843750000000
vn 3.4207951692649776 3.1222104200287855 -1.6128403904818280
v -22.1435591328483596 -11.4990204999999985 17.3339843750000000
vn 1.5913544401655451 4.9778057833594511 -2.1307806105383080
v -22.6318403828483596 -11.3037079999999985 17.2851562500000000
vn 0.5662960293189820 2.8019305510243049 -1.1829194553409674
v -23.1201216328483596 -11.2060517499999985 17.2851562500000000
vn 2.5250990893381351 3.1273829906463524 1.4735221899397628
v -28.5400420177322403 -4.8583954999999994 18.0664062500000000
vn 4.7914351349001540 1.4743360299704922 2.3867410443827990
v -28.3447295177322403 -5.3955048749999994 18.0664062500000000
vn 2.2872485551465069 0.6554118626888417 1.3242096539065613
v -28.2470732677322403 -5.8349579999999994 18.1152343750000000
vn 2.3097324514037600 3.2133827312509777 -1.5209874472739213
v -28.5400420177322403 -4.8583954999999994 16.5527343750000000
vn 5.1848004710430091 1.5342459757896467 -2.0335521960511911
v -28.3447295177322403 -5.3955048749999994 16.5527343750000000
vn 2.8202467754374418 0.6267215056527649 -1.2153637422004591
v -28.2470732677322403 -5.8349579999999994 16.5527343750000000
vn 4.6551384920967198 0.7320080294430703 -0.0110246023372912
v -22.2900435078483596 -12.0361298749999985 16.9921875000000000
vn 3.5742233634320506 3.6108209996795937 0.2541092013190711
v -22.3876997578483596 -11.6943329999999985 16.9921875000000000
vn 1.2887272342646650 4.4781630574787252 -0.0334379779861549
v -22.6806685078483596 -11.5966767499999985 16.9921875000000000
vn 0.2924489749938828 1.8946089184117758 0.1023734309465093
v -23.2666060078483596 -11.4990204999999985 16.9433593750000000
vn -6.2811993481324464 0.0013597950742438 -0.0000037867704540
v -18.9697280276161209 6.4209013749999997 22.3144531250000000
vn -3.3825292323399858 2.5317125691393554 1.8999755002986247
v -19.0185576427322403 4.2236357499999988 20.7031250000000000
vn -3.2207784815102274 2.9955057770230020 0.9869915347905498
v -19.0185576427322403 3.7841826249999992 21.4843750000000000
vn -3.3290896931661851 1.8170119112375962 2.5827947183214168
v -19.0185576427322403 4.8584013749999988 20.0683593750000000
vn -3.4552235664032693 3.1621689928681183 0.0463971272092673
v -19.0185576427322403 3.6865263749999992 22.2656250000000000
vn -3.4459614384127941 0.9696785278834925 3.0087770593320102
v -19.0185561526161209 5.6884794999999988 19.6777343750000000
vn -3.2992481778032290 3.0189803290988726 -0.9366422668547441
v -19.0185576427322403 3.7841826249999992 23.0957031250000000
vn -3.2728773187371516 -0.0292505797209140 3.1629603334574394
v -19.0185561526161209 6.5185576249999988 19.5312500000000000
vn -3.3351145166274803 2.5731365203002472 -1.8354771500291764
v -19.0185576427322403 4.1748076249999997 23.8769531250000000
vn -3.2059862805518042 -1.0860548135281223 2.9627673432835948
v -19.0185561526161209 7.3974638749999988 19.6777343750000000
vn -3.4118302837748171 1.9470574829860470 -2.4991449081591188
v -19.0185576427322403 4.8095732499999997 24.5117187500000000
vn -3.3853464837043674 -1.9366608837318826 2.5071508178709370
v -19.0185561526161209 8.1298857499999997 20.1171875000000000
vn -3.2333821878286124 1.0736985130892478 -2.9688049398465353
v -19.0185576427322403 5.5419951249999997 24.9511718750000000
vn -3.3290821567720923 -2.5631158444467408 1.8496902285933392
v -19.0185561526161209 8.7158232500000015 20.7031250000000000
vn -3.2460512949271734 -0.0083589813709114 -3.1630020437423885
v -19.0185561526161209 6.4209013749999997 25.0976562500000000
vn -3.2527886859541013 -3.0356426810167534 0.8770737520070762
v -19.0185561526161209 9.1064482500000015 21.4843750000000000
vn -3.3919653574481150 -0.9063908498548392 -3.0373133152119998
v -19.0185561526161209 7.2509794999999997 24.9511718750000000
vn -3.2950098195673188 -3.1691642052898468 -0.0915009939342144
v -19.0185561526161209 9.2041044999999997 22.3632812500000000
vn -3.1997844907474531 -1.8027416907946654 -2.5935981925998650
v -19.0185561526161209 8.0322294999999997 24.6093750000000000
vn -3.1936157772716176 -2.9767839202138289 -1.0655214524901335
v -19.0185561526161209 9.0576201249999997 23.2421875000000000
vn -3.2498597580563815 -2.5293675339135078 -1.9159500519964345
v -19.0185561526161209 8.6181669999999997 24.0234375000000000
vn -3.8926370231093212 2.2426173031196326 0.7546989081543697
v -20.0439482677322403 3.6376982499999992 21.4355468750000000
vn -3.8938422538980859 1.9213827737361102 1.4245371865582994
v -20.0439482677322403 4.0771513749999988 20.6054687500000000
vn -3.9432493365027588 2.3186483271962119 0.0499748166401335
v -20.0439482677322403 3.4912138749999992 22.2656250000000000
vn -3.8208801324592043 2.2666894211709687 -0.7287693657295260
v -20.0439482677322403 3.6376982499999992 23.1445312500000000
vn -3.9435946819379044 1.8957190490438673 -1.4609182958536600
v -20.0439482677322403 4.0283232499999997 23.9746093750000000
vn -2.7655816661195884 -3.4618146009168411 -1.0795130482787083
v -19.8974638927322403 2.9050856401367180 21.1914062500000000
vn -2.7442515246222996 -2.8911239766702552 -2.1451431532804817
v -19.8974638927322403 3.4423857499999992 20.1171875000000000
vn -2.8197601489466741 -3.6720533808239608 0.0032605342315000
v -19.8974638927322403 2.7586012651367180 22.2656250000000000
vn -3.9309406169342438 1.3410116653649480 1.9378549976914465
v -20.0439482677322403 4.7607451249999988 19.9218750000000000
vn -2.7781390747349364 -2.0546628406413712 -2.9943893946204456
v -19.8974638927322403 4.3212919999999988 19.2871093750000000
vn -2.8054931245371604 -3.5050850008301149 1.0122787635271351
v -19.8974638927322403 2.9050856401367180 23.3398437500000000
vn -2.7475450111602240 -1.1019429136831080 -3.6028848749599316
v -19.8974638927322403 5.4443388749999988 18.7500000000000000
vn -3.8583140540174594 0.5198741703128098 2.0172396119099041
v -20.0927749026161209 5.6396513749999988 19.4824218750000000
vn -2.7625853629077026 -3.0508128577054978 2.0174330321241500
v -19.8974638927322403 3.3935576249999992 24.4140625000000000
vn -3.7181300273553588 -0.0645550469764037 2.2196545417358875
v -20.0927749026161209 6.5185583700580585 19.3847656250000000
vn -3.7685863572840339 1.3221760407192513 -1.7678856828125866
v -20.0927763927322403 4.7119169999999997 24.6582031250000000
vn -2.7613811476085726 0.0803686918467184 -3.7976610473045573
v -19.8974624026161209 6.5673864950580585 18.6035156250000000
vn -2.7047287922369176 -2.2089586036424658 3.0271921434561735
v -19.8974638927322403 4.2236357499999997 25.2929687500000000
vn -3.8293341685402056 -0.7176798789991761 2.0326482203170730
v -20.0927749026161209 7.4462927450580585 19.5312500000000000
vn -2.8213677389155891 -1.2456488327837054 3.6560256146358059
v -19.8974638927322403 5.2490263749999997 25.7812500000000000
vn -2.7493685997935220 1.2266052448880393 -3.5906615986114510
v -19.8974624026161209 7.6904333700580585 18.7988281250000000
vn -3.7926726276023750 0.6864679710145520 -2.0074093118291345
v -20.0927763927322403 5.4931669999999997 25.0976562500000000
vn -3.7997957873511981 -1.3336784345722601 1.7616387587142648
v -20.0927749026161209 8.2275427450580594 19.9707031250000000
vn -2.7030491347721126 -0.0681376735149608 3.7725680804554362
v -19.8974624026161209 6.4209021200580594 26.0253906250000000
vn -2.7285191061789700 2.2754100477126329 -2.9990235655643214
v -19.8974624026161209 8.7158239950580612 19.3359375000000000
vn -3.7537965299338980 0.0000029001161984 -2.1991047036666789
v -20.0927749026161209 6.4209021200580594 25.2441406250000000
vn -2.7839206474060361 3.1022958232813487 -2.2151874384260530
v -19.8974624026161209 9.4970747401161209 20.1660156250000000
vn -3.7597328098401608 -0.6525522506469161 -2.0903127295018100
v -20.0927749026161209 7.3486364950580594 25.0976562500000000
vn -3.8457708197418863 -1.7702670954055963 1.2443564297716170
v -20.0927749026161209 8.8623083700580612 20.6054687500000000
vn -2.7575495977498190 1.2062669959849599 3.6012067261640048
v -19.8974624026161209 7.5927771200580594 25.8300781250000000
vn -2.7105298442508907 3.5765159303216141 -1.1141016674261566
v -19.8974624026161209 10.0341841151161209 21.1914062500000000
vn -2.7719880358648799 2.2585905095100594 3.0695172094135712
v -19.8974624026161209 8.6181677450580594 25.2929687500000000
vn -3.8009908446964005 -2.1389824920838398 0.6007198578408341
v -20.0927749026161209 9.2529333700580612 21.4355468750000000
vn -3.7372773798745906 -1.3015118028777735 -1.7396380681281003
v -20.0927749026161209 8.1298864950580594 24.7070312500000000
vn -2.7750038235813443 3.7626464930806449 0.0909224589467841
v -19.8974624026161209 10.1806684901161191 22.3632812500000000
vn -2.7758041850265229 3.0495704096876644 2.2334442512208006
v -19.8974624026161209 9.4970747401161191 24.4140625000000000
vn -3.7273986400633112 -2.2671244418204335 -0.0631376839208985
v -20.0927749026161209 9.3505896200580594 22.3632812500000000
vn -3.6763452302294994 -1.8665141330393764 -1.2861794078783308
v -20.0927749026161209 8.8134802450580594 23.9746093750000000
vn -2.7617816197582630 3.5611386056057266 1.2093955119917916
v -19.8974624026161209 9.9853559901161191 23.4863281250000000
vn -3.7677505181947994 -2.1109069002883185 -0.7174290153149947
v -20.0927749026161209 9.2041052450580594 23.2421875000000000
vn 3.2693477728672939 3.0247572662520188 1.0844555388048409
v -3.6869048822265627 3.7841796447677605 21.4843750000000000
vn 3.3668046842919055 2.5000030158995075 1.9413479144575034
v -3.6869045096975328 4.2236335148258197 20.7031250000000000
vn 6.2820406454012314 -0.0308763738483303 0.0589791392932090
v -3.7357326346975328 6.4208998848838803 22.3632812500000000
vn 3.2087730144990871 1.8272302699330782 2.5819170046316606
v -3.6869045096975328 4.8583998848838794 20.0683593750000000
vn 3.4251409914575062 3.0536245136691798 0.0620779327514905
v -3.7357330072265627 3.6865233947677605 22.3144531250000000
vn 3.3013742509429438 0.9000537332623569 3.0334477514771194
v -3.6869045096975328 5.6884780098838794 19.6777343750000000
vn 3.2597897936013140 2.9871168931854517 -0.8733510721497564
v -3.7357330072265627 3.7841796447677605 23.1445312500000000
vn 3.4306764476924614 -0.0709884636285338 3.1592437569907910
v -3.6869045096975328 6.5185561348838794 19.5800781250000000
vn 3.3294703065616265 2.5232525915143329 -1.8210281097767964
v -3.7357326346975328 4.1748053898258206 23.9257812500000000
vn 3.3795748433749866 -1.0351909603022158 2.9813159549510209
v -3.6869041371685030 7.3974623848838794 19.7265625000000000
vn 3.3593447388193032 1.8703955321087182 -2.4918579212990735
v -3.7357326346975328 4.8095717598838803 24.5605468750000000
vn 3.3165499109512542 -1.9323165102243687 2.4991107051176087
v -3.6869041371685030 8.1298842598838803 20.1171875000000000
vn 3.2442139732476911 1.0431869472526571 -2.9328242500433492
v -3.7357326346975328 5.5908217598838803 25.0000000000000000
vn 3.3521889844624870 -2.6130998907528036 1.7855786917412850
v -3.6869041371685030 8.7158217598838821 20.7519531250000000
vn 3.2166259733394691 -0.0000008854478447 -3.1121038032448669
v -3.7357326346975328 6.4208998848838803 25.1464843750000000
vn 3.2717366298045065 -3.0206347988421212 0.9309607854866420
v -3.6869041371685030 9.1064467598838821 21.5332031250000000
vn 3.3297503661114507 -0.9529780355774066 -2.9664714415392850
v -3.7357322621685030 7.2509780098838803 25.0000000000000000
vn 3.3924413571692216 -3.1607345513302052 -0.0934456006791073
v -3.6869041371685030 9.2041030098838803 22.3632812500000000
vn 3.3304113169336236 -1.8333663930506874 -2.4434762659793186
v -3.7357322621685030 8.0322280098838803 24.6093750000000000
vn 3.2237920136766149 -2.9920402231007586 -1.0204116780818380
v -3.6869041371685030 9.0576186348838803 23.2910156250000000
vn 3.2704688564787974 -2.5616252060252824 -1.9613694369544081
v -3.6869041371685030 8.6181655098838803 24.0722656250000000
vn 3.9230834722362093 1.8326404545705219 1.5660904926577468
v -2.6615140709620477 4.0771491398258197 20.6054687500000000
vn 3.8504000584025642 2.2516073169082991 0.7606927730820234
v -2.6615140709620477 3.6376952697677605 21.4355468750000000
vn 3.8736620182354602 2.1565880392749368 0.0393639069084112
v -2.6615140709620477 3.4912108947677605 22.3144531250000000
vn 3.7648444602595426 2.0853078580937185 -0.6257510986924726
v -2.6615140709620477 3.6376952697677605 23.1933593750000000
vn 3.8419586908005616 1.7504065752414422 -1.2511966768454417
v -2.6615140709620477 4.0283210148258206 24.0234375000000000
vn 3.7175065273493360 1.2485249780797643 1.8106167026418640
v -2.6126859459620477 4.7607436348838794 19.9707031250000000
vn 3.7388571247182227 0.6553860621140656 2.0815567328222726
v -2.6126857596975328 5.6396498848838794 19.5312500000000000
vn 3.8607231947654950 -0.0289834106660200 2.1673221082160889
v -2.6126855734330179 6.5185553898258197 19.3847656250000000
vn 3.9278824825839584 -0.6932630318957969 2.0133828350510901
v -2.6126855734330179 7.4462897648258197 19.5312500000000000
vn 2.7626138755316365 -2.9376778720543792 -2.1803459812819410
v -2.8079986322265627 3.4423827697677605 20.1660156250000000
vn 2.7589584171378472 -2.1511845575773743 -3.1331874123310786
v -2.8079984459620477 4.3212897648258197 19.3359375000000000
vn 2.7444144523074794 -3.4456714622676738 -1.0690485085126111
v -2.8079986322265627 2.9050826599044792 21.1914062500000000
vn 2.7930921315854937 -1.1636512018878165 -3.6450962279256309
v -2.8079982596975328 5.4443373848838794 18.7988281250000000
vn 2.7771014039284290 -3.8911646829874451 0.0717562777252417
v -2.8568267572265627 2.7585982849044792 22.3144531250000000
vn 2.7249845391173513 0.0040802222317101 -3.7787597319313377
v -2.8079980734330179 6.5673842598838794 18.6035156250000000
vn 2.7653812205585417 -3.6682977425934471 1.0613238224946471
v -2.8568267572265627 2.9050826599044792 23.3886718750000000
vn 2.7168637205789379 1.2793996486505903 -3.5602481492824980
v -2.8079978871685030 7.6904311348838794 18.7988281250000000
vn 3.8403172315959351 -1.3254352342296203 1.7061871290894319
v -2.6126853871685030 8.2275397648258206 19.9707031250000000
vn 2.7009810271821331 -3.1023427656479496 2.1512261100082677
v -2.8568267572265627 3.3935546447677605 24.4628906250000000
vn 2.7664664312865215 2.3611722828772672 -2.9967896879394527
v -2.8079978871685030 8.7158217598838821 19.3847656250000000
vn 3.8165618525460041 1.2930258487977495 -1.7471020241378366
v -2.6615140709620477 4.7119155098838803 24.7070312500000000
vn 2.7927971360976227 3.1126544581643087 -2.2135184364863791
v -2.8079977009039880 9.4970725049419418 20.2148437500000000
vn 2.7360921294395575 -2.2180922118730262 3.0781348032976092
v -2.8568265709620477 4.2724616398258206 25.3417968750000000
vn 3.8282732236003065 -1.8165032591004442 1.2104674435349709
v -2.6126853871685030 8.8623053898258224 20.6542968750000000
vn 2.7663133650465408 -1.2023685391447092 3.6238838465064367
v -2.8568263846975328 5.3466811348838803 25.8789062500000000
vn 2.7158091271127960 3.5776577298492143 -1.1124561395617152
v -2.8079977009039880 10.0341818799419418 21.2402343750000000
vn 3.7928750612968583 0.7002495316457343 -2.0406179618602058
v -2.6615138846975328 5.5419936348838803 25.1464843750000000
vn 3.7730166877245259 -2.1292945042618303 0.6814531882316518
v -2.6126852009039880 9.2529303898258224 21.4843750000000000
vn 3.7884849731708772 -0.0483509513778108 -2.2199394146642097
v -2.6615136984330179 6.4208991398258206 25.2929687500000000
vn 2.7399236892059204 3.7724747865813089 0.1460744810563280
v -2.8079977009039880 10.1806662549419400 22.4121093750000000
vn 2.7005307400416125 -0.0790803552140132 3.8121088337116271
v -2.8568261984330179 6.4208998848838803 26.0742187500000000
vn 3.9180158092271555 -2.1290028189756525 -0.0991309509206249
v -2.6126852009039880 9.3994155098838803 22.4121093750000000
vn 2.8089590498262282 1.0680650412733612 3.4711546458556581
v -2.8079980734330179 7.5927748848838803 25.8789062500000000
vn 3.7189717408599581 -2.1210051953338716 -0.7029868353060352
v -2.6126852009039880 9.2041022648258206 23.2910156250000000
vn 3.8581346296404235 -0.7390813125856750 -2.2617148183504350
v -2.6615136984330179 7.3486335148258206 25.1464843750000000
vn 2.8072665885923942 3.5981885114798100 1.2548007467733013
v -2.8079977009039880 9.9365256299419400 23.5839843750000000
vn 3.9019120410974724 -1.4463574189127419 -1.9031933157719330
v -2.6615135121685030 8.1298835148258206 24.7558593750000000
vn 2.7157276327699131 2.9394012906608187 2.2471773750601818
v -2.8079977009039880 9.3994162549419400 24.6582031250000000
vn 2.7761645016764693 2.0421609262817078 2.9815838379589530
v -2.8079978871685030 8.6181655098838803 25.3906250000000000
vn 3.7705142392363618 -1.8083212798363886 -1.2372622756508818
v -2.6126853871685030 8.8134772648258206 24.0722656250000000
vn -1.9838821617065387 -1.8834969779671469 -1.8122790677980598
v -24.6826216328483596 -12.0361298750000003 4.8339843750000000
vn -1.4071901584598114 -1.5179611527939743 -5.0917608916918473
v -24.0478560078483596 -11.8896455000000003 4.3945312500000000
vn -1.2431628534131238 -4.4178051077425895 -2.1605863936036003
v -24.0478560078483596 -12.4267548750000003 4.7851562500000000
vn -2.2038339532453248 1.6254534652100685 -2.0028701181848128
v -24.6826216328483596 -8.0810517500000003 4.7851562500000000
vn -1.3469463107391879 1.7155803017067268 -4.9686960474202486
v -24.0478560078483596 -8.0810517500000003 4.3945312500000000
vn -1.5433040155718025 4.3506453519481401 -1.8303763637684725
v -24.0478560078483596 -7.4951142500000003 4.8828125000000000
vn 1.4354335368671083 -1.6793501186405022 -4.8062837995701120
v 23.9990249526161179 -11.9384795854644779 4.3945312500000000
vn 1.3926373405269916 -4.5962989966544141 -1.8742337336407699
v 23.9990249526161179 -12.4755889604644779 4.8828125000000000
vn 2.1693218003014669 -1.8207374753837791 -1.8607340308221869
v 24.5849624526161179 -12.0361358354644779 4.8339843750000000
vn -1.9899446432319741 -1.9810466235966719 1.6138588949280592
v -24.6337935078483596 -12.1826142499999985 17.2855377197265625
vn -1.2402521364887586 -5.4307319108110299 1.3485981801521580
v -24.0478560078483596 -12.4755829999999985 17.2855377197265625
vn -1.3249179996023042 -2.1910929342341876 4.0040225755849415
v -24.0478560078483596 -12.2314423749999985 17.7249908447265625
vn 1.1582375586476303 -2.3835610082674936 2.6566541355147404
v 23.9990249526161179 -12.3291045854644761 17.6761627197265625
vn 1.4784130642631990 -2.3618898053181292 1.2187432166703198
v 24.4384780776161179 -12.2802764604644761 17.2367095947265625
vn -1.1053955316441779 2.4554314034185398 2.6937642730427340
v -24.0478560078483596 -7.6415986249999994 17.6761627197265625
vn -1.2755909533277687 2.3458409534452986 1.1566742866480433
v -24.5361372578483596 -7.6904267499999994 17.2367095947265625
vn 2.0511421089630728 1.7882263490791266 -1.9305959814073621
v 24.5849624526161179 -7.9834014604644779 4.8339843750000000
vn 1.4036364249336652 1.3684411643302801 -5.2734251034327695
v 23.9990249526161179 -8.1787139604644779 4.4433593750000000
vn 1.3269080840666048 4.1587600778501903 -2.1688081391815377
v 23.9990249526161179 -7.5439483354644779 4.8339843750000000
vn 1.3723437487483934 2.1735830300064936 3.9460453283125791
v 23.9990249526161179 -7.7392608354644770 17.7249908447265625
vn 1.4001255716556200 5.3269163004901339 1.3135961513035537
v 23.9990249526161179 -7.4951202104644770 17.2855377197265625
vn 2.1262559207265008 1.8749149985561289 1.6457439813137917
v 24.5849624526161179 -7.8369170854644770 17.2855377197265625
vn -4.0470588579005078 0.1134730083440487 -4.3281280308261714
v 16.0400390874999985 -14.6728545854644779 9.0335845947265643
vn -3.0445624462835461 -2.3863608283437623 -0.6194905534377853
v 16.0400390874999985 -16.3818389604644779 9.4726562500000018
vn -4.6570808934735739 0.3310263380150261 -0.3545451593613719
v 15.6005859625000003 -14.5751983354644779 9.6189498901367205
vn -2.7785157691003577 -0.1592370191878880 -5.3786403334063762
v 17.3095703374999985 -14.7705108354644779 8.2035064697265643
vn -0.8457715656475733 -3.2089520209547491 -1.6297842004252430
v 17.4072250973838791 -17.0166045854644779 8.6917877197265643
vn -3.2077393425497198 2.9304171202802980 -0.6941985211459587
v 16.2353515874999985 -13.0126983354644779 9.4726562500000000
vn -1.3906704068856308 3.4238290388097994 -2.1571617473648703
v 17.4072265874999985 -12.6220733354644779 8.5941314697265625
vn -0.9171427987021016 3.3402745609926461 -3.1219422949169666
v 19.6533218276161179 -12.9150420854644779 7.5687408447265625
vn -1.4772932988797418 -0.0786785112242878 -5.8731916096906227
v 19.5556655776161179 -14.6240264604644779 7.3246002197265625
vn -1.3586737026738258 -3.1880404064162109 -3.5127695225959266
v 19.5556655776161179 -16.1865264604644779 7.6175689697265625
vn 0.3429241862123408 2.9925172533190305 -2.4188825433711272
v 21.0693374526161179 -12.6709014604644779 7.4222564697265625
vn 0.4795940170803804 -0.2581723131689969 -5.9702831534723124
v 21.0205093276161179 -14.8681670854644779 7.1781158447265625
vn 2.5107720883375739 2.4320704162420923 -1.8564597557829827
v 22.5341812026161179 -13.1103545854644779 7.8128814697265625
vn -0.4728458335321812 -2.9323121539410661 -1.7341410605548782
v 20.9228515874999985 -17.1142608354644779 7.6175689697265625
vn 2.6826564092677332 -0.4371342216856642 -5.3258901864267365
v 22.2412124526161179 -15.0634795854644779 7.5199127197265625
vn 1.6922470267071215 -2.9201085957706172 -1.7142271484613667
v 21.8505859624999985 -16.9677764604644779 7.7640533447265625
vn 4.1024624666200298 -2.2033824391457397 -1.3635168851251593
v 22.7783218276161179 -15.9912139604644779 8.1546783447265643
vn 4.9607389137602826 -0.4993408603696839 -1.3978584557084361
v 23.0712905776161179 -14.9658233354644779 8.2523345947265643
vn 4.7059653877266188 1.0022771357623177 -1.7219355461441683
v 22.9736343276161179 -14.0380889604644779 8.1058502197265625
vn 2.0209029875965063 -5.3342047886144597 1.5320282107211187
v 21.3134780776161179 -15.4052764604644779 14.1601562500000018
vn 0.5874304083784203 -6.1265635661851814 0.9719924973315398
v 20.7763687026161179 -15.4052764604644779 14.1601562500000018
vn 0.4094019060875694 -5.0180583219201766 -2.2637127266275652
v 21.3134780776161179 -15.3076202104644761 14.5507812500000018
vn -1.0979382207636188 -4.6980314243337542 -1.6385233806667352
v 20.9228530776161179 -15.3076202104644761 14.7949218750000018
vn 1.3120916998582588 -6.0809469419539797 0.8468643334722379
v 19.9462905776161179 -15.5517608354644779 14.5019531250000018
vn -0.7676784790304072 -5.4049959418415607 -1.0543877012626663
v 20.2880874526161179 -15.3564483354644761 15.2343750000000018
vn -0.7707899251334334 -5.4164680772858933 1.9888179454454340
v 19.1650405776161179 -15.6494170854644761 14.8437500000000018
vn -2.6412350308785797 -5.0037029262678550 -0.3066275369916155
v 19.7509780776161179 -15.3076202104644761 15.7226562500000018
vn -3.7478198343624518 -2.7347037606611373 3.0154351448017707
v 18.3837890874999985 -15.0634795854644761 15.1855468750000018
vn -4.7776607130066058 -2.9322010599352311 0.3794053236947549
v 19.2626968276161179 -14.8681670854644761 16.1132812499999964
vn 0.9336868859160059 6.1846056185346168 0.2529977666519858
v 20.7763687026161179 -13.3056670854644779 14.1601562500000000
vn 2.2890967778128446 4.8511503216891816 1.4893156813496151
v 21.5087905776161179 -13.3544952104644779 14.1113281250000000
vn 1.4680798338190408 3.9837257154505328 -2.9319034465984832
v 21.6064468276161179 -13.5498077104644779 14.4531250000000000
vn -0.0442223691802848 4.9999211252248665 -2.8280671105529640
v 21.1669937026161179 -13.3544952104644761 14.6484375000000000
vn 1.1787449143486810 6.1689163653755026 0.0097843847030184
v 19.9462905776161179 -13.1591827104644779 14.4042968750000000
vn -0.9002017609187309 4.9929189905540605 -1.9995446919706343
v 20.4833999526161179 -13.2568389604644761 15.0878906250000000
vn -0.3075624354996899 5.8929150226099853 0.9308724072493786
v 19.2626968276161179 -13.0126983354644761 14.6972656250000000
vn -2.5749698632067171 4.7553990693586439 -1.0481209185760574
v 19.7998062026161179 -13.2568389604644761 15.6738281250000000
vn -3.1182706135435563 3.9878585164512548 2.3671911395745644
v 18.6279297124999985 -13.3056670854644761 15.0878906250000000
vn -2.4495836700050475 -3.7584562929821907 -3.4676813204617409
v 21.0693374526161179 -15.7959014604644761 14.9902343750000018
vn -2.3629044432549144 -4.9504720961823336 -2.8429941811874295
v 20.6298843276161179 -15.9423858354644761 15.7226562500000018
vn -2.5271273493687625 -4.3443709816402327 -0.5724436501708858
v 19.9462905776161179 -16.3818389604644779 16.8945312499999964
vn -5.0004307706970073 -2.1892613555271647 -0.5537819298308024
v 18.8720718276161179 -15.0634795854644761 17.0410156249999964
vn 2.7329580105803175 -3.1678844272622451 -1.6679947022182278
v 21.7041030776161179 -14.9658233354644779 14.3066406250000018
vn 4.5996113900629281 -2.9662268201793536 2.0959534291265420
v 21.8017593276161179 -15.0146514604644779 14.1113281250000018
vn 0.6340560259054857 -4.5973260742598487 -2.2069122059091653
v 22.2412124526161179 -16.3330108354644779 15.2832031250000018
vn 1.6902419111677061 -2.5853260756651935 -4.6003997655926803
v 22.7294937026161179 -15.3564483354644779 14.5019531250000018
vn 4.0852965889117403 -2.6245056544162053 -3.1687613868097539
v 23.6572280776161179 -15.2587920854644761 15.1855468750000018
vn 3.2829242322288459 -4.5340694628773015 -1.7280975140389390
v 23.4130874526161179 -15.8447295854644761 15.6738281250000018
vn 4.5715699807431207 -0.5221487018701827 -3.3052575918452165
v 23.9013687026161179 -14.5263702104644761 15.1367187500000018
vn 2.3238274788119844 -0.1600829708884753 -5.3383799033941148
v 22.8759780776161179 -14.4287139604644779 14.3554687500000000
vn 4.9521807932417650 -2.9944024245721446 -0.8963026513596649
v 24.0478530776161179 -15.3564483354644761 16.3085937499999964
vn 3.0363912463124940 -5.3507851809397948 -0.5222127723473906
v 23.2666030776161179 -16.0400420854644779 16.7480468749999964
vn 4.9780169820041671 -3.2059987735421145 0.2815159798738863
v 24.0478530776161179 -15.4052764604644761 17.1874999999999964
vn 3.2314383860495179 -5.1720376171693987 -0.0635441644017206
v 23.2177749526161179 -16.1376983354644779 17.4804687499999964
vn 0.1126699474246793 -5.8491200148809757 -1.2602013468497719
v 21.8505874526161179 -16.4794952104644779 16.2597656249999964
vn 0.2820651201700060 -5.4566203094949346 0.0158060961151689
v 21.7529297124999985 -16.7236358354644779 17.1386718749999964
vn 2.9257091561398276 -4.6005257520757281 1.3549925110596182
v 23.2666030776161179 -16.0888702104644779 18.1640624999999964
vn -0.2261045136630538 -5.6311044708824918 2.4427721732102925
v 21.6552749526161179 -16.3818389604644779 18.0664062499999964
vn 2.0595688230598186 -4.5992760455859045 3.0120019633373980
v 23.0224624526161179 -15.8447295854644761 18.8476562499999964
vn -2.2864176018491116 -4.5523169585575580 2.6276129880491403
v 20.2392593276161179 -16.1865264604644779 17.9199218749999964
vn -0.5859770389041085 -5.1882281344316459 3.3017814574043181
v 21.6552749526161179 -16.1376983354644779 18.5058593749999964
vn -4.2839887282822238 -2.2306029420258167 2.6274889076666796
v 19.0673843276161179 -15.0146514604644761 18.0175781249999964
vn -2.6117712026574318 -4.4326376839292516 3.4546515894215517
v 20.4833999526161179 -15.6982452104644761 18.5058593749999964
vn -0.1451193518426879 -4.2566541699245839 4.2257707399157765
v 21.7041030776161179 -15.3564483354644761 19.6777343749999964
vn -1.5305429438709872 -4.4796302485210182 3.0318109467048182
v 20.7275405776161179 -15.4052764604644761 19.4824218749999964
vn -4.1605855742649753 -2.3861791221519879 2.6622828635835507
v 19.7998062026161179 -14.7216827104644761 19.3847656249999964
vn -4.6484526476754020 -2.5322221023007918 2.9992739326054050
v 19.6533218276161179 -14.7705108354644761 18.6035156249999964
vn 3.1408142093666047 -0.6646545047298431 -0.9621561533618246
v 21.8994155776161179 -14.4287139604644779 14.2089843750000000
vn 2.9126698842243712 1.6576511577500923 -1.2213995420076200
v 21.8505874526161179 -13.9892608354644779 14.2578125000000000
vn 2.2562193006495064 1.8013438190558857 -4.9301607065453208
v 22.7294937026161179 -13.6962920854644779 14.4042968750000000
vn 1.3194028862382647 3.0619300686190836 -4.6021803365757270
v 22.4365249526161179 -13.0615264604644761 14.5996093750000000
vn 5.1120219974136454 -0.6195612956360832 2.5574846825752435
v 21.9970718276161179 -14.4287139604644779 14.1113281250000000
vn 4.3712382837759138 2.0614061470062199 2.3993244983902824
v 21.9482437026161179 -13.8427764604644779 14.1113281250000000
vn 2.8928816467112775 -0.7849599259545393 0.0445104970100518
v 24.3408218276161179 -14.4287139604644761 16.8457031249999964
vn 3.1017359721039868 -0.8539225245671721 -0.6457754156592401
v 24.2919937026161179 -14.4775420854644761 16.2597656249999964
vn 3.2299400814181825 0.7567665901348313 -2.7548892307730330
v 23.9013687026161179 -14.2822295854644761 15.1855468750000000
vn 5.7118349823773684 -0.7898881377121885 1.6392776319621907
v 24.1455093276161179 -14.6728545854644761 18.2617187499999964
vn 3.2509609282830332 -0.0801610843009901 0.6070334437880605
v 24.1943374526161179 -14.4287139604644761 18.0175781249999964
vn 4.8842268448491826 -3.0554774140154941 1.6638779053691042
v 23.9013687026161179 -15.3076202104644761 18.3105468749999964
vn 5.4102670872854395 -0.5654600247782446 2.7629322264119800
v 23.9013687026161179 -14.5263702104644761 18.8964843749999964
vn 4.4791465099157879 -2.6431579151194926 2.9362691382095267
v 23.7060562026161179 -15.1123077104644761 18.9453124999999964
vn 3.0093552866947553 0.1621864891785653 1.2571532082849421
v 23.9501968276161179 -14.2822295854644761 18.7499999999999964
vn 4.2794115607802325 -0.3061496658154238 3.9685632292927933
v 23.5595718276161179 -14.3798858354644761 19.4824218749999964
vn 2.8117196471429411 0.9623368305725539 2.2938932832664962
v 23.5595718276161179 -14.0380889604644761 19.3847656249999964
vn 1.8153338660861293 -4.3079525442615738 3.7614125477529341
v 22.8759780776161179 -15.5517608354644761 19.2871093749999964
vn 3.5401231525543837 -2.2977983009337226 4.2001121295238555
v 23.3642593276161179 -14.9169952104644761 19.4824218749999964
vn 1.5038449007919452 -3.5538567440535966 4.6530794585334272
v 22.7294937026161179 -15.3076202104644761 19.5800781249999964
vn 1.7708450700114413 -1.4185549128443344 5.4048523652465672
v 22.6806655776161179 -14.5263702104644761 20.0195312499999964
vn 0.1965901825754313 -2.3412960210400846 5.4694228171241779
v 21.7041030776161179 -14.7216827104644761 20.1171874999999964
vn 2.4373613896991690 1.3659700106062431 4.6821940225002887
v 22.8271499526161179 -13.8916045854644761 20.0195312499999964
vn 0.3738180543999337 0.1175438742498320 5.8411332347615819
v 21.7529312026161179 -14.0380889604644761 20.2636718749999964
vn 0.8649944552937735 2.8336682924483525 5.2041192026144047
v 21.8017593276161179 -13.4033233354644761 20.0683593749999964
vn -1.9951532104814389 -2.3803151912788296 4.9066451898314494
v 20.5810562026161179 -14.7216827104644761 19.9707031249999964
vn -2.0184429599326399 0.1721605129192247 5.1459939615428976
v 20.5810562026161179 -13.9892608354644761 20.1660156249999964
vn -1.3281448724811493 2.7077268122928864 4.6146941083404105
v 20.8251968276161179 -13.2080108354644761 20.0195312499999964
vn -4.5623979710642431 0.4803086933699938 2.5155392672803507
v 19.6044937026161179 -13.9404327104644761 19.3847656249999964
vn 1.4262279823127351 2.2512591176779999 2.2068793882749254
v 22.7294937026161179 -13.2080108354644761 19.4824218749999964
vn 1.4851010864705474 4.4796397901762841 3.8811458367838929
v 21.8505874526161179 -12.9638702104644761 19.6777343749999964
vn 0.5746807436399434 3.6090832483889246 1.3676872469015087
v 21.8994155776161179 -12.5244170854644761 18.8964843750000000
vn -0.0936695936562175 4.6217253309447548 3.6937964608090890
v 21.1669937026161179 -12.7685577104644761 19.6289062499999964
vn -5.3345069906407003 0.5430284073481757 2.8078821108956831
v 19.5068374526161179 -13.9892608354644761 18.6035156249999964
vn -3.5522778897973422 3.3516542389695521 1.7002220772986194
v 19.9462905776161179 -12.9150420854644761 19.1406249999999964
vn -4.3668488456762917 3.4817682068631504 2.3659851020290938
v 19.7509780776161179 -13.1591827104644761 18.4570312499999964
vn -1.1399554837871237 5.0615867896024991 1.4121622509599756
v 20.7763687026161179 -12.3779327104644761 18.9453125000000000
vn -4.8059429975018384 0.4658479358529047 2.2535873714682504
v 18.8232437026161179 -13.9892608354644761 17.9687499999999964
vn -3.9437640257318556 3.1844479580861291 1.8274542743264748
v 19.1650405776161179 -13.0126983354644761 17.8222656249999964
vn -1.7297899283728242 5.4959657327564706 2.1082272446392678
v 20.6298843276161179 -12.3779327104644761 18.1152343750000000
vn -1.3959024356870628 5.1679530717602233 1.1353369827830282
v 20.4345718276161179 -12.0361358354644761 17.4316406250000000
vn -5.5525504033836173 0.2911438665055152 -0.9071946548294196
v 18.7255859624999985 -14.0869170854644761 16.9921874999999964
vn -4.7122474012464970 2.7632964010930468 -1.1370757001761858
v 19.0185562026161179 -13.1591827104644761 16.8457031249999964
vn -4.6216408349451372 2.9377151972106779 -0.0126156186769326
v 19.3115249526161179 -13.6474639604644761 16.0644531249999964
vn -5.3856961249975353 0.4779625481890514 0.2118295719060383
v 19.1650405776161179 -14.1357452104644761 16.2109374999999964
vn -4.8306810766572186 0.8876604717868009 3.1117018070796547
v 18.2373047124999985 -14.1357452104644761 15.1855468750000000
vn -0.6439072590381091 4.3834526024239775 -2.6164083806906118
v 21.1181655776161179 -12.1826202104644761 15.4785156250000000
vn -1.9555582651580994 4.4111957395692158 -1.3444771568139755
v 20.2880874526161179 -12.0361358354644761 16.2597656250000000
vn 0.3552077759265927 2.9268477803397528 -0.1592532384192286
v 22.2412124526161179 -12.2314483354644761 16.9433593750000000
vn 0.2922180016086848 4.2625344961147338 -3.4401534849368272
v 21.9482437026161179 -12.5732452104644761 14.9414062500000000
vn 0.4749065101030679 3.5313604179231133 -0.8260133247053862
v 22.5341812026161179 -12.3779327104644761 16.1132812500000000
vn 1.3406893381039990 1.5385479900685604 -1.8407792146928046
v 23.5595718276161179 -13.0126983354644761 15.3808593750000000
vn 0.3980358767379010 3.6429731129887815 0.3090866448549759
v 21.8994155776161179 -12.2314483354644761 17.5292968750000000
vn 0.0319822120921184 3.0338878965736820 0.7936644137670985
v 21.8994155776161179 -12.3291045854644761 18.1640625000000000
vn -1.3476762524810288 -1.7514726167107417 1.9385960464838716
v -24.6826216328483596 -12.1337861250000003 4.1503906250000000
vn -0.9068717362642806 -4.0577470117826024 2.5437378785279292
v -24.0478560078483596 -12.4267548750000003 4.1992187500000000
vn -0.9468433442473042 -1.1214096576005173 5.7580699962828206
v -24.0478560078483596 -11.9873017500000003 4.3945312500000000
vn -0.8539566533245700 1.5706241630891409 5.4790823454588375
v -24.0478560078483596 -7.9833955000000003 4.3945312500000000
vn -1.3112527387773927 1.7398808955001150 2.0047549257642703
v -24.6826216328483596 -7.8369111250000003 4.1503906250000000
vn 1.1362142205093555 1.5014123760489357 5.3602366033892244
v 23.9990249526161179 -7.9834014604644779 4.3945312500000000
vn 1.1404149201047324 4.3996234211744856 2.2069974553892315
v 23.9990249526161179 -7.5439483354644779 4.1015625000000000
vn 0.9855285669696203 -1.3027723337910573 5.6023808510364237
v 23.9990249526161179 -11.9873077104644779 4.3945312500000000
vn 0.9797539791881047 -4.2911371971213050 2.3658509959768921
v 23.9990249526161179 -12.4267608354644779 4.1503906250000000
vn 1.6170159833134981 1.7851882437500102 1.9225970604404616
v 24.5849624526161179 -7.8857452104644779 4.1015625000000000
vn 1.3791250157636727 -1.7632077696059700 1.9201276428825000
v 24.5849624526161179 -12.1337920854644779 4.1503906250000000
vn -1.1357845470629269 -2.6152602498127524 -1.2880417310372645
v -24.6826216328483596 -12.2314423750000003 1.1718750000000000
vn -0.9266794697844508 -4.6145904228035217 -2.3663083939810052
v -24.0478560078483596 -12.4267548750000003 1.0253906250000000
vn 0.8380519800193522 -4.4518293366766786 -2.4196365723854738
v 23.9990249526161179 -12.4267608354644779 0.9765625000000000
vn 1.0623661345416111 -2.5707123660515201 -1.2327720751466249
v 24.5849624526161179 -12.2314483354644779 1.0742187500000000
vn -0.9414165541762068 4.6036689690884920 2.1514870862353090
v -24.0478560078483596 -7.4951142500000003 4.0527343750000000
vn -1.1545702282645762 2.6316533434182281 -1.2454340767633314
v -24.6826216328483596 -7.7392548750000003 1.1718750000000000
vn -0.9003430419638428 4.2928507814378865 -2.6724358930610439
v -24.0478560078483596 -7.5927705000000003 0.9277343750000000
vn 0.9285079364067699 4.6766243011779656 -2.2538846935970471
v 23.9990249526161179 -7.5439483354644779 1.0253906250000000
vn 1.0184804737554742 2.6321709828052717 -1.1310198726509852
v 24.5849624526161179 -7.7392608354644779 1.1230468750000000
vn -1.2089712744386691 -0.9094991735056558 -2.8523053028066387
v -24.6826216328483596 -11.7431611250000003 0.8300781249999999
vn -1.0618995680155336 -1.7623936436839498 -5.2536387665492077
v -24.0478560078483596 -11.8408173750000003 0.5859375000000000
vn 0.5853789737561385 -1.5723155451702968 -5.6807816130836635
v 23.9990249526161179 -11.6943389604644779 0.5371093749999999
vn 0.7046081923910097 -0.8547229618094760 -2.9998449617799974
v 24.5361343276161179 -11.6455108354644779 0.6347656250000000
vn 0.8119400410246278 1.8551746828267641 -5.3442842176990117
v 23.9990249526161179 -8.1787139604644779 0.5371093750000000
vn 0.8724175275047595 1.1105456099624909 -2.8813373133060018
v 24.5361343276161179 -8.2275420854644779 0.6835937500000000
vn -1.0865813563779010 1.4997021910464554 -5.4704886692138111
v -24.0478560078483596 -8.1787080000000003 0.5859375000000000
vn -1.2628242718934231 0.7854882071960829 -2.8872827635625837
v -24.6826216328483596 -8.2763642500000003 0.8300781250000000
# 2498 vertices, 0 vertices normals


vt 0.1484375000000000 0.3491210937500000
vt 0.1464843750000000 0.3464355468750000
vt 0.1496582031250000 0.3464355468750000
f 1/1/1 2/2/2 3/3/3
vt 0.1496582031250000 0.1677246093750000
f 3/3/3 2/2/2 4/4/4
vt 0.1464843750000000 0.1677246093750000
f 4/4/4 2/2/2 5/5/5
vt 0.1481933593750000 0.1647949218750000
f 4/4/4 5/5/5 6/6/6
vt 0.1950683593750000 0.6518554687500000
vt 0.1979980468750000 0.6506347656250000
vt 0.1950683593750000 0.6665039062500000
f 2/7/2 1/8/1 7/9/7
vt 0.1979980468750000 0.6674804687500000
f 7/9/7 1/8/1 8/10/8
vt 0.0061035156250000 0.6665039062500000
f 2/7/2 7/9/7 9/11/9
vt 0.0061035156250000 0.6516113281250000
f 2/7/2 9/11/9 5/12/5
vt 0.0031738281250000 0.6674804687500000
f 5/12/5 9/11/9 10/13/10
vt 0.0031738281250000 0.6508789062500000
f 5/12/5 10/13/10 6/14/6
vt 0.5954589843750000 0.7644042968750000
vt 0.5925292968750000 0.7639160156250000
vt 0.5925292968750000 0.7380371093750000
f 1/15/1 3/16/3 11/17/11
vt 0.5954589843750000 0.7375488281250000
f 1/15/1 11/17/11 12/18/12
vt 0.4064941406250000 0.7380371093750000
f 11/17/11 3/16/3 13/19/13
vt 0.4064941406250000 0.7636718750000000
f 13/19/13 3/16/3 4/20/4
vt 0.4038085937500000 0.7375488281250000
f 13/19/13 4/20/4 14/21/14
vt 0.4038085937500000 0.7644042968750000
f 14/21/14 4/20/4 6/22/6
vt 0.4692382812500000 0.7712402343750000
vt 0.4721679687500000 0.7727050781250000
vt 0.4692382812500000 0.7741699218750000
f 15/23/15 7/24/7 8/25/8
vt 0.6384277343750000 0.0061035156250000
vt 0.6379394531250000 0.0031738281250000
vt 0.6645507812500000 0.0061035156250000
f 15/26/15 8/27/8 16/28/16
vt 0.6647949218750000 0.0031738281250000
f 16/28/16 8/27/8 17/29/17
vt 0.6643066406250000 0.1950683593750000
f 15/26/15 16/28/16 18/30/18
vt 0.6384277343750000 0.1950683593750000
f 15/26/15 18/30/18 19/31/19
vt 0.6647949218750000 0.1979980468750000
f 19/31/19 18/30/18 20/32/20
vt 0.6379394531250000 0.1979980468750000
f 19/31/19 20/32/20 10/33/10
vt 0.8793945312500000 0.8808593750000000
vt 0.8762207031250000 0.8808593750000000
vt 0.8764648437500000 0.7167968750000000
f 7/34/7 15/35/15 19/36/19
vt 0.8793945312500000 0.7167968750000000
f 7/34/7 19/36/19 9/37/9
vt 0.8776855468750000 0.7141113281250000
f 9/37/9 19/36/19 10/38/10
vt 0.5925292968750000 0.5986328125000000
vt 0.5942382812500000 0.6018066406250000
vt 0.5925292968750000 0.6037597656250000
f 21/39/21 12/40/12 11/41/11
vt 0.6621093750000000 0.8066406250000000
vt 0.6596679687500000 0.8103027343750000
vt 0.6594238281250000 0.8066406250000000
f 21/42/21 11/43/11 22/44/22
vt 0.6975097656250000 0.1979980468750000
vt 0.6972656250000000 0.1955566406250000
vt 0.7092285156250000 0.1955566406250000
f 21/45/21 22/46/22 23/47/23
vt 0.7087402343750000 0.1979980468750000
f 21/45/21 23/47/23 24/48/24
vt 0.7089843750000000 0.0065917968750000
f 23/47/23 22/46/22 25/49/25
vt 0.6972656250000000 0.0065917968750000
f 25/49/25 22/46/22 26/50/26
vt 0.7087402343750000 0.0041503906250000
f 25/49/25 26/50/26 27/51/27
vt 0.6975097656250000 0.0041503906250000
f 27/51/27 26/50/26 28/52/28
vt 0.8479003906250000 0.1787109375000000
vt 0.8481445312500000 0.0126953125000000
vt 0.8532714843750000 0.0126953125000000
f 26/53/26 22/54/22 11/55/11
vt 0.8532714843750000 0.1784667968750000
f 26/53/26 11/55/11 13/56/13
vt 0.8481445312500000 0.1811523437500000
f 26/53/26 13/56/13 28/57/28
vt 0.8518066406250000 0.1813964843750000
f 28/57/28 13/56/13 14/58/14
vt 0.6037597656250000 0.0144042968750000
vt 0.6037597656250000 0.0192871093750000
vt 0.6010742187500000 0.0183105468750000
f 23/59/23 16/60/16 17/61/17
vt 0.6013183593750000 0.0146484375000000
f 23/59/23 17/61/17 24/62/24
vt 0.9089355468750000 0.3442382812500000
vt 0.9140625000000000 0.3442382812500000
vt 0.9140625000000000 0.5012207031250000
f 16/63/16 23/64/23 25/65/25
vt 0.9089355468750000 0.5014648437500000
f 16/63/16 25/65/25 18/66/18
vt 0.9138183593750000 0.5039062500000000
f 18/66/18 25/65/25 27/67/27
vt 0.9101562500000000 0.5041503906250000
f 18/66/18 27/67/27 20/68/20
vt 0.3813476562500000 0.3408203125000000
vt 0.3835449218750000 0.3381347656250000
vt 0.3835449218750000 0.3420410156250000
f 29/69/29 30/70/30 31/71/31
vt 0.2797851562500000 0.1398925781250000
vt 0.2761230468750000 0.1394042968750000
vt 0.2761230468750000 0.1250000000000000
f 30/72/30 29/73/29 32/74/32
vt 0.2797851562500000 0.1250000000000000
f 30/72/30 32/74/32 33/75/33
vt 0.2770996093750000 0.1223144531250000
f 33/75/33 32/74/32 34/76/34
vt 0.8100585937500000 0.3906250000000000
vt 0.8076171875000000 0.3906250000000000
vt 0.8095703125000000 0.2019042968750000
f 29/77/29 31/78/31 35/79/35
vt 0.8254394531250000 0.2019042968750000
f 29/77/29 35/79/35 36/80/36
vt 0.8254394531250000 0.3903808593750000
f 29/77/29 36/80/36 32/81/32
vt 0.9057617187500000 0.3378906250000000
vt 0.9057617187500000 0.1755371093750000
vt 0.9084472656250000 0.3376464843750000
f 35/82/35 31/83/31 37/84/37
vt 0.6037597656250000 0.3413085937500000
vt 0.6013183593750000 0.3413085937500000
vt 0.6015625000000000 0.3383789062500000
f 38/85/38 39/86/39 40/87/40
vt 0.5510253906250000 0.3415527343750000
f 40/87/40 39/86/39 31/88/31
vt 0.5515136718750000 0.3383789062500000
f 40/87/40 31/88/31 30/89/30
vt 0.6005859375000000 0.5300292968750000
f 31/88/31 39/86/39 41/90/41
vt 0.5510253906250000 0.5300292968750000
f 31/88/31 41/90/41 37/91/37
vt 0.6008300781250000 0.5332031250000000
f 37/91/37 41/90/41 42/92/42
vt 0.5512695312500000 0.5332031250000000
f 37/91/37 42/92/42 43/93/43
vt 0.0751953125000000 0.2197265625000000
vt 0.0788574218750000 0.2192382812500000
vt 0.0751953125000000 0.2333984375000000
f 38/94/38 40/95/40 44/96/44
vt 0.0788574218750000 0.2331542968750000
f 44/96/44 40/95/40 45/97/45
vt 0.0771484375000000 0.2368164062500000
f 44/96/44 45/97/45 46/98/46
vt 0.8886718750000000 0.0039062500000000
vt 0.8918457031250000 0.0036621093750000
vt 0.8918457031250000 0.1655273437500000
f 39/99/39 38/100/38 47/101/47
vt 0.8886718750000000 0.1655273437500000
f 39/99/39 47/101/47 41/102/41
vt 0.8906250000000000 0.1689453125000000
f 41/102/41 47/101/47 42/103/42
vt 0.5900878906250000 0.0388183593750000
vt 0.5861816406250000 0.0385742187500000
vt 0.5874023437500000 0.0361328125000000
f 43/104/43 35/105/35 37/106/37
vt 0.5900878906250000 0.0527343750000000
f 35/105/35 43/104/43 48/107/48
vt 0.5861816406250000 0.0524902343750000
f 35/105/35 48/107/48 36/108/36
vt 0.0681152343750000 0.3439941406250000
vt 0.0705566406250000 0.3461914062500000
vt 0.0681152343750000 0.3476562500000000
f 48/109/48 49/110/49 36/111/36
vt 0.8229980468750000 0.3972167968750000
vt 0.8254394531250000 0.3972167968750000
vt 0.8254394531250000 0.5859375000000000
f 36/112/36 49/113/49 32/114/32
vt 0.9084472656250000 0.8725585937500000
vt 0.9084472656250000 0.7124023437500000
vt 0.9113769531250000 0.8723144531250000
f 32/115/32 49/116/49 34/117/34
vt 0.8461914062500000 0.7104492187500000
vt 0.8444824218750000 0.7070312500000000
vt 0.8574218750000000 0.7043457031250000
f 42/118/42 47/119/47 50/120/50
vt 0.8554687500000000 0.7011718750000000
f 50/120/50 47/119/47 51/121/51
vt 0.8586425781250000 0.7011718750000000
f 50/120/50 51/121/51 52/122/52
vt 0.8444824218750000 0.5417480468750000
f 52/122/52 51/121/51 44/123/44
vt 0.8486328125000000 0.5419921875000000
f 52/122/52 44/123/44 46/124/46
vt 0.5524902343750000 0.6008300781250000
vt 0.5490722656250000 0.6010742187500000
vt 0.5493164062500000 0.5517578125000000
f 33/125/33 34/126/34 46/127/46
vt 0.5527343750000000 0.5507812500000000
f 33/125/33 46/127/46 45/128/45
vt 0.3605957031250000 0.5515136718750000
f 46/127/46 34/126/34 52/129/52
vt 0.3605957031250000 0.6008300781250000
f 52/129/52 34/126/34 49/130/49
vt 0.3576660156250000 0.5515136718750000
f 52/129/52 49/130/49 50/131/50
vt 0.3576660156250000 0.6010742187500000
f 50/131/50 49/130/49 48/132/48
vt 0.8198242187500000 0.8198242187500000
vt 0.8041992187500000 0.8198242187500000
vt 0.8041992187500000 0.6311035156250000
f 38/133/38 44/134/44 51/135/51
vt 0.8195800781250000 0.6311035156250000
f 38/133/38 51/135/51 47/136/47
vt 0.9711914062500000 0.2192382812500000
vt 0.9746093750000000 0.2182617187500000
vt 0.9763183593750000 0.2294921875000000
f 53/137/53 54/138/54 55/139/55
vt 0.9782714843750000 0.2182617187500000
f 55/139/55 54/138/54 56/140/56
vt 0.9682617187500000 0.2211914062500000
f 53/137/53 55/139/55 57/141/57
vt 0.9814453125000000 0.2192382812500000
f 55/139/55 56/140/56 58/142/58
vt 0.9660644531250000 0.2241210937500000
f 57/141/57 55/139/55 59/143/59
vt 0.9846191406250000 0.2216796875000000
f 55/139/55 58/142/58 60/144/60
vt 0.9648437500000000 0.2275390625000000
f 59/143/59 55/139/55 61/145/61
vt 0.9863281250000000 0.2243652343750000
f 55/139/55 60/144/60 62/146/62
vt 0.9648437500000000 0.2312011718750000
f 61/145/61 55/139/55 63/147/63
vt 0.9875488281250000 0.2280273437500000
f 55/139/55 62/146/62 64/148/64
vt 0.9658203125000000 0.2348632812500000
f 63/147/63 55/139/55 65/149/65
vt 0.9873046875000000 0.2316894531250000
f 55/139/55 64/148/64 66/150/66
vt 0.9680175781250000 0.2377929687500000
f 65/149/65 55/139/55 67/151/67
vt 0.9860839843750000 0.2353515625000000
f 55/139/55 66/150/66 68/152/68
vt 0.9709472656250000 0.2399902343750000
f 67/151/67 55/139/55 69/153/69
vt 0.9838867187500000 0.2382812500000000
f 55/139/55 68/152/68 70/154/70
vt 0.9743652343750000 0.2409667968750000
f 69/153/69 55/139/55 71/155/71
vt 0.9812011718750000 0.2399902343750000
f 55/139/55 70/154/70 72/156/72
vt 0.9777832031250000 0.2409667968750000
f 71/155/71 55/139/55 73/157/73
f 73/157/73 55/139/55 72/156/72
vt 0.0415039062500000 0.6743164062500000
vt 0.0415039062500000 0.6774902343750000
vt 0.0378417968750000 0.6772460937500000
f 58/158/58 56/159/56 74/160/74
vt 0.0378417968750000 0.6738281250000000
f 58/158/58 74/160/74 75/161/75
vt 0.0378417968750000 0.6809082031250000
f 74/160/74 56/159/56 76/162/76
vt 0.0415039062500000 0.6811523437500000
f 76/162/76 56/159/56 54/163/54
vt 0.0378417968750000 0.6848144531250000
f 76/162/76 54/163/54 77/164/77
vt 0.0415039062500000 0.6848144531250000
f 77/164/77 54/163/54 53/165/53
vt 0.0415039062500000 0.6877441406250000
f 77/164/77 53/165/53 57/166/57
vt 0.0378417968750000 0.6882324218750000
f 77/164/77 57/166/57 78/167/78
vt 0.2973632812500000 0.9626464843750000
vt 0.2978515625000000 0.9665527343750000
vt 0.2944335937500000 0.9667968750000000
f 60/168/60 58/169/58 75/170/75
vt 0.2939453125000000 0.9628906250000000
f 60/168/60 75/170/75 79/171/79
vt 0.2978515625000000 0.9594726562500000
f 60/168/60 79/171/79 62/172/62
vt 0.2941894531250000 0.9592285156250000
f 62/172/62 79/171/79 80/173/80
vt 0.0891113281250000 0.9526367187500000
vt 0.0859375000000000 0.9501953125000000
vt 0.0874023437500000 0.9472656250000000
f 79/174/79 75/175/75 81/176/81
vt 0.0825195312500000 0.9489746093750000
f 81/176/81 75/175/75 74/177/74
vt 0.0915527343750000 0.9504394531250000
f 79/174/79 81/176/81 82/178/82
vt 0.0832519531250000 0.9458007812500000
f 81/176/81 74/177/74 83/179/83
vt 0.0939941406250000 0.9538574218750000
f 79/174/79 82/178/82 84/180/84
vt 0.0786132812500000 0.9492187500000000
f 83/179/83 74/177/74 76/181/76
vt 0.0913085937500000 0.9553222656250000
f 79/174/79 84/180/84 80/182/80
vt 0.0781250000000000 0.9458007812500000
f 83/179/83 76/181/76 85/183/85
vt 0.0925292968750000 0.9592285156250000
f 80/182/80 84/180/84 86/184/86
vt 0.0749511718750000 0.9501953125000000
f 85/183/85 76/181/76 77/185/77
vt 0.0954589843750000 0.9587402343750000
f 86/184/86 84/180/84 87/186/87
vt 0.0734863281250000 0.9472656250000000
f 85/183/85 77/185/77 88/187/88
vt 0.0954589843750000 0.9638671875000000
f 86/184/86 87/186/87 89/188/89
vt 0.0695800781250000 0.9499511718750000
f 88/187/88 77/185/77 90/189/90
vt 0.0922851562500000 0.9633789062500000
f 86/184/86 89/188/89 91/190/91
vt 0.0717773437500000 0.9521484375000000
f 90/189/90 77/185/77 78/191/78
vt 0.0910644531250000 0.9670410156250000
f 91/190/91 89/188/89 92/192/92
vt 0.0695800781250000 0.9553222656250000
f 90/189/90 78/191/78 93/193/93
vt 0.0939941406250000 0.9687500000000000
f 92/192/92 89/188/89 94/194/94
vt 0.0666503906250000 0.9541015625000000
f 90/189/90 93/193/93 95/195/95
vt 0.0908203125000000 0.9726562500000000
f 92/192/92 94/194/94 96/196/96
vt 0.0651855468750000 0.9587402343750000
f 95/195/95 93/193/93 97/197/97
vt 0.0886230468750000 0.9702148437500000
f 92/192/92 96/196/96 98/198/98
vt 0.0683593750000000 0.9592285156250000
f 97/197/97 93/193/93 99/199/99
vt 0.0859375000000000 0.9721679687500000
f 98/198/98 96/196/96 100/200/100
vt 0.0683593750000000 0.9631347656250000
f 97/197/97 99/199/99 101/201/101
vt 0.0874023437500000 0.9748535156250000
f 100/200/100 96/196/96 102/202/102
vt 0.0649414062500000 0.9636230468750000
f 97/197/97 101/201/101 103/203/103
vt 0.0822753906250000 0.9733886718750000
f 100/200/100 102/202/102 104/204/104
vt 0.0695800781250000 0.9667968750000000
f 103/203/103 101/201/101 105/205/105
vt 0.0827636718750000 0.9763183593750000
f 104/204/104 102/202/102 106/206/106
vt 0.0666503906250000 0.9682617187500000
f 103/203/103 105/205/105 107/207/107
vt 0.0783691406250000 0.9733886718750000
f 104/204/104 106/206/106 108/208/108
vt 0.0717773437500000 0.9702148437500000
f 107/207/107 105/205/105 109/209/109
vt 0.0778808593750000 0.9763183593750000
f 108/208/108 106/206/106 110/210/110
vt 0.0695800781250000 0.9721679687500000
f 107/207/107 109/209/109 111/211/111
vt 0.0732421875000000 0.9750976562500000
f 108/208/108 110/210/110 112/212/112
vt 0.0747070312500000 0.9724121093750000
f 111/211/111 109/209/109 113/213/113
f 108/208/108 112/212/112 113/213/113
f 113/213/113 112/212/112 111/211/111
vt 0.7507324218750000 0.3969726562500000
vt 0.7502441406250000 0.4006347656250000
vt 0.7468261718750000 0.4003906250000000
f 57/214/57 59/215/59 93/216/93
vt 0.7473144531250000 0.3967285156250000
f 57/214/57 93/216/93 78/217/78
vt 0.7507324218750000 0.4042968750000000
f 93/216/93 59/215/59 61/218/61
vt 0.7473144531250000 0.4045410156250000
f 93/216/93 61/218/61 99/219/99
vt 0.5310058593750000 0.8417968750000000
vt 0.5310058593750000 0.8381347656250000
vt 0.5346679687500000 0.8420410156250000
f 61/220/61 63/221/63 99/222/99
vt 0.5346679687500000 0.8381347656250000
f 99/222/99 63/221/63 101/223/101
vt 0.5310058593750000 0.8344726562500000
f 101/223/101 63/221/63 65/224/65
vt 0.5346679687500000 0.8344726562500000
f 101/223/101 65/224/65 105/225/105
vt 0.5310058593750000 0.8315429687500000
f 105/225/105 65/224/65 67/226/67
vt 0.5346679687500000 0.8308105468750000
f 105/225/105 67/226/67 109/227/109
vt 0.6135253906250000 0.0546875000000000
vt 0.6135253906250000 0.0583496093750000
vt 0.6098632812500000 0.0583496093750000
f 66/228/66 64/229/64 86/230/86
vt 0.6098632812500000 0.0544433593750000
f 66/228/66 86/230/86 91/231/91
vt 0.6098632812500000 0.0622558593750000
f 86/230/86 64/229/64 80/232/80
vt 0.6135253906250000 0.0620117187500000
f 80/232/80 64/229/64 62/233/62
vt 0.5793457031250000 0.6035156250000000
vt 0.5795898437500000 0.5998535156250000
vt 0.5830078125000000 0.5998535156250000
f 70/234/70 68/235/68 92/236/92
vt 0.5827636718750000 0.6037597656250000
f 70/234/70 92/236/92 98/237/98
vt 0.5793457031250000 0.5959472656250000
f 92/236/92 68/235/68 66/238/66
vt 0.5827636718750000 0.5959472656250000
f 92/236/92 66/238/66 91/239/91
vt 0.3449707031250000 0.0244140625000000
vt 0.3449707031250000 0.0217285156250000
vt 0.3488769531250000 0.0222167968750000
f 67/240/67 69/241/69 113/242/113
vt 0.3483886718750000 0.0249023437500000
f 67/240/67 113/242/113 109/243/109
vt 0.3452148437500000 0.0183105468750000
f 113/242/113 69/241/69 71/244/71
vt 0.3491210937500000 0.0187988281250000
f 113/242/113 71/244/71 108/245/108
vt 0.3452148437500000 0.0148925781250000
f 108/245/108 71/244/71 73/246/73
vt 0.3491210937500000 0.0148925781250000
f 108/245/108 73/246/73 104/247/104
vt 0.3449707031250000 0.0114746093750000
f 104/247/104 73/246/73 72/248/72
vt 0.3488769531250000 0.0112304687500000
f 104/247/104 72/248/72 100/249/100
vt 0.3449707031250000 0.0085449218750000
f 100/249/100 72/248/72 70/250/70
vt 0.3483886718750000 0.0080566406250000
f 100/249/100 70/250/70 98/251/98
vt 0.9770507812500000 0.5461425781250000
vt 0.9802246093750000 0.5480957031250000
vt 0.9719238281250000 0.5566406250000000
f 114/252/114 115/253/115 116/254/116
vt 0.9821777343750000 0.5510253906250000
f 116/254/116 115/253/115 117/255/117
vt 0.9733886718750000 0.5451660156250000
f 114/252/114 116/254/116 118/256/118
vt 0.9833984375000000 0.5544433593750000
f 116/254/116 117/255/117 119/257/119
vt 0.9697265625000000 0.5451660156250000
f 118/256/118 116/254/116 120/258/120
vt 0.9833984375000000 0.5581054687500000
f 116/254/116 119/257/119 121/259/121
vt 0.9665527343750000 0.5461425781250000
f 120/258/120 116/254/116 122/260/122
vt 0.9824218750000000 0.5617675781250000
f 116/254/116 121/259/121 123/261/123
vt 0.9636230468750000 0.5485839843750000
f 122/260/122 116/254/116 124/262/124
vt 0.9802246093750000 0.5646972656250000
f 116/254/116 123/261/123 125/263/125
vt 0.9616699218750000 0.5512695312500000
f 124/262/124 116/254/116 126/264/126
vt 0.9772949218750000 0.5668945312500000
f 116/254/116 125/263/125 127/265/127
vt 0.9606933593750000 0.5546875000000000
f 126/264/126 116/254/116 128/266/128
vt 0.9741210937500000 0.5678710937500000
f 116/254/116 127/265/127 129/267/129
vt 0.9609375000000000 0.5585937500000000
f 128/266/128 116/254/116 130/268/130
vt 0.9702148437500000 0.5678710937500000
f 116/254/116 129/267/129 131/269/131
vt 0.9619140625000000 0.5620117187500000
f 130/268/130 116/254/116 132/270/132
vt 0.9670410156250000 0.5668945312500000
f 116/254/116 131/269/131 133/271/133
vt 0.9641113281250000 0.5651855468750000
f 132/270/132 116/254/116 134/272/134
f 134/272/134 116/254/116 133/271/133
vt 0.8359375000000000 0.6281738281250000
vt 0.8349609375000000 0.6247558593750000
vt 0.8393554687500000 0.6281738281250000
f 115/273/115 114/274/114 135/275/135
vt 0.8386230468750000 0.6245117187500000
f 135/275/135 114/274/114 136/276/136
vt 0.8393554687500000 0.6320800781250000
f 115/273/115 135/275/135 137/277/137
vt 0.8356933593750000 0.6318359375000000
f 115/273/115 137/277/137 117/278/117
vt 0.8386230468750000 0.6357421875000000
f 117/278/117 137/277/137 138/279/138
vt 0.8349609375000000 0.6352539062500000
f 117/278/117 138/279/138 119/280/119
vt 0.2875976562500000 0.5712890625000000
vt 0.2863769531250000 0.5676269531250000
vt 0.2907714843750000 0.5710449218750000
f 138/281/138 137/282/137 139/283/139
vt 0.2875976562500000 0.5751953125000000
f 138/281/138 139/283/139 140/284/140
vt 0.2893066406250000 0.5664062500000000
f 139/283/139 137/282/137 141/285/141
vt 0.2907714843750000 0.5759277343750000
f 140/284/140 139/283/139 142/286/142
vt 0.2863769531250000 0.5622558593750000
f 141/285/141 137/282/137 143/287/143
vt 0.2863769531250000 0.5788574218750000
f 140/284/140 142/286/142 144/288/144
vt 0.2841796875000000 0.5644531250000000
f 143/287/143 137/282/137 135/289/135
vt 0.2893066406250000 0.5805664062500000
f 144/288/144 142/286/142 145/290/145
vt 0.2824707031250000 0.5595703125000000
f 143/287/143 135/289/135 146/291/146
vt 0.2863769531250000 0.5844726562500000
f 144/288/144 145/290/145 147/292/147
vt 0.2810058593750000 0.5622558593750000
f 146/291/146 135/289/135 136/293/136
vt 0.2841796875000000 0.5822753906250000
f 144/288/144 147/292/147 148/294/148
vt 0.2773437500000000 0.5610351562500000
f 146/291/146 136/293/136 149/295/149
vt 0.2824707031250000 0.5871582031250000
f 148/294/148 147/292/147 150/296/150
vt 0.2778320312500000 0.5578613281250000
f 146/291/146 149/295/149 151/297/151
vt 0.2810058593750000 0.5844726562500000
f 148/294/148 150/296/150 152/298/152
vt 0.2734375000000000 0.5610351562500000
f 151/297/151 149/295/149 153/299/153
vt 0.2778320312500000 0.5886230468750000
f 152/298/152 150/296/150 154/300/154
vt 0.2727050781250000 0.5581054687500000
f 151/297/151 153/299/153 155/301/155
vt 0.2773437500000000 0.5854492187500000
f 152/298/152 154/300/154 156/302/156
vt 0.2700195312500000 0.5622558593750000
f 155/301/155 153/299/153 157/303/157
vt 0.2729492187500000 0.5886230468750000
f 156/302/156 154/300/154 158/304/158
vt 0.2685546875000000 0.5593261718750000
f 155/301/155 157/303/157 159/305/159
vt 0.2736816406250000 0.5854492187500000
f 156/302/156 158/304/158 160/306/160
vt 0.2666015625000000 0.5644531250000000
f 159/305/159 157/303/157 161/307/161
vt 0.2685546875000000 0.5871582031250000
f 160/306/160 158/304/158 162/308/162
vt 0.2644042968750000 0.5622558593750000
f 159/305/159 161/307/161 163/309/163
vt 0.2700195312500000 0.5842285156250000
f 160/306/160 162/308/162 164/310/164
vt 0.2646484375000000 0.5673828125000000
f 163/309/163 161/307/161 165/311/165
vt 0.2670898437500000 0.5822753906250000
f 164/310/164 162/308/162 166/312/166
vt 0.2619628906250000 0.5659179687500000
f 163/309/163 165/311/165 167/313/167
vt 0.2648925781250000 0.5844726562500000
f 166/312/166 162/308/162 168/314/168
vt 0.2602539062500000 0.5708007812500000
f 167/313/167 165/311/165 169/315/169
vt 0.2619628906250000 0.5805664062500000
f 166/312/166 168/314/168 170/316/170
vt 0.2634277343750000 0.5712890625000000
f 169/315/169 165/311/165 171/317/171
vt 0.2648925781250000 0.5791015625000000
f 166/312/166 170/316/170 172/318/172
vt 0.2602539062500000 0.5759277343750000
f 169/315/169 171/317/171 173/319/173
vt 0.2634277343750000 0.5754394531250000
f 172/318/172 170/316/170 174/320/174
f 173/319/173 171/317/171 174/320/174
f 173/319/173 174/320/174 170/316/170
vt 0.3410644531250000 0.9638671875000000
vt 0.3413085937500000 0.9602050781250000
vt 0.3449707031250000 0.9602050781250000
f 114/321/114 118/322/118 149/323/149
vt 0.3449707031250000 0.9638671875000000
f 114/321/114 149/323/149 136/324/136
vt 0.3449707031250000 0.9562988281250000
f 149/323/149 118/322/118 153/325/153
vt 0.3410644531250000 0.9565429687500000
f 153/325/153 118/322/118 120/326/120
vt 0.6218261718750000 0.3103027343750000
vt 0.6196289062500000 0.3129882812500000
vt 0.6196289062500000 0.3078613281250000
f 153/327/153 120/328/120 157/329/157
vt 0.1149902343750000 0.6721191406250000
vt 0.1149902343750000 0.6772460937500000
vt 0.1127929687500000 0.6752929687500000
f 157/330/157 120/331/120 122/332/122
vt 0.3830566406250000 0.9653320312500000
vt 0.3796386718750000 0.9650878906250000
vt 0.3835449218750000 0.9614257812500000
f 157/333/157 122/334/122 161/335/161
vt 0.3798828125000000 0.9611816406250000
f 161/335/161 122/334/122 124/336/124
vt 0.3833007812500000 0.9580078125000000
f 161/335/161 124/336/124 165/337/165
vt 0.3796386718750000 0.9580078125000000
f 165/337/165 124/336/124 126/338/126
vt 0.6564941406250000 0.9587402343750000
vt 0.6564941406250000 0.9624023437500000
vt 0.6528320312500000 0.9587402343750000
f 121/339/121 119/340/119 140/341/140
vt 0.6528320312500000 0.9626464843750000
f 140/341/140 119/340/119 138/342/138
vt 0.6528320312500000 0.9548339843750000
f 121/339/121 140/341/140 144/343/144
vt 0.6564941406250000 0.9550781250000000
f 121/339/121 144/343/144 123/344/123
vt 0.0927734375000000 0.1743164062500000
vt 0.0893554687500000 0.1745605468750000
vt 0.0888671875000000 0.1706542968750000
f 123/345/123 144/346/144 148/347/148
vt 0.0925292968750000 0.1706542968750000
f 123/345/123 148/347/148 125/348/125
vt 0.0893554687500000 0.1669921875000000
f 125/348/125 148/347/148 152/349/152
vt 0.0927734375000000 0.1672363281250000
f 125/348/125 152/349/152 127/350/127
vt 0.2719726562500000 0.5734863281250000
vt 0.2719726562500000 0.5698242187500000
vt 0.2756347656250000 0.5693359375000000
f 128/351/128 130/352/130 174/353/174
vt 0.2756347656250000 0.5734863281250000
f 128/351/128 174/353/174 171/354/171
vt 0.2719726562500000 0.5771484375000000
f 128/351/128 171/354/171 126/355/126
vt 0.2756347656250000 0.5776367187500000
f 126/355/126 171/354/171 165/356/165
vt 0.4721679687500000 0.8581542968750000
vt 0.4685058593750000 0.8586425781250000
vt 0.4685058593750000 0.8552246093750000
f 127/357/127 152/358/152 156/359/156
vt 0.4721679687500000 0.8549804687500000
f 127/357/127 156/359/156 129/360/129
vt 0.4685058593750000 0.8513183593750000
f 129/360/129 156/359/156 160/361/160
vt 0.4721679687500000 0.8513183593750000
f 129/360/129 160/361/160 131/362/131
vt 0.4721679687500000 0.8479003906250000
f 131/362/131 160/361/160 133/363/133
vt 0.4685058593750000 0.8476562500000000
f 133/363/133 160/361/160 164/364/164
vt 0.8532714843750000 0.1872558593750000
vt 0.8527832031250000 0.1909179687500000
vt 0.8491210937500000 0.1909179687500000
f 130/365/130 132/366/132 172/367/172
vt 0.8493652343750000 0.1872558593750000
f 130/365/130 172/367/172 174/368/174
vt 0.8491210937500000 0.1948242187500000
f 172/367/172 132/366/132 166/369/166
vt 0.8527832031250000 0.1945800781250000
f 166/369/166 132/366/132 134/370/134
vt 0.8532714843750000 0.1977539062500000
f 166/369/166 134/370/134 133/371/133
vt 0.8496093750000000 0.1979980468750000
f 166/369/166 133/371/133 164/372/164
vt 0.9348144531250000 0.2783203125000000
vt 0.9309082031250000 0.2778320312500000
vt 0.9309082031250000 0.2106933593750000
f 81/373/81 83/374/83 155/375/155
vt 0.9348144531250000 0.2111816406250000
f 81/373/81 155/375/155 159/376/159
vt 0.9257812500000000 0.2778320312500000
f 155/375/155 83/374/83 85/377/85
vt 0.9257812500000000 0.2106933593750000
f 155/375/155 85/377/85 151/378/151
vt 0.9208984375000000 0.2780761718750000
f 151/378/151 85/377/85 88/379/88
vt 0.9208984375000000 0.2109375000000000
f 151/378/151 88/379/88 146/380/146
vt 0.9460449218750000 0.7009277343750000
vt 0.9460449218750000 0.7590332031250000
vt 0.9409179687500000 0.7587890625000000
f 81/381/81 159/382/159 163/383/163
vt 0.9409179687500000 0.7006835937500000
f 81/381/81 163/383/163 82/384/82
vt 0.4211425781250000 0.8779296875000000
vt 0.4211425781250000 0.9414062500000000
vt 0.4165039062500000 0.9418945312500000
f 146/385/146 88/386/88 90/387/90
vt 0.4165039062500000 0.8784179687500000
f 146/385/146 90/387/90 143/388/143
vt 0.4113769531250000 0.8784179687500000
f 143/388/143 90/387/90 141/389/141
vt 0.4113769531250000 0.9416503906250000
f 141/389/141 90/387/90 95/390/95
vt 0.9262695312500000 0.7463378906250000
vt 0.9213867187500000 0.7465820312500000
vt 0.9213867187500000 0.6787109375000000
f 97/391/97 103/392/103 142/393/142
vt 0.9167480468750000 0.6787109375000000
f 142/393/142 103/392/103 145/394/145
vt 0.9167480468750000 0.7465820312500000
f 145/394/145 103/392/103 107/395/107
vt 0.9262695312500000 0.6787109375000000
f 97/391/97 142/393/142 139/396/139
vt 0.9306640625000000 0.6787109375000000
f 97/391/97 139/396/139 141/397/141
vt 0.9306640625000000 0.7463378906250000
f 97/391/97 141/397/141 95/398/95
vt 0.4555664062500000 0.8786621093750000
vt 0.4555664062500000 0.9387207031250000
vt 0.4506835937500000 0.8791503906250000
f 145/399/145 107/400/107 147/401/147
vt 0.4506835937500000 0.9389648437500000
f 147/401/147 107/400/107 111/402/111
vt 0.4460449218750000 0.8789062500000000
f 147/401/147 111/402/111 150/403/150
vt 0.4460449218750000 0.9387207031250000
f 150/403/150 111/402/111 112/404/112
vt 0.0808105468750000 0.2700195312500000
vt 0.0808105468750000 0.3376464843750000
vt 0.0769042968750000 0.3378906250000000
f 167/405/167 84/406/84 82/407/82
vt 0.0769042968750000 0.2702636718750000
f 167/405/167 82/407/82 163/408/163
vt 0.0859375000000000 0.2700195312500000
f 84/406/84 167/405/167 169/409/169
vt 0.0859375000000000 0.3376464843750000
f 84/406/84 169/409/169 87/410/87
vt 0.0910644531250000 0.2700195312500000
f 87/410/87 169/409/169 173/411/173
vt 0.0910644531250000 0.3378906250000000
f 87/410/87 173/411/173 89/412/89
vt 0.0954589843750000 0.2700195312500000
f 89/412/89 173/411/173 170/413/170
vt 0.0954589843750000 0.3378906250000000
f 89/412/89 170/413/170 94/414/94
vt 0.8559570312500000 0.8898925781250000
vt 0.8559570312500000 0.9472656250000000
vt 0.8510742187500000 0.8898925781250000
f 94/415/94 170/416/170 96/417/96
vt 0.8510742187500000 0.9472656250000000
f 96/417/96 170/416/170 168/418/168
vt 0.5830078125000000 0.9128417968750000
vt 0.5786132812500000 0.9125976562500000
vt 0.5786132812500000 0.8447265625000000
f 112/419/112 110/420/110 154/421/154
vt 0.5830078125000000 0.8449707031250000
f 112/419/112 154/421/154 150/422/150
vt 0.5739746093750000 0.8447265625000000
f 154/421/154 110/420/110 158/423/158
vt 0.5739746093750000 0.9125976562500000
f 158/423/158 110/420/110 106/424/106
vt 0.5693359375000000 0.8449707031250000
f 158/423/158 106/424/106 162/425/162
vt 0.5693359375000000 0.9125976562500000
f 162/425/162 106/424/106 102/426/102
vt 0.5654296875000000 0.9125976562500000
f 162/425/162 102/426/102 96/427/96
vt 0.5654296875000000 0.8447265625000000
f 162/425/162 96/427/96 168/428/168
vt 0.9777832031250000 0.7231445312500000
vt 0.9682617187500000 0.7180175781250000
vt 0.9699707031250000 0.7153320312500000
f 175/429/175 176/430/176 177/431/177
vt 0.9670410156250000 0.7211914062500000
f 176/430/176 175/429/175 178/432/178
vt 0.9729003906250000 0.7133789062500000
f 175/429/175 177/431/177 179/433/179
vt 0.9670410156250000 0.7250976562500000
f 178/432/178 175/429/175 180/434/180
vt 0.9760742187500000 0.7121582031250000
f 175/429/175 179/433/179 181/435/181
vt 0.9682617187500000 0.7285156250000000
f 180/434/180 175/429/175 182/436/182
vt 0.9794921875000000 0.7121582031250000
f 175/429/175 181/435/181 183/437/183
vt 0.9704589843750000 0.7312011718750000
f 182/436/182 175/429/175 184/438/184
vt 0.9824218750000000 0.7131347656250000
f 175/429/175 183/437/183 185/439/185
vt 0.9731445312500000 0.7331542968750000
f 184/438/184 175/429/175 186/440/186
vt 0.9853515625000000 0.7150878906250000
f 175/429/175 185/439/185 187/441/187
vt 0.9765625000000000 0.7341308593750000
f 186/440/186 175/429/175 188/442/188
vt 0.9875488281250000 0.7180175781250000
f 175/429/175 187/441/187 189/443/189
vt 0.9799804687500000 0.7341308593750000
f 188/442/188 175/429/175 190/444/190
vt 0.9890136718750000 0.7209472656250000
f 175/429/175 189/443/189 191/445/191
vt 0.9831542968750000 0.7329101562500000
f 190/444/190 175/429/175 192/446/192
vt 0.9890136718750000 0.7243652343750000
f 175/429/175 191/445/191 193/447/193
vt 0.9855957031250000 0.7309570312500000
f 192/446/192 175/429/175 194/448/194
vt 0.9877929687500000 0.7280273437500000
f 175/429/175 193/447/193 195/449/195
f 175/429/175 195/449/195 194/448/194
vt 0.8808593750000000 0.6958007812500000
vt 0.8808593750000000 0.6989746093750000
vt 0.8767089843750000 0.6960449218750000
f 176/450/176 178/451/178 196/452/196
vt 0.8767089843750000 0.6994628906250000
f 196/452/196 178/451/178 197/453/197
vt 0.8808593750000000 0.6923828125000000
f 176/450/176 196/452/196 177/454/177
vt 0.8767089843750000 0.6923828125000000
f 177/454/177 196/452/196 198/455/198
vt 0.8808593750000000 0.6892089843750000
f 177/454/177 198/455/198 179/456/179
vt 0.8767089843750000 0.6889648437500000
f 179/456/179 198/455/198 199/457/199
vt 0.3422851562500000 0.9719238281250000
vt 0.3457031250000000 0.9721679687500000
vt 0.3461914062500000 0.9750976562500000
f 198/458/198 196/459/196 200/460/200
vt 0.3493652343750000 0.9709472656250000
f 200/460/200 196/459/196 197/461/197
vt 0.3417968750000000 0.9750976562500000
f 198/458/198 200/460/200 201/462/201
vt 0.3505859375000000 0.9736328125000000
f 200/460/200 197/461/197 202/463/202
vt 0.3388671875000000 0.9709472656250000
f 198/458/198 201/462/201 199/464/199
vt 0.3525390625000000 0.9685058593750000
f 202/463/202 197/461/197 203/465/203
vt 0.3374023437500000 0.9733886718750000
f 199/464/199 201/462/201 204/466/204
vt 0.3547363281250000 0.9707031250000000
f 202/463/202 203/465/203 205/467/205
vt 0.3359375000000000 0.9687500000000000
f 199/464/199 204/466/204 206/468/206
vt 0.3576660156250000 0.9665527343750000
f 205/467/205 203/465/203 207/469/207
vt 0.3337402343750000 0.9709472656250000
f 206/468/206 204/466/204 208/470/208
vt 0.3547363281250000 0.9653320312500000
f 207/469/207 203/465/203 209/471/209
vt 0.3308105468750000 0.9670410156250000
f 206/468/206 208/470/208 210/472/210
vt 0.3559570312500000 0.9619140625000000
f 207/469/207 209/471/209 211/473/211
vt 0.3337402343750000 0.9658203125000000
f 206/468/206 210/472/210 212/474/212
vt 0.3586425781250000 0.9624023437500000
f 207/469/207 211/473/211 213/475/213
vt 0.3295898437500000 0.9628906250000000
f 212/474/212 210/472/210 214/476/214
vt 0.3557128906250000 0.9582519531250000
f 213/475/213 211/473/211 215/477/215
vt 0.3327636718750000 0.9626464843750000
f 212/474/212 214/476/214 216/478/216
vt 0.3586425781250000 0.9577636718750000
f 213/475/213 215/477/215 217/479/217
vt 0.3295898437500000 0.9587402343750000
f 216/478/216 214/476/214 218/480/218
vt 0.3544921875000000 0.9550781250000000
f 217/479/217 215/477/215 219/481/219
vt 0.3325195312500000 0.9587402343750000
f 216/478/216 218/480/218 220/482/220
vt 0.3571777343750000 0.9536132812500000
f 217/479/217 219/481/219 221/483/221
vt 0.3337402343750000 0.9553222656250000
f 220/482/220 218/480/218 222/484/222
vt 0.3522949218750000 0.9519042968750000
f 221/483/221 219/481/219 223/485/223
vt 0.3308105468750000 0.9538574218750000
f 222/484/222 218/480/218 224/486/224
vt 0.3544921875000000 0.9497070312500000
f 221/483/221 223/485/223 225/487/225
vt 0.3332519531250000 0.9504394531250000
f 222/484/222 224/486/224 226/488/226
vt 0.3505859375000000 0.9470214843750000
f 225/487/225 223/485/223 227/489/227
vt 0.3356933593750000 0.9523925781250000
f 222/484/222 226/488/226 228/490/228
vt 0.3493652343750000 0.9499511718750000
f 227/489/227 223/485/223 229/491/229
vt 0.3386230468750000 0.9501953125000000
f 228/490/228 226/488/226 230/492/230
vt 0.3464355468750000 0.9458007812500000
f 227/489/227 229/491/229 231/493/231
vt 0.3369140625000000 0.9475097656250000
f 230/492/230 226/488/226 232/494/232
vt 0.3459472656250000 0.9489746093750000
f 231/493/231 229/491/229 233/495/233
vt 0.3420410156250000 0.9489746093750000
f 230/492/230 232/494/232 234/496/234
vt 0.3415527343750000 0.9458007812500000
f 231/493/231 233/495/233 235/497/235
f 234/496/234 232/494/232 235/497/235
f 234/496/234 235/497/235 233/495/233
vt 0.9858398437500000 0.8803710937500000
vt 0.9860839843750000 0.8835449218750000
vt 0.9821777343750000 0.8835449218750000
f 181/498/181 179/499/179 199/500/199
vt 0.9819335937500000 0.8801269531250000
f 181/498/181 199/500/199 206/501/206
vt 0.9860839843750000 0.8769531250000000
f 181/498/181 206/501/206 183/502/183
vt 0.9821777343750000 0.8764648437500000
f 183/502/183 206/501/206 212/503/212
vt 0.0803222656250000 0.6811523437500000
vt 0.0803222656250000 0.6838378906250000
vt 0.0761718750000000 0.6840820312500000
f 185/504/185 183/505/183 212/506/212
vt 0.0761718750000000 0.6811523437500000
f 185/504/185 212/506/212 216/507/216
vt 0.0761718750000000 0.6772460937500000
f 185/504/185 216/507/216 220/508/220
vt 0.0803222656250000 0.6774902343750000
f 185/504/185 220/508/220 187/509/187
vt 0.0761718750000000 0.6735839843750000
f 187/509/187 220/508/220 222/510/222
vt 0.0803222656250000 0.6740722656250000
f 187/509/187 222/510/222 189/511/189
vt 0.0688476562500000 0.7077636718750000
vt 0.0693359375000000 0.7114257812500000
vt 0.0649414062500000 0.7080078125000000
f 180/512/180 182/513/182 203/514/203
vt 0.0654296875000000 0.7119140625000000
f 203/514/203 182/513/182 209/515/209
vt 0.0693359375000000 0.7041015625000000
f 180/512/180 203/514/203 178/516/178
vt 0.0654296875000000 0.7041015625000000
f 178/516/178 203/514/203 197/517/197
vt 0.8767089843750000 0.6811523437500000
vt 0.8767089843750000 0.6779785156250000
vt 0.8808593750000000 0.6813964843750000
f 182/518/182 184/519/184 209/520/209
vt 0.8808593750000000 0.6779785156250000
f 209/520/209 184/519/184 211/521/211
vt 0.8767089843750000 0.6745605468750000
f 211/521/211 184/519/184 186/522/186
vt 0.8808593750000000 0.6743164062500000
f 211/521/211 186/522/186 215/523/215
vt 0.8767089843750000 0.6713867187500000
f 215/523/215 186/522/186 188/524/188
vt 0.8808593750000000 0.6708984375000000
f 215/523/215 188/524/188 219/525/219
vt 0.3959960937500000 0.6896972656250000
vt 0.3937988281250000 0.6872558593750000
vt 0.3959960937500000 0.6848144531250000
f 219/526/219 188/527/188 190/528/190
vt 0.1748046875000000 0.9680175781250000
vt 0.1748046875000000 0.9631347656250000
vt 0.1772460937500000 0.9667968750000000
f 219/529/219 190/530/190 223/531/223
vt 0.1037597656250000 0.3474121093750000
vt 0.1005859375000000 0.3476562500000000
vt 0.1005859375000000 0.3437500000000000
f 191/532/191 189/533/189 222/534/222
vt 0.1037597656250000 0.3435058593750000
f 191/532/191 222/534/222 228/535/228
vt 0.3898925781250000 0.3383789062500000
vt 0.3933105468750000 0.3381347656250000
vt 0.3896484375000000 0.3420410156250000
f 193/536/193 191/537/191 230/538/230
vt 0.3933105468750000 0.3420410156250000
f 230/538/230 191/537/191 228/539/228
vt 0.1074218750000000 0.7099609375000000
vt 0.1079101562500000 0.7070312500000000
vt 0.1118164062500000 0.7104492187500000
f 190/540/190 192/541/192 223/542/223
vt 0.1120605468750000 0.7072753906250000
f 223/542/223 192/541/192 229/543/229
vt 0.1079101562500000 0.7041015625000000
f 229/543/229 192/541/192 194/544/194
vt 0.1123046875000000 0.7038574218750000
f 229/543/229 194/544/194 233/545/233
vt 0.1079101562500000 0.7004394531250000
f 233/545/233 194/544/194 195/546/195
vt 0.1120605468750000 0.6999511718750000
f 233/545/233 195/546/195 234/547/234
vt 0.1074218750000000 0.6967773437500000
f 234/547/234 195/546/195 193/548/193
vt 0.1118164062500000 0.6965332031250000
f 234/547/234 193/548/193 230/549/230
vt 0.9873046875000000 0.4304199218750000
vt 0.9846191406250000 0.4323730468750000
vt 0.9792480468750000 0.4226074218750000
f 236/550/236 237/551/237 238/552/238
vt 0.9812011718750000 0.4335937500000000
f 238/552/238 237/551/237 239/553/239
vt 0.9892578125000000 0.4277343750000000
f 236/550/236 238/552/238 240/554/240
vt 0.9775390625000000 0.4335937500000000
f 238/552/238 239/553/239 241/555/241
vt 0.9902343750000000 0.4243164062500000
f 240/554/240 238/552/238 242/556/242
vt 0.9741210937500000 0.4321289062500000
f 238/552/238 241/555/241 243/557/243
vt 0.9902343750000000 0.4208984375000000
f 242/556/242 238/552/238 244/558/244
vt 0.9714355468750000 0.4301757812500000
f 238/552/238 243/557/243 245/559/245
vt 0.9892578125000000 0.4182128906250000
f 244/558/244 238/552/238 246/560/246
vt 0.9692382812500000 0.4274902343750000
f 238/552/238 245/559/245 247/561/247
vt 0.9873046875000000 0.4150390625000000
f 246/560/246 238/552/238 248/562/248
vt 0.9685058593750000 0.4240722656250000
f 238/552/238 247/561/247 249/563/249
vt 0.9846191406250000 0.4130859375000000
f 248/562/248 238/552/238 250/564/250
vt 0.9685058593750000 0.4206542968750000
f 238/552/238 249/563/249 251/565/251
vt 0.9814453125000000 0.4116210937500000
f 250/564/250 238/552/238 252/566/252
vt 0.9694824218750000 0.4174804687500000
f 238/552/238 251/565/251 253/567/253
vt 0.9780273437500000 0.4116210937500000
f 252/566/252 238/552/238 254/568/254
vt 0.9714355468750000 0.4147949218750000
f 238/552/238 253/567/253 255/569/255
vt 0.9746093750000000 0.4128417968750000
f 254/568/254 238/552/238 256/570/256
f 256/570/256 238/552/238 255/569/255
vt 0.9238281250000000 0.5446777343750000
vt 0.9238281250000000 0.5415039062500000
vt 0.9279785156250000 0.5449218750000000
f 237/571/237 236/572/236 257/573/257
vt 0.9238281250000000 0.5480957031250000
f 237/571/237 257/573/257 239/574/239
vt 0.9279785156250000 0.5485839843750000
f 239/574/239 257/573/257 258/575/258
vt 0.9279785156250000 0.5415039062500000
f 257/573/257 236/572/236 259/576/259
vt 0.9279785156250000 0.5380859375000000
f 259/576/259 236/572/236 260/577/260
vt 0.9238281250000000 0.5383300781250000
f 260/577/260 236/572/236 240/578/240
vt 0.2702636718750000 0.9860839843750000
vt 0.2705078125000000 0.9826660156250000
vt 0.2741699218750000 0.9824218750000000
f 240/579/240 242/580/242 261/581/261
vt 0.2739257812500000 0.9860839843750000
f 240/579/240 261/581/261 260/582/260
vt 0.2739257812500000 0.9787597656250000
f 261/581/261 242/580/242 262/583/262
vt 0.2702636718750000 0.9792480468750000
f 262/583/262 242/580/242 244/584/244
vt 0.6562500000000000 0.9707031250000000
vt 0.6596679687500000 0.9694824218750000
vt 0.6567382812500000 0.9736328125000000
f 259/585/259 260/586/260 263/587/263
vt 0.6611328125000000 0.9721679687500000
f 263/587/263 260/586/260 264/588/264
vt 0.6523437500000000 0.9736328125000000
f 259/585/259 263/587/263 265/589/265
vt 0.6625976562500000 0.9672851562500000
f 264/588/264 260/586/260 261/590/261
vt 0.6528320312500000 0.9707031250000000
f 259/585/259 265/589/265 257/591/257
vt 0.6647949218750000 0.9694824218750000
f 264/588/264 261/590/261 266/592/266
vt 0.6491699218750000 0.9694824218750000
f 257/591/257 265/589/265 258/593/258
vt 0.6674804687500000 0.9655761718750000
f 266/592/266 261/590/261 267/594/267
vt 0.6477050781250000 0.9724121093750000
f 258/593/258 265/589/265 268/595/268
vt 0.6647949218750000 0.9641113281250000
f 267/594/267 261/590/261 262/596/262
vt 0.6459960937500000 0.9672851562500000
f 258/593/258 268/595/268 269/597/269
vt 0.6689453125000000 0.9614257812500000
f 267/594/267 262/596/262 270/598/270
vt 0.6437988281250000 0.9692382812500000
f 269/597/269 268/595/268 271/599/271
vt 0.6657714843750000 0.9611816406250000
f 270/598/270 262/596/262 272/600/272
vt 0.6408691406250000 0.9653320312500000
f 269/597/269 271/599/271 273/601/273
vt 0.6689453125000000 0.9572753906250000
f 270/598/270 272/600/272 274/602/274
vt 0.6437988281250000 0.9638671875000000
f 269/597/269 273/601/273 275/603/275
vt 0.6657714843750000 0.9575195312500000
f 274/602/274 272/600/272 276/604/276
vt 0.6425781250000000 0.9604492187500000
f 275/603/275 273/601/273 277/605/277
vt 0.6647949218750000 0.9538574218750000
f 274/602/274 276/604/276 278/606/278
vt 0.6398925781250000 0.9609375000000000
f 277/605/277 273/601/273 279/607/279
vt 0.6674804687500000 0.9526367187500000
f 274/602/274 278/606/278 280/608/280
vt 0.6428222656250000 0.9567871093750000
f 277/605/277 279/607/279 281/609/281
vt 0.6652832031250000 0.9489746093750000
f 280/608/280 278/606/278 282/610/282
vt 0.6398925781250000 0.9565429687500000
f 281/609/281 279/607/279 283/611/283
vt 0.6628417968750000 0.9509277343750000
f 282/610/282 278/606/278 284/612/284
vt 0.6440429687500000 0.9536132812500000
f 281/609/281 283/611/283 285/613/285
vt 0.6599121093750000 0.9487304687500000
f 282/610/282 284/612/284 286/614/286
vt 0.6413574218750000 0.9521484375000000
f 285/613/285 283/611/283 287/615/287
vt 0.6616210937500000 0.9460449218750000
f 282/610/282 286/614/286 288/616/288
vt 0.6459960937500000 0.9506835937500000
f 285/613/285 287/615/287 289/617/289
vt 0.6562500000000000 0.9475097656250000
f 288/616/288 286/614/286 290/618/290
vt 0.6440429687500000 0.9482421875000000
f 289/617/289 287/615/287 291/619/291
vt 0.6567382812500000 0.9445800781250000
f 288/616/288 290/618/290 292/620/292
vt 0.6477050781250000 0.9455566406250000
f 289/617/289 291/619/291 293/621/293
vt 0.6525878906250000 0.9475097656250000
f 292/620/292 290/618/290 294/622/294
vt 0.6491699218750000 0.9484863281250000
f 289/617/289 293/621/293 295/623/295
f 295/623/295 293/621/293 294/622/294
vt 0.6520996093750000 0.9443359375000000
f 292/620/292 294/622/294 296/624/296
f 296/624/296 294/622/294 293/621/293
vt 0.1828613281250000 0.6796875000000000
vt 0.1831054687500000 0.6760253906250000
vt 0.1865234375000000 0.6799316406250000
f 243/625/243 241/626/241 275/627/275
vt 0.1870117187500000 0.6762695312500000
f 275/627/275 241/626/241 269/628/269
vt 0.1865234375000000 0.6723632812500000
f 269/628/269 241/626/241 258/629/258
vt 0.1828613281250000 0.6723632812500000
f 258/629/258 241/626/241 239/630/239
vt 0.8823242187500000 0.3955078125000000
vt 0.8820800781250000 0.3986816406250000
vt 0.8781738281250000 0.3955078125000000
f 245/631/245 243/632/243 277/633/277
vt 0.8781738281250000 0.3989257812500000
f 277/633/277 243/632/243 275/634/275
vt 0.8779296875000000 0.3918457031250000
f 245/631/245 277/633/277 281/635/281
vt 0.8823242187500000 0.3920898437500000
f 245/631/245 281/635/281 247/636/247
vt 0.8779296875000000 0.3884277343750000
f 247/636/247 281/635/281 285/637/285
vt 0.8823242187500000 0.3889160156250000
f 247/636/247 285/637/285 249/638/249
vt 0.9226074218750000 0.5261230468750000
vt 0.9226074218750000 0.5234375000000000
vt 0.9265136718750000 0.5234375000000000
f 244/639/244 246/640/246 272/641/272
vt 0.9265136718750000 0.5263671875000000
f 244/639/244 272/641/272 262/642/262
vt 0.9265136718750000 0.5195312500000000
f 272/641/272 246/640/246 276/643/276
vt 0.9226074218750000 0.5197753906250000
f 276/643/276 246/640/246 248/644/248
vt 0.9265136718750000 0.5158691406250000
f 276/643/276 248/644/248 278/645/278
vt 0.9226074218750000 0.5163574218750000
f 278/645/278 248/644/248 250/646/250
vt 0.9677734375000000 0.1555175781250000
vt 0.9680175781250000 0.1589355468750000
vt 0.9638671875000000 0.1557617187500000
f 251/647/251 249/648/249 289/649/289
vt 0.9641113281250000 0.1591796875000000
f 289/649/289 249/648/249 285/650/285
vt 0.9680175781250000 0.1520996093750000
f 251/647/251 289/649/289 253/651/253
vt 0.9643554687500000 0.1520996093750000
f 253/651/253 289/649/289 295/652/295
vt 0.8601074218750000 0.2363281250000000
vt 0.8596191406250000 0.2395019531250000
vt 0.8557128906250000 0.2392578125000000
f 250/653/250 252/654/252 284/655/284
vt 0.8559570312500000 0.2360839843750000
f 250/653/250 284/655/284 278/656/278
vt 0.8557128906250000 0.2429199218750000
f 284/655/284 252/654/252 286/657/286
vt 0.8596191406250000 0.2429199218750000
f 286/657/286 252/654/252 254/658/254
vt 0.8601074218750000 0.2463378906250000
f 286/657/286 254/658/254 256/659/256
vt 0.8559570312500000 0.2465820312500000
f 286/657/286 256/659/256 290/660/290
vt 0.8933105468750000 0.9677734375000000
vt 0.8894042968750000 0.9680175781250000
vt 0.8894042968750000 0.9645996093750000
f 253/661/253 295/662/295 294/663/294
vt 0.8933105468750000 0.9645996093750000
f 253/661/253 294/663/294 255/664/255
vt 0.8894042968750000 0.9606933593750000
f 255/664/255 294/663/294 290/665/290
vt 0.8933105468750000 0.9609375000000000
f 255/664/255 290/665/290 256/666/256
vt 0.0078125000000000 0.9401855468750000
vt 0.0034179687500000 0.9404296875000000
vt 0.0034179687500000 0.8737792968750000
f 200/667/200 202/668/202 268/669/268
vt 0.0078125000000000 0.8735351562500000
f 200/667/200 268/669/268 265/670/265
vt 0.0122070312500000 0.8735351562500000
f 200/667/200 265/670/265 263/671/263
vt 0.0122070312500000 0.9401855468750000
f 200/667/200 263/671/263 201/672/201
vt 0.0166015625000000 0.8737792968750000
f 201/672/201 263/671/263 264/673/264
vt 0.0166015625000000 0.9404296875000000
f 201/672/201 264/673/264 204/674/204
vt 0.3808593750000000 0.8754882812500000
vt 0.3808593750000000 0.9348144531250000
vt 0.3764648437500000 0.9343261718750000
f 204/675/204 264/676/264 266/677/266
vt 0.3764648437500000 0.8750000000000000
f 204/675/204 266/677/266 208/678/208
vt 0.3718261718750000 0.9345703125000000
f 208/678/208 266/677/266 267/679/267
vt 0.3718261718750000 0.8752441406250000
f 208/678/208 267/679/267 210/680/210
vt 0.0871582031250000 0.9375000000000000
vt 0.0822753906250000 0.9377441406250000
vt 0.0822753906250000 0.8737792968750000
f 202/681/202 205/682/205 271/683/271
vt 0.0871582031250000 0.8735351562500000
f 202/681/202 271/683/271 268/684/268
vt 0.0773925781250000 0.9372558593750000
f 271/683/271 205/682/205 207/685/207
vt 0.0773925781250000 0.8730468750000000
f 271/683/271 207/685/207 273/686/273
vt 0.9348144531250000 0.0524902343750000
vt 0.9348144531250000 0.1206054687500000
vt 0.9304199218750000 0.0524902343750000
f 273/687/273 207/688/207 279/689/279
vt 0.9306640625000000 0.1206054687500000
f 279/689/279 207/688/207 213/690/213
vt 0.9260253906250000 0.0524902343750000
f 279/689/279 213/690/213 283/691/283
vt 0.9260253906250000 0.1206054687500000
f 283/691/283 213/690/213 217/692/217
vt 0.9218750000000000 0.0524902343750000
f 283/691/283 217/692/217 287/693/287
vt 0.9218750000000000 0.1206054687500000
f 287/693/287 217/692/217 221/694/221
vt 0.9472656250000000 0.2563476562500000
vt 0.9426269531250000 0.2561035156250000
vt 0.9426269531250000 0.1972656250000000
f 221/695/221 225/696/225 291/697/291
vt 0.9472656250000000 0.1972656250000000
f 221/695/221 291/697/291 287/698/287
vt 0.6030273437500000 0.8544921875000000
vt 0.6066894531250000 0.8544921875000000
vt 0.6066894531250000 0.9223632812500000
f 225/699/225 227/700/227 293/701/293
vt 0.6030273437500000 0.9223632812500000
f 225/699/225 293/701/293 291/702/291
vt 0.6110839843750000 0.9223632812500000
f 293/701/293 227/700/227 296/703/296
vt 0.6110839843750000 0.8544921875000000
f 296/703/296 227/700/227 231/704/231
vt 0.6157226562500000 0.9221191406250000
f 296/703/296 231/704/231 292/705/292
vt 0.6157226562500000 0.8544921875000000
f 292/705/292 231/704/231 235/706/235
vt 0.6206054687500000 0.8544921875000000
f 292/705/292 235/706/235 232/707/232
vt 0.6206054687500000 0.9221191406250000
f 292/705/292 232/707/232 288/708/288
vt 0.8720703125000000 0.9460449218750000
vt 0.8720703125000000 0.8896484375000000
vt 0.8767089843750000 0.9455566406250000
f 288/709/288 232/710/232 282/711/282
vt 0.8767089843750000 0.8891601562500000
f 282/711/282 232/710/232 226/712/226
vt 0.9348144531250000 0.7551269531250000
vt 0.9348144531250000 0.8227539062500000
vt 0.9311523437500000 0.8227539062500000
f 282/713/282 226/714/226 224/715/224
vt 0.9311523437500000 0.7548828125000000
f 282/713/282 224/715/224 280/716/280
vt 0.9265136718750000 0.8227539062500000
f 280/716/280 224/715/224 218/717/218
vt 0.9265136718750000 0.7548828125000000
f 280/716/280 218/717/218 274/718/274
vt 0.9221191406250000 0.8227539062500000
f 274/718/274 218/717/218 214/719/214
vt 0.9221191406250000 0.7548828125000000
f 274/718/274 214/719/214 270/720/270
vt 0.9182128906250000 0.8227539062500000
f 270/720/270 214/719/214 210/721/210
vt 0.9182128906250000 0.7548828125000000
f 270/720/270 210/721/210 267/722/267
vt 0.9689941406250000 0.8588867187500000
vt 0.9689941406250000 0.8552246093750000
vt 0.9797363281250000 0.8574218750000000
f 297/723/297 298/724/298 299/725/299
vt 0.9702148437500000 0.8518066406250000
f 299/725/299 298/724/298 300/726/300
vt 0.9699707031250000 0.8623046875000000
f 297/723/297 299/725/299 301/727/301
vt 0.9724121093750000 0.8493652343750000
f 299/725/299 300/726/300 302/728/302
vt 0.9719238281250000 0.8652343750000000
f 301/727/301 299/725/299 303/729/303
vt 0.9748535156250000 0.8476562500000000
f 299/725/299 302/728/302 304/730/304
vt 0.9746093750000000 0.8671875000000000
f 303/729/303 299/725/299 305/731/305
vt 0.9782714843750000 0.8466796875000000
f 299/725/299 304/730/304 306/732/306
vt 0.9777832031250000 0.8684082031250000
f 305/731/305 299/725/299 307/733/307
vt 0.9809570312500000 0.8466796875000000
f 299/725/299 306/732/306 308/734/308
vt 0.9809570312500000 0.8684082031250000
f 307/733/307 299/725/299 309/735/309
vt 0.9846191406250000 0.8476562500000000
f 299/725/299 308/734/308 310/736/310
vt 0.9838867187500000 0.8676757812500000
f 309/735/309 299/725/299 311/737/311
vt 0.9875488281250000 0.8498535156250000
f 299/725/299 310/736/310 312/738/312
vt 0.9870605468750000 0.8654785156250000
f 311/737/311 299/725/299 313/739/313
vt 0.9895019531250000 0.8530273437500000
f 299/725/299 312/738/312 314/740/314
vt 0.9890136718750000 0.8625488281250000
f 313/739/313 299/725/299 315/741/315
vt 0.9902343750000000 0.8562011718750000
f 299/725/299 314/740/314 316/742/316
vt 0.9902343750000000 0.8596191406250000
f 315/741/315 299/725/299 317/743/317
f 317/743/317 299/725/299 316/742/316
vt 0.4941406250000000 0.9599609375000000
vt 0.4943847656250000 0.9633789062500000
vt 0.4902343750000000 0.9602050781250000
f 297/744/297 301/745/301 318/746/318
vt 0.4904785156250000 0.9638671875000000
f 318/746/318 301/745/301 319/747/319
vt 0.4943847656250000 0.9562988281250000
f 297/744/297 318/746/318 298/748/298
vt 0.4907226562500000 0.9562988281250000
f 298/748/298 318/746/318 320/749/320
vt 0.8405761718750000 0.9291992187500000
vt 0.8364257812500000 0.9294433593750000
vt 0.8408203125000000 0.9257812500000000
f 298/750/298 320/751/320 300/752/300
vt 0.8364257812500000 0.9257812500000000
f 300/752/300 320/751/320 321/753/321
vt 0.8405761718750000 0.9223632812500000
f 300/752/300 321/753/321 302/754/302
vt 0.8364257812500000 0.9223632812500000
f 302/754/302 321/753/321 322/755/322
vt 0.8405761718750000 0.9194335937500000
f 302/754/302 322/755/322 304/756/304
vt 0.8364257812500000 0.9189453125000000
f 304/756/304 322/755/322 323/757/323
vt 0.2841796875000000 0.9648437500000000
vt 0.2854003906250000 0.9682617187500000
vt 0.2827148437500000 0.9699707031250000
f 321/758/321 320/759/320 324/760/324
vt 0.2875976562500000 0.9716796875000000
f 324/760/324 320/759/320 318/761/318
vt 0.2810058593750000 0.9653320312500000
f 321/758/321 324/760/324 325/762/325
vt 0.2856445312500000 0.9738769531250000
f 324/760/324 318/761/318 326/763/326
vt 0.2841796875000000 0.9614257812500000
f 321/758/321 325/762/325 322/764/322
vt 0.2910156250000000 0.9738769531250000
f 326/763/326 318/761/318 319/765/319
vt 0.2810058593750000 0.9609375000000000
f 322/764/322 325/762/325 327/766/327
vt 0.2895507812500000 0.9765625000000000
f 326/763/326 319/765/319 328/767/328
vt 0.2854003906250000 0.9580078125000000
f 322/764/322 327/766/327 323/768/323
vt 0.2939453125000000 0.9777832031250000
f 328/767/328 319/765/319 329/769/329
vt 0.2827148437500000 0.9565429687500000
f 323/768/323 327/766/327 330/770/330
vt 0.2944335937500000 0.9748535156250000
f 329/769/329 319/765/319 331/771/331
vt 0.2873535156250000 0.9553222656250000
f 323/768/323 330/770/330 332/772/332
vt 0.2978515625000000 0.9748535156250000
f 329/769/329 331/771/331 333/773/333
vt 0.2851562500000000 0.9531250000000000
f 332/772/332 330/770/330 334/774/334
vt 0.2985839843750000 0.9777832031250000
f 329/769/329 333/773/333 335/775/335
vt 0.2897949218750000 0.9531250000000000
f 332/772/332 334/774/334 336/776/336
vt 0.3012695312500000 0.9736328125000000
f 335/775/335 333/773/333 337/777/337
vt 0.2883300781250000 0.9506835937500000
f 336/776/336 334/774/334 338/778/338
vt 0.3027343750000000 0.9763183593750000
f 335/775/335 337/777/337 339/779/339
vt 0.2929687500000000 0.9489746093750000
f 336/776/336 338/778/338 340/780/340
vt 0.3061523437500000 0.9738769531250000
f 339/779/339 337/777/337 341/781/341
vt 0.2934570312500000 0.9519042968750000
f 336/776/336 340/780/340 342/782/342
vt 0.3039550781250000 0.9714355468750000
f 341/781/341 337/777/337 343/783/343
vt 0.2973632812500000 0.9519042968750000
f 342/782/342 340/780/340 344/784/344
vt 0.3085937500000000 0.9704589843750000
f 341/781/341 343/783/343 345/785/345
vt 0.2978515625000000 0.9487304687500000
f 344/784/344 340/780/340 346/786/346
vt 0.3059082031250000 0.9689941406250000
f 345/785/345 343/783/343 347/787/347
vt 0.3010253906250000 0.9528808593750000
f 344/784/344 346/786/346 348/788/348
vt 0.3103027343750000 0.9655761718750000
f 345/785/345 347/787/347 349/789/349
vt 0.3027343750000000 0.9501953125000000
f 348/788/348 346/786/346 350/790/350
vt 0.3073730468750000 0.9650878906250000
f 349/789/349 347/787/347 351/791/351
vt 0.3061523437500000 0.9526367187500000
f 348/788/348 350/790/350 352/792/352
vt 0.3103027343750000 0.9606933593750000
f 349/789/349 351/791/351 353/793/353
vt 0.3039550781250000 0.9550781250000000
f 348/788/348 352/792/352 354/794/354
vt 0.3071289062500000 0.9611816406250000
f 353/793/353 351/791/351 355/795/355
vt 0.3088378906250000 0.9565429687500000
f 354/794/354 352/792/352 356/796/356
f 353/793/353 355/795/355 356/796/356
vt 0.3059082031250000 0.9580078125000000
f 354/794/354 356/796/356 357/797/357
f 357/797/357 356/796/356 355/795/355
vt 0.1743164062500000 0.7102050781250000
vt 0.1743164062500000 0.7070312500000000
vt 0.1787109375000000 0.7104492187500000
f 301/798/301 303/799/303 319/800/319
vt 0.1787109375000000 0.7070312500000000
f 319/800/319 303/799/303 331/801/331
vt 0.1743164062500000 0.7038574218750000
f 331/801/331 303/799/303 305/802/305
vt 0.1787109375000000 0.7036132812500000
f 331/801/331 305/802/305 333/803/333
vt 0.1743164062500000 0.7004394531250000
f 333/803/333 305/802/305 307/804/307
vt 0.1787109375000000 0.7001953125000000
f 333/803/333 307/804/307 337/805/337
vt 0.1743164062500000 0.6979980468750000
f 337/805/337 307/804/307 309/806/309
vt 0.1384277343750000 0.9902343750000000
vt 0.1345214843750000 0.9902343750000000
vt 0.1381835937500000 0.9870605468750000
f 304/807/304 323/808/323 306/809/306
vt 0.1342773437500000 0.9870605468750000
f 306/809/306 323/808/323 332/810/332
vt 0.1384277343750000 0.9841308593750000
f 306/809/306 332/810/332 308/811/308
vt 0.1345214843750000 0.9836425781250000
f 308/811/308 332/810/332 336/812/336
vt 0.2331542968750000 0.9528808593750000
vt 0.2331542968750000 0.9479980468750000
vt 0.2353515625000000 0.9504394531250000
f 337/813/337 309/814/309 343/815/343
vt 0.6423339843750000 0.7937011718750000
vt 0.6379394531250000 0.7934570312500000
vt 0.6381835937500000 0.7907714843750000
f 343/816/343 309/817/309 311/818/311
vt 0.6425781250000000 0.7910156250000000
f 343/816/343 311/818/311 347/819/347
vt 0.6384277343750000 0.7871093750000000
f 347/819/347 311/818/311 313/820/313
vt 0.6425781250000000 0.7871093750000000
f 347/819/347 313/820/313 351/821/351
vt 0.6381835937500000 0.7836914062500000
f 351/821/351 313/820/313 315/822/315
vt 0.6425781250000000 0.7834472656250000
f 351/821/351 315/822/315 355/823/355
vt 0.6379394531250000 0.7805175781250000
f 355/823/355 315/822/315 317/824/317
vt 0.6423339843750000 0.7800292968750000
f 355/823/355 317/824/317 357/825/357
vt 0.8476562500000000 0.3479003906250000
vt 0.8476562500000000 0.3513183593750000
vt 0.8432617187500000 0.3518066406250000
f 310/826/310 308/827/308 336/828/336
vt 0.8435058593750000 0.3481445312500000
f 310/826/310 336/828/336 342/829/342
vt 0.8435058593750000 0.3442382812500000
f 310/826/310 342/829/342 344/830/344
vt 0.8476562500000000 0.3442382812500000
f 310/826/310 344/830/344 312/831/312
vt 0.8432617187500000 0.3405761718750000
f 312/831/312 344/830/344 348/832/348
vt 0.8476562500000000 0.3408203125000000
f 312/831/312 348/832/348 314/833/314
vt 0.4445800781250000 0.9809570312500000
vt 0.4484863281250000 0.9804687500000000
vt 0.4448242187500000 0.9841308593750000
f 314/834/314 348/835/348 316/836/316
vt 0.4487304687500000 0.9838867187500000
f 316/836/316 348/835/348 354/837/354
vt 0.4445800781250000 0.9875488281250000
f 316/836/316 354/837/354 317/838/317
vt 0.4484863281250000 0.9873046875000000
f 317/838/317 354/837/354 357/839/357
vt 0.9821777343750000 0.0541992187500000
vt 0.9899902343750000 0.0463867187500000
vt 0.9921875000000000 0.0495605468750000
f 358/840/358 359/841/359 360/842/360
vt 0.9870605468750000 0.0441894531250000
f 359/841/359 358/840/358 361/843/361
vt 0.9929199218750000 0.0529785156250000
f 358/840/358 360/842/360 362/844/362
vt 0.9838867187500000 0.0434570312500000
f 361/843/361 358/840/358 363/845/363
vt 0.9931640625000000 0.0563964843750000
f 358/840/358 362/844/362 364/846/364
vt 0.9807128906250000 0.0434570312500000
f 363/845/363 358/840/358 365/847/365
vt 0.9919433593750000 0.0595703125000000
f 358/840/358 364/846/364 366/848/366
vt 0.9775390625000000 0.0444335937500000
f 365/847/365 358/840/358 367/849/367
vt 0.9897460937500000 0.0622558593750000
f 358/840/358 366/848/366 368/850/368
vt 0.9750976562500000 0.0458984375000000
f 367/849/367 358/840/358 369/851/369
vt 0.9873046875000000 0.0639648437500000
f 358/840/358 368/850/368 370/852/370
vt 0.9729003906250000 0.0488281250000000
f 369/851/369 358/840/358 371/853/371
vt 0.9843750000000000 0.0651855468750000
f 358/840/358 370/852/370 372/854/372
vt 0.9714355468750000 0.0522460937500000
f 371/853/371 358/840/358 373/855/373
vt 0.9804687500000000 0.0649414062500000
f 358/840/358 372/854/372 374/856/374
vt 0.9714355468750000 0.0559082031250000
f 373/855/373 358/840/358 375/857/375
vt 0.9772949218750000 0.0637207031250000
f 358/840/358 374/856/374 376/858/376
vt 0.9721679687500000 0.0590820312500000
f 375/857/375 358/840/358 377/859/377
vt 0.9743652343750000 0.0620117187500000
f 358/840/358 376/858/376 378/860/378
f 358/840/358 378/860/378 377/859/377
vt 0.7741699218750000 0.9243164062500000
vt 0.7741699218750000 0.9208984375000000
vt 0.7783203125000000 0.9208984375000000
f 361/861/361 363/862/363 379/863/379
vt 0.7783203125000000 0.9174804687500000
f 379/863/379 363/862/363 380/864/380
vt 0.7741699218750000 0.9179687500000000
f 380/864/380 363/862/363 365/865/365
vt 0.7783203125000000 0.9245605468750000
f 361/861/361 379/863/379 381/866/381
vt 0.7741699218750000 0.9277343750000000
f 361/861/361 381/866/381 359/867/359
vt 0.7783203125000000 0.9279785156250000
f 359/867/359 381/866/381 382/868/382
vt 0.2683105468750000 0.9636230468750000
vt 0.2683105468750000 0.9599609375000000
vt 0.2714843750000000 0.9638671875000000
f 381/869/381 379/870/379 383/871/383
vt 0.2714843750000000 0.9594726562500000
f 383/871/383 379/870/379 384/872/384
vt 0.2700195312500000 0.9685058593750000
f 381/869/381 383/871/383 385/873/385
vt 0.2670898437500000 0.9565429687500000
f 384/872/384 379/870/379 380/874/380
vt 0.2670898437500000 0.9670410156250000
f 381/869/381 385/873/385 382/875/382
vt 0.2700195312500000 0.9553222656250000
f 384/872/384 380/874/380 386/876/386
vt 0.2648925781250000 0.9702148437500000
f 382/875/382 385/873/385 387/877/387
vt 0.2653808593750000 0.9538574218750000
f 386/876/386 380/874/380 388/878/388
vt 0.2670898437500000 0.9726562500000000
f 387/877/387 385/873/385 389/879/389
vt 0.2673339843750000 0.9516601562500000
f 386/876/386 388/878/388 390/880/390
vt 0.2617187500000000 0.9724121093750000
f 387/877/387 389/879/389 391/881/391
vt 0.2626953125000000 0.9516601562500000
f 390/880/390 388/878/388 392/882/392
vt 0.2629394531250000 0.9753417968750000
f 391/881/391 389/879/389 393/883/393
vt 0.2644042968750000 0.9492187500000000
f 390/880/390 392/882/392 394/884/394
vt 0.2587890625000000 0.9763183593750000
f 391/881/391 393/883/393 395/885/395
vt 0.2597656250000000 0.9475097656250000
f 394/884/394 392/882/392 396/886/396
vt 0.2580566406250000 0.9733886718750000
f 391/881/391 395/885/395 397/887/397
vt 0.2590332031250000 0.9504394531250000
f 396/886/396 392/882/392 398/888/398
vt 0.2546386718750000 0.9733886718750000
f 397/887/397 395/885/395 399/889/399
vt 0.2553710937500000 0.9504394531250000
f 396/886/396 398/888/398 400/890/400
vt 0.2541503906250000 0.9763183593750000
f 399/889/399 395/885/395 401/891/401
vt 0.2546386718750000 0.9472656250000000
f 396/886/396 400/890/400 402/892/402
vt 0.2512207031250000 0.9721679687500000
f 399/889/399 401/891/401 403/893/403
vt 0.2514648437500000 0.9516601562500000
f 402/892/402 400/890/400 404/894/404
vt 0.2497558593750000 0.9748535156250000
f 403/893/403 401/891/401 405/895/405
vt 0.2497558593750000 0.9487304687500000
f 402/892/402 404/894/404 406/896/406
vt 0.2463378906250000 0.9724121093750000
f 403/893/403 405/895/405 407/897/407
vt 0.2463378906250000 0.9514160156250000
f 406/896/406 404/894/404 408/898/408
vt 0.2485351562500000 0.9699707031250000
f 403/893/403 407/897/407 409/899/409
vt 0.2487792968750000 0.9536132812500000
f 408/898/408 404/894/404 410/900/410
vt 0.2438964843750000 0.9689941406250000
f 409/899/409 407/897/407 411/901/411
vt 0.2436523437500000 0.9553222656250000
f 408/898/408 410/900/410 412/902/412
vt 0.2465820312500000 0.9675292968750000
f 409/899/409 411/901/411 413/903/413
vt 0.2465820312500000 0.9565429687500000
f 412/902/412 410/900/410 414/904/414
vt 0.2451171875000000 0.9636230468750000
f 413/903/413 411/901/411 415/905/415
vt 0.2453613281250000 0.9599609375000000
f 412/902/412 414/904/414 416/906/416
vt 0.2424316406250000 0.9641113281250000
f 415/905/415 411/901/411 417/907/417
vt 0.2424316406250000 0.9592285156250000
f 412/902/412 416/906/416 418/908/418
f 418/908/418 416/906/416 415/905/415
f 418/908/418 415/905/415 417/907/417
vt 0.6894531250000000 0.9091796875000000
vt 0.6896972656250000 0.9125976562500000
vt 0.6855468750000000 0.9091796875000000
f 364/909/364 362/910/362 397/911/397
vt 0.6855468750000000 0.9128417968750000
f 397/911/397 362/910/362 391/912/391
vt 0.6855468750000000 0.9057617187500000
f 364/909/364 397/911/397 399/913/399
vt 0.6894531250000000 0.9060058593750000
f 364/909/364 399/913/399 366/914/366
vt 0.6855468750000000 0.9023437500000000
f 366/914/366 399/913/399 403/915/403
vt 0.6894531250000000 0.9025878906250000
f 366/914/366 403/915/403 368/916/368
vt 0.7380371093750000 0.8486328125000000
vt 0.7382812500000000 0.8452148437500000
vt 0.7419433593750000 0.8491210937500000
f 362/917/362 360/918/360 391/919/391
vt 0.7424316406250000 0.8452148437500000
f 391/919/391 360/918/360 387/920/387
vt 0.7419433593750000 0.8413085937500000
f 387/920/387 360/918/360 382/921/382
vt 0.7380371093750000 0.8415527343750000
f 382/921/382 360/918/360 359/922/359
vt 0.8417968750000000 0.6508789062500000
vt 0.8378906250000000 0.6508789062500000
vt 0.8420410156250000 0.6477050781250000
f 380/923/380 365/924/365 388/925/388
vt 0.8381347656250000 0.6477050781250000
f 388/925/388 365/924/365 367/926/367
vt 0.8417968750000000 0.6442871093750000
f 388/925/388 367/926/367 392/927/392
vt 0.8378906250000000 0.6447753906250000
f 392/927/392 367/926/367 369/928/369
vt 0.7077636718750000 0.9570312500000000
vt 0.7075195312500000 0.9606933593750000
vt 0.7038574218750000 0.9572753906250000
f 374/929/374 372/930/372 415/931/415
vt 0.7038574218750000 0.9611816406250000
f 415/931/415 372/930/372 413/932/413
vt 0.7038574218750000 0.9533691406250000
f 374/929/374 415/931/415 416/933/416
vt 0.7075195312500000 0.9536132812500000
f 374/929/374 416/933/416 376/934/376
vt 0.2021484375000000 0.9838867187500000
vt 0.2019042968750000 0.9870605468750000
vt 0.1982421875000000 0.9836425781250000
f 372/935/372 370/936/370 413/937/413
vt 0.1979980468750000 0.9868164062500000
f 413/937/413 370/936/370 409/938/409
vt 0.2021484375000000 0.9899902343750000
f 409/938/409 370/936/370 368/939/368
vt 0.1982421875000000 0.9902343750000000
f 409/938/409 368/939/368 403/940/403
vt 0.8447265625000000 0.3693847656250000
vt 0.8447265625000000 0.3659667968750000
vt 0.8491210937500000 0.3662109375000000
f 369/941/369 371/942/371 398/943/398
vt 0.8491210937500000 0.3698730468750000
f 369/941/369 398/943/398 392/944/392
vt 0.8491210937500000 0.3623046875000000
f 398/943/398 371/942/371 400/945/400
vt 0.8447265625000000 0.3623046875000000
f 400/945/400 371/942/371 373/946/373
vt 0.8488769531250000 0.3586425781250000
f 400/945/400 373/946/373 404/947/404
vt 0.8449707031250000 0.3588867187500000
f 404/947/404 373/946/373 375/948/375
vt 0.9821777343750000 0.1342773437500000
vt 0.9860839843750000 0.1345214843750000
vt 0.9819335937500000 0.1376953125000000
f 404/949/404 375/950/375 410/951/410
vt 0.9858398437500000 0.1374511718750000
f 410/951/410 375/950/375 377/952/377
vt 0.9860839843750000 0.1411132812500000
f 410/951/410 377/952/377 378/953/378
vt 0.9821777343750000 0.1413574218750000
f 410/951/410 378/953/378 414/954/414
vt 0.8364257812500000 0.8767089843750000
vt 0.8339843750000000 0.8735351562500000
vt 0.8364257812500000 0.8713378906250000
f 376/955/376 416/956/416 414/957/414
vt 0.6979980468750000 0.9216308593750000
vt 0.6955566406250000 0.9238281250000000
vt 0.6955566406250000 0.9184570312500000
f 378/958/378 376/959/376 414/960/414
vt 0.5632324218750000 0.2077636718750000
vt 0.5632324218750000 0.2739257812500000
vt 0.5585937500000000 0.2741699218750000
f 383/961/383 325/962/325 324/963/324
vt 0.5585937500000000 0.2080078125000000
f 383/961/383 324/963/324 385/964/385
vt 0.5676269531250000 0.2077636718750000
f 325/962/325 383/961/383 384/965/384
vt 0.5676269531250000 0.2739257812500000
f 325/962/325 384/965/384 327/966/327
vt 0.5720214843750000 0.2080078125000000
f 327/966/327 384/965/384 386/967/386
vt 0.5720214843750000 0.2741699218750000
f 327/966/327 386/967/386 330/968/330
vt 0.1301269531250000 0.8764648437500000
vt 0.1301269531250000 0.9401855468750000
vt 0.1252441406250000 0.8767089843750000
f 385/969/385 324/970/324 389/971/389
vt 0.1252441406250000 0.9404296875000000
f 389/971/389 324/970/324 326/972/326
vt 0.1206054687500000 0.8764648437500000
f 389/971/389 326/972/326 393/973/393
vt 0.1206054687500000 0.9401855468750000
f 393/973/393 326/972/326 328/974/328
vt 0.2590332031250000 0.8745117187500000
vt 0.2590332031250000 0.9335937500000000
vt 0.2548828125000000 0.9331054687500000
f 330/975/330 386/976/386 390/977/390
vt 0.2548828125000000 0.8740234375000000
f 330/975/330 390/977/390 334/978/334
vt 0.2507324218750000 0.9333496093750000
f 334/978/334 390/977/390 394/979/394
vt 0.2507324218750000 0.8742675781250000
f 334/978/334 394/979/394 338/980/338
vt 0.9362792968750000 0.4396972656250000
vt 0.9362792968750000 0.5068359375000000
vt 0.9321289062500000 0.5068359375000000
f 393/981/393 328/982/328 329/983/329
vt 0.9321289062500000 0.4396972656250000
f 393/981/393 329/983/329 395/984/395
vt 0.9274902343750000 0.4394531250000000
f 395/984/395 329/983/329 401/985/401
vt 0.9274902343750000 0.5068359375000000
f 401/985/401 329/983/329 335/986/335
vt 0.9230957031250000 0.4394531250000000
f 401/985/401 335/986/335 405/987/405
vt 0.9230957031250000 0.5068359375000000
f 405/987/405 335/986/335 339/988/339
vt 0.9113769531250000 0.9431152343750000
vt 0.9069824218750000 0.9431152343750000
vt 0.9069824218750000 0.8845214843750000
f 339/989/339 341/990/341 407/991/407
vt 0.9113769531250000 0.8845214843750000
f 339/989/339 407/991/407 405/992/405
vt 0.9030761718750000 0.8842773437500000
f 407/991/407 341/990/341 411/993/411
vt 0.9030761718750000 0.9426269531250000
f 411/993/411 341/990/341 345/994/345
vt 0.3173828125000000 0.8715820312500000
vt 0.3222656250000000 0.8715820312500000
vt 0.3222656250000000 0.9389648437500000
f 345/995/345 349/996/349 417/997/417
vt 0.3173828125000000 0.9389648437500000
f 345/995/345 417/997/417 411/998/411
vt 0.3271484375000000 0.9389648437500000
f 417/997/417 349/996/349 418/999/418
vt 0.3271484375000000 0.8715820312500000
f 418/999/418 349/996/349 353/1000/353
vt 0.3312988281250000 0.9389648437500000
f 418/999/418 353/1000/353 412/1001/412
vt 0.3312988281250000 0.8715820312500000
f 412/1001/412 353/1000/353 356/1002/356
vt 0.3352050781250000 0.8718261718750000
f 412/1001/412 356/1002/356 352/1003/352
vt 0.3352050781250000 0.9389648437500000
f 412/1001/412 352/1003/352 408/1004/408
vt 0.0981445312500000 0.1342773437500000
vt 0.0981445312500000 0.0781250000000000
vt 0.1025390625000000 0.1342773437500000
f 408/1005/408 352/1006/352 406/1007/406
vt 0.1025390625000000 0.0783691406250000
f 406/1007/406 352/1006/352 350/1008/350
vt 0.4833984375000000 0.8718261718750000
vt 0.4833984375000000 0.9389648437500000
vt 0.4785156250000000 0.9389648437500000
f 406/1009/406 350/1010/350 346/1011/346
vt 0.4785156250000000 0.8718261718750000
f 406/1009/406 346/1011/346 402/1012/402
vt 0.4736328125000000 0.9389648437500000
f 402/1012/402 346/1011/346 340/1013/340
vt 0.4736328125000000 0.8718261718750000
f 402/1012/402 340/1013/340 396/1014/396
vt 0.4689941406250000 0.9389648437500000
f 396/1014/396 340/1013/340 338/1015/338
vt 0.4689941406250000 0.8718261718750000
f 396/1014/396 338/1015/338 394/1016/394
vt 0.1970214843750000 0.5781250000000000
vt 0.1994628906250000 0.5795898437500000
vt 0.1970214843750000 0.5803222656250000
f 419/1017/419 420/1018/420 421/1019/421
vt 0.1967773437500000 0.5949707031250000
f 421/1019/421 420/1018/420 422/1020/422
vt 0.1994628906250000 0.5954589843750000
f 422/1020/422 420/1018/420 423/1021/423
vt 0.0061035156250000 0.5952148437500000
f 421/1019/421 422/1020/422 424/1022/424
vt 0.0058593750000000 0.5798339843750000
f 419/1017/419 421/1019/421 425/1023/425
f 425/1023/425 421/1019/421 424/1022/424
vt 0.0058593750000000 0.5781250000000000
f 419/1017/419 425/1023/425 426/1024/426
vt 0.0031738281250000 0.5954589843750000
f 425/1023/425 424/1022/424 427/1025/427
vt 0.0031738281250000 0.5791015625000000
f 425/1023/425 427/1025/427 428/1026/428
vt 0.0031738281250000 0.6276855468750000
vt 0.0056152343750000 0.6276855468750000
vt 0.0056152343750000 0.6391601562500000
f 420/1027/420 419/1028/419 429/1029/429
vt 0.0031738281250000 0.6384277343750000
f 420/1027/420 429/1029/429 430/1030/430
vt 0.1967773437500000 0.6274414062500000
f 429/1029/429 419/1028/419 426/1031/426
vt 0.1967773437500000 0.6398925781250000
f 429/1029/429 426/1031/426 431/1032/431
vt 0.1994628906250000 0.6274414062500000
f 431/1032/431 426/1031/426 428/1033/428
vt 0.1994628906250000 0.6384277343750000
f 431/1032/431 428/1033/428 432/1034/432
vt 0.6062011718750000 0.5500488281250000
vt 0.6079101562500000 0.5500488281250000
vt 0.6074218750000000 0.5527343750000000
f 426/1035/426 425/1036/425 428/1037/428
vt 0.8991699218750000 0.8781738281250000
vt 0.8979492187500000 0.8752441406250000
vt 0.9001464843750000 0.8754882812500000
f 427/1038/427 424/1039/424 433/1040/433
vt 0.9001464843750000 0.7143554687500000
f 433/1040/433 424/1039/424 422/1041/422
vt 0.4172363281250000 0.6308593750000000
vt 0.4199218750000000 0.6311035156250000
vt 0.4172363281250000 0.6423339843750000
f 427/1042/427 433/1043/433 434/1044/434
vt 0.4199218750000000 0.6425781250000000
f 434/1044/434 433/1043/433 435/1045/435
vt 0.6108398437500000 0.6423339843750000
f 435/1045/435 433/1043/433 436/1046/436
vt 0.6108398437500000 0.6308593750000000
f 436/1046/436 433/1043/433 437/1047/437
vt 0.6135253906250000 0.6418457031250000
f 436/1046/436 437/1047/437 438/1048/438
vt 0.6135253906250000 0.6311035156250000
f 438/1048/438 437/1047/437 423/1049/423
vt 0.8449707031250000 0.2990722656250000
vt 0.8449707031250000 0.3020019531250000
vt 0.8425292968750000 0.2998046875000000
f 422/1050/422 423/1051/423 437/1052/437
vt 0.0183105468750000 0.0417480468750000
vt 0.0192871093750000 0.2326660156250000
vt 0.0173339843750000 0.2326660156250000
f 433/1053/433 422/1054/422 437/1055/437
vt 0.8691406250000000 0.2087402343750000
vt 0.8698730468750000 0.2116699218750000
vt 0.8669433593750000 0.2116699218750000
f 430/1056/430 429/1057/429 439/1058/439
vt 0.8671875000000000 0.2087402343750000
f 430/1056/430 439/1058/439 440/1059/440
vt 0.8698730468750000 0.3767089843750000
f 439/1058/439 429/1057/429 431/1060/431
vt 0.8674316406250000 0.3767089843750000
f 439/1058/439 431/1060/431 441/1061/441
vt 0.4006347656250000 0.6232910156250000
vt 0.2094726562500000 0.6232910156250000
vt 0.2094726562500000 0.6081542968750000
f 439/1062/439 441/1063/441 442/1064/442
vt 0.2067871093750000 0.6088867187500000
f 442/1064/442 441/1063/441 443/1065/443
vt 0.2070312500000000 0.6218261718750000
f 443/1065/443 441/1063/441 444/1066/444
vt 0.4003906250000000 0.6081542968750000
f 439/1062/439 442/1064/442 445/1067/445
vt 0.4030761718750000 0.6088867187500000
f 439/1062/439 445/1067/445 446/1068/446
vt 0.6193847656250000 0.7480468750000000
vt 0.6218261718750000 0.7607421875000000
vt 0.6193847656250000 0.7617187500000000
f 446/1069/446 440/1070/440 439/1071/439
vt 0.7338867187500000 0.4001464843750000
vt 0.7338867187500000 0.3969726562500000
vt 0.7363281250000000 0.4001464843750000
f 431/1072/431 432/1073/432 441/1074/441
vt 0.7368164062500000 0.3972167968750000
f 441/1074/441 432/1073/432 444/1075/444
vt 0.5256347656250000 0.7700195312500000
vt 0.5263671875000000 0.7729492187500000
vt 0.5234375000000000 0.7729492187500000
f 446/1076/446 445/1077/445 436/1078/436
vt 0.5239257812500000 0.7697753906250000
f 446/1076/446 436/1078/436 438/1079/438
vt 0.8908691406250000 0.1892089843750000
vt 0.8916015625000000 0.1918945312500000
vt 0.8889160156250000 0.1923828125000000
f 434/1080/434 435/1081/435 442/1082/442
vt 0.8891601562500000 0.1894531250000000
f 434/1080/434 442/1082/442 443/1083/443
vt 0.8889160156250000 0.3544921875000000
f 442/1082/442 435/1081/435 445/1084/445
vt 0.8918457031250000 0.3542480468750000
f 445/1084/445 435/1081/435 436/1085/436
vt 0.6506347656250000 0.3989257812500000
vt 0.6491699218750000 0.3962402343750000
vt 0.6516113281250000 0.3962402343750000
f 447/1086/447 448/1087/448 449/1088/449
vt 0.6513671875000000 0.2067871093750000
f 449/1088/449 448/1087/448 450/1089/450
vt 0.6657714843750000 0.3962402343750000
f 447/1086/447 449/1088/449 451/1090/451
vt 0.6665039062500000 0.3989257812500000
f 447/1086/447 451/1090/451 452/1091/452
vt 0.6657714843750000 0.2067871093750000
f 449/1088/449 450/1089/450 453/1092/453
f 449/1088/449 453/1092/453 451/1090/451
vt 0.6665039062500000 0.2041015625000000
f 453/1092/453 450/1089/450 454/1093/454
vt 0.6506347656250000 0.2041015625000000
f 454/1093/454 450/1089/450 455/1094/455
vt 0.6674804687500000 0.2067871093750000
f 451/1090/451 453/1092/453 456/1095/456
vt 0.6674804687500000 0.3962402343750000
f 451/1090/451 456/1095/456 457/1096/457
vt 0.7561035156250000 0.6010742187500000
vt 0.7561035156250000 0.6037597656250000
vt 0.7443847656250000 0.6037597656250000
f 448/1097/448 447/1098/447 458/1099/458
vt 0.7441406250000000 0.6010742187500000
f 448/1097/448 458/1099/458 459/1100/459
vt 0.7561035156250000 0.4145507812500000
f 448/1097/448 459/1100/459 460/1101/460
vt 0.7434082031250000 0.4145507812500000
f 460/1101/460 459/1100/459 461/1102/461
vt 0.7561035156250000 0.4121093750000000
f 460/1101/460 461/1102/461 455/1103/455
vt 0.7441406250000000 0.4121093750000000
f 455/1103/455 461/1102/461 462/1104/462
vt 0.1420898437500000 0.1398925781250000
vt 0.1420898437500000 0.1372070312500000
vt 0.1440429687500000 0.1379394531250000
f 452/1105/452 451/1106/451 457/1107/457
vt 0.6784667968750000 0.4050292968750000
vt 0.6784667968750000 0.4077148437500000
vt 0.6665039062500000 0.4050292968750000
f 452/1108/452 457/1109/457 463/1110/463
vt 0.6660156250000000 0.4077148437500000
f 463/1110/463 457/1109/457 464/1111/464
vt 0.6787109375000000 0.5969238281250000
f 464/1111/464 457/1109/457 456/1112/456
vt 0.6652832031250000 0.5969238281250000
f 464/1111/464 456/1112/456 465/1113/465
vt 0.6784667968750000 0.5996093750000000
f 465/1113/465 456/1112/456 454/1114/454
vt 0.6662597656250000 0.5996093750000000
f 465/1113/465 454/1114/454 466/1115/466
vt 0.0266113281250000 0.2243652343750000
vt 0.0251464843750000 0.2219238281250000
vt 0.0275878906250000 0.2216796875000000
f 455/1116/455 450/1117/450 460/1118/460
vt 0.0251464843750000 0.0554199218750000
f 460/1118/460 450/1117/450 448/1119/448
vt 0.6125488281250000 0.6218261718750000
vt 0.6113281250000000 0.6191406250000000
vt 0.6135253906250000 0.6191406250000000
f 454/1120/454 456/1121/456 453/1122/453
vt 0.8435058593750000 0.6950683593750000
vt 0.8461914062500000 0.6955566406250000
vt 0.8435058593750000 0.6979980468750000
f 459/1123/459 458/1124/458 467/1125/467
vt 0.8459472656250000 0.6977539062500000
f 467/1125/467 458/1124/458 468/1126/468
vt 0.8364257812500000 0.2019042968750000
vt 0.8364257812500000 0.3808593750000000
vt 0.8344726562500000 0.2016601562500000
f 461/1127/461 459/1128/459 469/1129/469
vt 0.8337402343750000 0.3808593750000000
f 469/1129/469 459/1128/459 467/1130/467
vt 0.8347167968750000 0.1989746093750000
f 461/1127/461 469/1129/469 470/1131/470
vt 0.8361816406250000 0.1989746093750000
f 461/1127/461 470/1131/470 462/1132/462
vt 0.3962402343750000 0.6591796875000000
vt 0.3989257812500000 0.6596679687500000
vt 0.3962402343750000 0.6730957031250000
f 467/1133/467 468/1134/468 471/1135/471
vt 0.3989257812500000 0.6728515625000000
f 471/1135/471 468/1134/468 472/1136/472
vt 0.2067871093750000 0.6711425781250000
f 467/1133/467 471/1135/471 473/1137/473
vt 0.2067871093750000 0.6730957031250000
f 473/1137/473 471/1135/471 465/1138/465
vt 0.2070312500000000 0.6572265625000000
f 467/1133/467 473/1137/473 469/1139/469
vt 0.2043457031250000 0.6708984375000000
f 469/1139/469 473/1137/473 474/1140/474
vt 0.2043457031250000 0.6577148437500000
f 469/1139/469 474/1140/474 470/1141/470
vt 0.7910156250000000 0.0444335937500000
vt 0.7932128906250000 0.0441894531250000
vt 0.7937011718750000 0.0471191406250000
f 472/1142/472 463/1143/463 464/1144/464
vt 0.7907714843750000 0.0471191406250000
f 472/1142/472 464/1144/464 471/1145/471
vt 0.9001464843750000 0.3020019531250000
vt 0.8974609375000000 0.3017578125000000
vt 0.9001464843750000 0.1376953125000000
f 471/1146/471 464/1147/464 465/1148/465
vt 0.8149414062500000 0.4155273437500000
vt 0.8154296875000000 0.4125976562500000
vt 0.8171386718750000 0.4155273437500000
f 465/1149/465 466/1150/466 473/1151/473
vt 0.8166503906250000 0.4128417968750000
f 473/1151/473 466/1150/466 474/1152/474
vt 0.6997070312500000 0.9780273437500000
vt 0.6889648437500000 0.9792480468750000
vt 0.6889648437500000 0.9755859375000000
f 475/1153/475 476/1154/476 477/1155/477
vt 0.6901855468750000 0.9826660156250000
f 476/1154/476 475/1153/475 478/1156/478
vt 0.6901855468750000 0.9729003906250000
f 475/1153/475 477/1155/477 479/1157/479
vt 0.6918945312500000 0.9855957031250000
f 478/1156/478 475/1153/475 480/1158/480
vt 0.6921386718750000 0.9702148437500000
f 475/1153/475 479/1157/479 481/1159/481
vt 0.6948242187500000 0.9877929687500000
f 480/1158/480 475/1153/475 482/1160/482
vt 0.6948242187500000 0.9682617187500000
f 475/1153/475 481/1159/481 483/1161/483
vt 0.6979980468750000 0.9890136718750000
f 482/1160/482 475/1153/475 484/1162/484
vt 0.6984863281250000 0.9670410156250000
f 475/1153/475 483/1161/483 485/1163/485
vt 0.7014160156250000 0.9890136718750000
f 484/1162/484 475/1153/475 486/1164/486
vt 0.7019042968750000 0.9672851562500000
f 475/1153/475 485/1163/485 487/1165/487
vt 0.7045898437500000 0.9880371093750000
f 486/1164/486 475/1153/475 488/1166/488
vt 0.7050781250000000 0.9685058593750000
f 475/1153/475 487/1165/487 489/1167/489
vt 0.7072753906250000 0.9860839843750000
f 488/1166/488 475/1153/475 490/1168/490
vt 0.7077636718750000 0.9704589843750000
f 475/1153/475 489/1167/489 491/1169/491
vt 0.7094726562500000 0.9831542968750000
f 490/1168/490 475/1153/475 492/1170/492
vt 0.7097167968750000 0.9731445312500000
f 475/1153/475 491/1169/491 493/1171/493
vt 0.7104492187500000 0.9797363281250000
f 492/1170/492 475/1153/475 494/1172/494
vt 0.7104492187500000 0.9763183593750000
f 475/1153/475 493/1171/493 495/1173/495
f 475/1153/475 495/1173/495 494/1172/494
vt 0.8061523437500000 0.4162597656250000
vt 0.8061523437500000 0.4191894531250000
vt 0.8020019531250000 0.4162597656250000
f 477/1174/477 476/1175/476 496/1176/496
vt 0.8020019531250000 0.4196777343750000
f 496/1176/496 476/1175/476 497/1177/497
vt 0.8061523437500000 0.4130859375000000
f 477/1174/477 496/1176/496 479/1178/479
vt 0.8020019531250000 0.4130859375000000
f 479/1178/479 496/1176/496 498/1179/498
vt 0.8061523437500000 0.4099121093750000
f 479/1178/479 498/1179/498 481/1180/481
vt 0.8020019531250000 0.4096679687500000
f 481/1180/481 498/1179/498 499/1181/499
vt 0.8061523437500000 0.4067382812500000
f 481/1180/481 499/1181/499 483/1182/483
vt 0.8020019531250000 0.4062500000000000
f 483/1182/483 499/1181/499 500/1183/500
vt 0.8859863281250000 0.9543457031250000
vt 0.8833007812500000 0.9560546875000000
vt 0.8811035156250000 0.9538574218750000
f 498/1184/498 496/1185/496 501/1186/501
vt 0.8847656250000000 0.9514160156250000
f 498/1184/498 501/1186/501 502/1187/502
vt 0.8784179687500000 0.9580078125000000
f 501/1186/501 496/1185/496 503/1188/503
vt 0.8894042968750000 0.9531250000000000
f 498/1184/498 502/1187/502 499/1189/499
vt 0.8811035156250000 0.9592285156250000
f 503/1188/503 496/1185/496 497/1190/497
vt 0.8886718750000000 0.9501953125000000
f 499/1189/499 502/1187/502 504/1191/504
vt 0.8798828125000000 0.9628906250000000
f 503/1188/503 497/1190/497 505/1192/505
vt 0.8930664062500000 0.9531250000000000
f 499/1189/499 504/1191/504 500/1193/500
vt 0.8769531250000000 0.9624023437500000
f 503/1188/503 505/1192/505 506/1194/506
vt 0.8935546875000000 0.9501953125000000
f 500/1193/500 504/1191/504 507/1195/507
vt 0.8798828125000000 0.9667968750000000
f 506/1194/506 505/1192/505 508/1196/508
vt 0.8964843750000000 0.9541015625000000
f 500/1193/500 507/1195/507 509/1197/509
vt 0.8769531250000000 0.9672851562500000
f 506/1194/506 508/1196/508 510/1198/510
vt 0.8979492187500000 0.9514160156250000
f 509/1197/509 507/1195/507 511/1199/511
vt 0.8811035156250000 0.9699707031250000
f 510/1198/510 508/1196/508 512/1200/512
vt 0.9013671875000000 0.9541015625000000
f 509/1197/509 511/1199/511 513/1201/513
vt 0.8784179687500000 0.9714355468750000
f 510/1198/510 512/1200/512 514/1202/514
vt 0.8994140625000000 0.9560546875000000
f 509/1197/509 513/1201/513 515/1203/515
vt 0.8833007812500000 0.9729003906250000
f 514/1202/514 512/1200/512 516/1204/516
vt 0.9016113281250000 0.9594726562500000
f 515/1203/515 513/1201/513 517/1205/517
vt 0.8811035156250000 0.9750976562500000
f 514/1202/514 516/1204/516 518/1206/518
vt 0.9045410156250000 0.9580078125000000
f 517/1205/517 513/1201/513 519/1207/519
vt 0.8862304687500000 0.9750976562500000
f 518/1206/518 516/1204/516 520/1208/520
vt 0.9028320312500000 0.9626464843750000
f 517/1205/517 519/1207/519 521/1209/521
vt 0.8847656250000000 0.9777832031250000
f 518/1206/518 520/1208/520 522/1210/522
vt 0.9057617187500000 0.9624023437500000
f 521/1209/521 519/1207/519 523/1211/523
vt 0.8891601562500000 0.9792480468750000
f 522/1210/522 520/1208/520 524/1212/524
vt 0.9057617187500000 0.9670410156250000
f 521/1209/521 523/1211/523 525/1213/525
vt 0.8896484375000000 0.9760742187500000
f 524/1212/524 520/1208/520 526/1214/526
vt 0.9028320312500000 0.9663085937500000
f 521/1209/521 525/1213/525 527/1215/527
vt 0.8933105468750000 0.9760742187500000
f 524/1212/524 526/1214/526 528/1216/528
vt 0.9040527343750000 0.9714355468750000
f 527/1215/527 525/1213/525 529/1217/529
vt 0.8937988281250000 0.9790039062500000
f 524/1212/524 528/1216/528 530/1218/530
vt 0.9013671875000000 0.9699707031250000
f 527/1215/527 529/1217/529 531/1219/531
vt 0.8981933593750000 0.9775390625000000
f 530/1218/530 528/1216/528 532/1220/532
vt 0.8996582031250000 0.9726562500000000
f 531/1219/531 529/1217/529 533/1221/533
vt 0.8967285156250000 0.9748535156250000
f 532/1220/532 528/1216/528 534/1222/534
f 532/1220/532 534/1222/534 533/1221/533
vt 0.9018554687500000 0.9748535156250000
f 533/1221/533 529/1217/529 535/1223/535
f 533/1221/533 535/1223/535 532/1220/532
vt 0.9843750000000000 0.5187988281250000
vt 0.9848632812500000 0.5222167968750000
vt 0.9807128906250000 0.5187988281250000
f 478/1224/478 480/1225/480 505/1226/505
vt 0.9848632812500000 0.5151367187500000
f 478/1224/478 505/1226/505 476/1227/476
vt 0.9812011718750000 0.5148925781250000
f 476/1227/476 505/1226/505 497/1228/497
vt 0.7836914062500000 0.0595703125000000
vt 0.7795410156250000 0.0561523437500000
vt 0.7839355468750000 0.0561523437500000
f 505/1229/505 480/1230/480 508/1231/508
vt 0.7795410156250000 0.0527343750000000
f 508/1231/508 480/1230/480 482/1232/482
vt 0.7839355468750000 0.0527343750000000
f 508/1231/508 482/1232/482 512/1233/512
vt 0.7795410156250000 0.0493164062500000
f 512/1233/512 482/1232/482 484/1234/484
vt 0.7839355468750000 0.0490722656250000
f 512/1233/512 484/1234/484 516/1235/516
vt 0.7795410156250000 0.0461425781250000
f 516/1235/516 484/1234/484 486/1236/486
vt 0.7839355468750000 0.0458984375000000
f 516/1235/516 486/1236/486 520/1237/520
vt 0.5969238281250000 0.9873046875000000
vt 0.5932617187500000 0.9875488281250000
vt 0.5966796875000000 0.9838867187500000
f 483/1238/483 500/1239/500 485/1240/485
vt 0.5927734375000000 0.9838867187500000
f 485/1240/485 500/1239/500 509/1241/509
vt 0.5969238281250000 0.9804687500000000
f 485/1240/485 509/1241/509 487/1242/487
vt 0.5930175781250000 0.9804687500000000
f 487/1242/487 509/1241/509 515/1243/515
vt 0.0410156250000000 0.7119140625000000
vt 0.0410156250000000 0.7084960937500000
vt 0.0444335937500000 0.7119140625000000
f 486/1244/486 488/1245/488 520/1246/520
vt 0.0444335937500000 0.7082519531250000
f 520/1246/520 488/1245/488 526/1247/526
vt 0.7778320312500000 0.0798339843750000
vt 0.7780761718750000 0.0769042968750000
vt 0.7822265625000000 0.0803222656250000
f 488/1248/488 490/1249/490 526/1250/526
vt 0.7824707031250000 0.0771484375000000
f 526/1250/526 490/1249/490 528/1251/528
vt 0.7783203125000000 0.0732421875000000
f 528/1251/528 490/1249/490 492/1252/492
vt 0.7824707031250000 0.0734863281250000
f 528/1251/528 492/1252/492 534/1253/534
vt 0.7824707031250000 0.0698242187500000
f 534/1253/534 492/1252/492 533/1254/533
vt 0.7780761718750000 0.0698242187500000
f 533/1254/533 492/1252/492 494/1255/494
vt 0.7778320312500000 0.0668945312500000
f 533/1254/533 494/1255/494 495/1256/495
vt 0.7822265625000000 0.0671386718750000
f 533/1254/533 495/1256/495 531/1257/531
vt 0.8615722656250000 0.2675781250000000
vt 0.8615722656250000 0.2709960937500000
vt 0.8571777343750000 0.2714843750000000
f 489/1258/489 487/1259/487 515/1260/515
vt 0.8571777343750000 0.2675781250000000
f 489/1258/489 515/1260/515 517/1261/517
vt 0.8571777343750000 0.2641601562500000
f 489/1258/489 517/1261/517 521/1262/521
vt 0.8615722656250000 0.2644042968750000
f 489/1258/489 521/1262/521 491/1263/491
vt 0.8615722656250000 0.2612304687500000
f 491/1263/491 521/1262/521 493/1264/493
vt 0.8571777343750000 0.2609863281250000
f 493/1264/493 521/1262/521 527/1265/527
vt 0.0834960937500000 0.3481445312500000
vt 0.0834960937500000 0.3449707031250000
vt 0.0871582031250000 0.3449707031250000
f 495/1266/495 493/1267/493 527/1268/527
vt 0.0871582031250000 0.3491210937500000
f 495/1266/495 527/1268/527 531/1269/531
vt 0.9863281250000000 0.3645019531250000
vt 0.9875488281250000 0.3679199218750000
vt 0.9765625000000000 0.3698730468750000
f 536/1270/536 537/1271/537 538/1272/538
vt 0.9875488281250000 0.3715820312500000
f 538/1272/538 537/1271/537 539/1273/539
vt 0.9843750000000000 0.3620605468750000
f 536/1270/536 538/1272/538 540/1274/540
vt 0.9865722656250000 0.3747558593750000
f 538/1272/538 539/1273/539 541/1275/541
vt 0.9816894531250000 0.3601074218750000
f 540/1274/540 538/1272/538 542/1276/542
vt 0.9843750000000000 0.3776855468750000
f 538/1272/538 541/1275/541 543/1277/543
vt 0.9782714843750000 0.3591308593750000
f 542/1276/542 538/1272/538 544/1278/544
vt 0.9819335937500000 0.3796386718750000
f 538/1272/538 543/1277/543 545/1279/545
vt 0.9748535156250000 0.3591308593750000
f 544/1278/544 538/1272/538 546/1280/546
vt 0.9785156250000000 0.3808593750000000
f 538/1272/538 545/1279/545 547/1281/547
vt 0.9711914062500000 0.3603515625000000
f 546/1280/546 538/1272/538 548/1282/548
vt 0.9750976562500000 0.3808593750000000
f 538/1272/538 547/1281/547 549/1283/549
vt 0.9685058593750000 0.3625488281250000
f 548/1282/548 538/1272/538 550/1284/550
vt 0.9719238281250000 0.3798828125000000
f 538/1272/538 549/1283/549 551/1285/551
vt 0.9667968750000000 0.3652343750000000
f 550/1284/550 538/1272/538 552/1286/552
vt 0.9692382812500000 0.3779296875000000
f 538/1272/538 551/1285/551 553/1287/553
vt 0.9660644531250000 0.3684082031250000
f 552/1286/552 538/1272/538 554/1288/554
vt 0.9670410156250000 0.3750000000000000
f 538/1272/538 553/1287/553 555/1289/555
vt 0.9660644531250000 0.3715820312500000
f 554/1288/554 538/1272/538 556/1290/556
f 556/1290/556 538/1272/538 555/1289/555
vt 0.4907226562500000 0.3383789062500000
vt 0.4943847656250000 0.3381347656250000
vt 0.4943847656250000 0.3417968750000000
f 539/1291/539 537/1292/537 557/1293/557
vt 0.4907226562500000 0.3420410156250000
f 539/1291/539 557/1293/557 558/1294/558
vt 0.7700195312500000 0.7937011718750000
vt 0.7658691406250000 0.7932128906250000
vt 0.7658691406250000 0.7900390625000000
f 557/1295/557 537/1296/537 536/1297/536
vt 0.7700195312500000 0.7902832031250000
f 557/1295/557 536/1297/536 559/1298/559
vt 0.7700195312500000 0.7868652343750000
f 559/1298/559 536/1297/536 560/1299/560
vt 0.7658691406250000 0.7868652343750000
f 560/1299/560 536/1297/536 540/1300/540
vt 0.7700195312500000 0.7834472656250000
f 560/1299/560 540/1300/540 561/1301/561
vt 0.7658691406250000 0.7834472656250000
f 561/1301/561 540/1300/540 542/1302/542
vt 0.7700195312500000 0.7800292968750000
f 561/1301/561 542/1302/542 562/1303/562
vt 0.7658691406250000 0.7805175781250000
f 562/1303/562 542/1302/542 544/1304/544
vt 0.3930664062500000 0.9602050781250000
vt 0.3920898437500000 0.9565429687500000
vt 0.3947753906250000 0.9550781250000000
f 558/1305/558 557/1306/557 563/1307/563
vt 0.3898925781250000 0.9533691406250000
f 563/1307/563 557/1306/557 559/1308/559
vt 0.3959960937500000 0.9597167968750000
f 558/1305/558 563/1307/563 564/1309/564
vt 0.3920898437500000 0.9511718750000000
f 563/1307/563 559/1308/559 565/1310/565
vt 0.3930664062500000 0.9641113281250000
f 558/1305/558 564/1309/564 566/1311/566
vt 0.3869628906250000 0.9514160156250000
f 565/1310/565 559/1308/559 560/1312/560
vt 0.3959960937500000 0.9643554687500000
f 566/1311/566 564/1309/564 567/1313/567
vt 0.3884277343750000 0.9487304687500000
f 565/1310/565 560/1312/560 568/1314/568
vt 0.3920898437500000 0.9672851562500000
f 566/1311/566 567/1313/567 569/1315/569
vt 0.3837890625000000 0.9501953125000000
f 568/1314/568 560/1312/560 561/1316/561
vt 0.3947753906250000 0.9687500000000000
f 569/1315/569 567/1313/567 570/1317/570
vt 0.3842773437500000 0.9472656250000000
f 568/1314/568 561/1316/561 571/1318/571
vt 0.3898925781250000 0.9702148437500000
f 569/1315/569 570/1317/570 572/1319/572
vt 0.3801269531250000 0.9504394531250000
f 571/1318/571 561/1316/561 562/1320/562
vt 0.3920898437500000 0.9724121093750000
f 572/1319/572 570/1317/570 573/1321/573
vt 0.3796386718750000 0.9472656250000000
f 571/1318/571 562/1320/562 574/1322/574
vt 0.3869628906250000 0.9724121093750000
f 572/1319/572 573/1321/573 575/1323/575
vt 0.3764648437500000 0.9514160156250000
f 574/1322/574 562/1320/562 576/1324/576
vt 0.3881835937500000 0.9748535156250000
f 575/1323/575 573/1321/573 577/1325/577
vt 0.3750000000000000 0.9487304687500000
f 574/1322/574 576/1324/576 578/1326/578
vt 0.3837890625000000 0.9763183593750000
f 575/1323/575 577/1325/577 579/1327/579
vt 0.3713378906250000 0.9516601562500000
f 578/1326/578 576/1324/576 580/1328/580
vt 0.3835449218750000 0.9733886718750000
f 575/1323/575 579/1327/579 581/1329/581
vt 0.3735351562500000 0.9538574218750000
f 580/1328/580 576/1324/576 582/1330/582
vt 0.3798828125000000 0.9733886718750000
f 581/1329/581 579/1327/579 583/1331/583
vt 0.3713378906250000 0.9565429687500000
f 580/1328/580 582/1330/582 584/1332/584
vt 0.3793945312500000 0.9763183593750000
f 583/1331/583 579/1327/579 585/1333/585
vt 0.3686523437500000 0.9553222656250000
f 580/1328/580 584/1332/584 586/1334/586
vt 0.3764648437500000 0.9721679687500000
f 583/1331/583 585/1333/585 587/1335/587
vt 0.3671875000000000 0.9594726562500000
f 586/1334/586 584/1332/584 588/1336/588
vt 0.3750000000000000 0.9748535156250000
f 587/1335/587 585/1333/585 589/1337/589
vt 0.3703613281250000 0.9599609375000000
f 588/1336/588 584/1332/584 590/1338/590
vt 0.3735351562500000 0.9699707031250000
f 587/1335/587 589/1337/589 591/1339/591
vt 0.3703613281250000 0.9636230468750000
f 588/1336/588 590/1338/590 592/1340/592
vt 0.3710937500000000 0.9719238281250000
f 591/1339/591 589/1337/589 593/1341/593
vt 0.3671875000000000 0.9641113281250000
f 588/1336/588 592/1340/592 594/1342/594
vt 0.3684082031250000 0.9680175781250000
f 591/1339/591 593/1341/593 595/1343/595
f 594/1342/594 592/1340/592 595/1343/595
vt 0.3715820312500000 0.9670410156250000
f 591/1339/591 595/1343/595 596/1344/596
f 596/1344/596 595/1343/595 592/1340/592
vt 0.6206054687500000 0.9548339843750000
vt 0.6203613281250000 0.9580078125000000
vt 0.6162109375000000 0.9550781250000000
f 541/1345/541 539/1346/539 566/1347/566
vt 0.6162109375000000 0.9584960937500000
f 566/1347/566 539/1346/539 558/1348/558
vt 0.6162109375000000 0.9514160156250000
f 541/1345/541 566/1347/566 569/1349/569
vt 0.6203613281250000 0.9514160156250000
f 541/1345/541 569/1349/569 543/1350/543
vt 0.6162109375000000 0.9479980468750000
f 543/1350/543 569/1349/569 572/1351/572
vt 0.6203613281250000 0.9482421875000000
f 543/1350/543 572/1351/572 545/1352/545
vt 0.5124511718750000 0.8544921875000000
vt 0.5119628906250000 0.8510742187500000
vt 0.5166015625000000 0.8540039062500000
f 572/1353/572 575/1354/575 545/1355/545
vt 0.5161132812500000 0.8508300781250000
f 545/1355/545 575/1354/575 547/1356/547
vt 0.5119628906250000 0.8474121093750000
f 547/1356/547 575/1354/575 581/1357/581
vt 0.5161132812500000 0.8474121093750000
f 547/1356/547 581/1357/581 549/1358/549
vt 0.5124511718750000 0.8439941406250000
f 549/1358/549 581/1357/581 583/1359/583
vt 0.5166015625000000 0.8442382812500000
f 549/1358/549 583/1359/583 551/1360/551
vt 0.9641113281250000 0.0170898437500000
vt 0.9638671875000000 0.0134277343750000
vt 0.9677734375000000 0.0134277343750000
f 546/1361/546 548/1362/548 582/1363/582
vt 0.9680175781250000 0.0170898437500000
f 546/1361/546 582/1363/582 576/1364/576
vt 0.9638671875000000 0.0207519531250000
f 546/1361/546 576/1364/576 544/1365/544
vt 0.9677734375000000 0.0207519531250000
f 544/1365/544 576/1364/576 562/1366/562
vt 0.0788574218750000 0.9914550781250000
vt 0.0788574218750000 0.9882812500000000
vt 0.0830078125000000 0.9882812500000000
f 548/1367/548 550/1368/550 584/1369/584
vt 0.0830078125000000 0.9916992187500000
f 548/1367/548 584/1369/584 582/1370/582
vt 0.0788574218750000 0.9848632812500000
f 584/1369/584 550/1368/550 552/1371/552
vt 0.0830078125000000 0.9846191406250000
f 584/1369/584 552/1371/552 590/1372/590
vt 0.8823242187500000 0.3540039062500000
vt 0.8820800781250000 0.3571777343750000
vt 0.8776855468750000 0.3571777343750000
f 552/1373/552 554/1374/554 592/1375/592
vt 0.8781738281250000 0.3537597656250000
f 552/1373/552 592/1375/592 590/1376/590
vt 0.8776855468750000 0.3608398437500000
f 592/1375/592 554/1374/554 596/1377/596
vt 0.8818359375000000 0.3601074218750000
f 596/1377/596 554/1374/554 556/1378/556
vt 0.8823242187500000 0.3635253906250000
f 596/1377/596 556/1378/556 555/1379/555
vt 0.8781738281250000 0.3642578125000000
f 596/1377/596 555/1379/555 591/1380/591
vt 0.0346679687500000 0.9882812500000000
vt 0.0344238281250000 0.9914550781250000
vt 0.0305175781250000 0.9880371093750000
f 553/1381/553 551/1382/551 587/1383/587
vt 0.0305175781250000 0.9916992187500000
f 587/1383/587 551/1382/551 583/1384/583
vt 0.0305175781250000 0.9846191406250000
f 553/1381/553 587/1383/587 591/1385/591
vt 0.0344238281250000 0.9846191406250000
f 553/1381/553 591/1385/591 555/1386/555
vt 0.8156738281250000 0.1020507812500000
vt 0.8156738281250000 0.1657714843750000
vt 0.8110351562500000 0.1662597656250000
f 565/1387/565 501/1388/501 503/1389/503
vt 0.8110351562500000 0.1022949218750000
f 565/1387/565 503/1389/503 563/1390/563
vt 0.8063964843750000 0.1022949218750000
f 563/1390/563 503/1389/503 564/1391/564
vt 0.8063964843750000 0.1662597656250000
f 564/1391/564 503/1389/503 506/1392/506
vt 0.8017578125000000 0.1018066406250000
f 564/1391/564 506/1392/506 567/1393/567
vt 0.8017578125000000 0.1657714843750000
f 567/1393/567 506/1392/506 510/1394/510
vt 0.0385742187500000 0.9414062500000000
vt 0.0383300781250000 0.8750000000000000
vt 0.0427246093750000 0.8752441406250000
f 501/1395/501 565/1396/565 568/1397/568
vt 0.0427246093750000 0.9414062500000000
f 501/1395/501 568/1397/568 502/1398/502
vt 0.0468750000000000 0.8752441406250000
f 502/1398/502 568/1397/568 571/1399/571
vt 0.0468750000000000 0.9414062500000000
f 502/1398/502 571/1399/571 504/1400/504
vt 0.0512695312500000 0.8754882812500000
f 504/1400/504 571/1399/571 574/1401/574
vt 0.0512695312500000 0.9418945312500000
f 504/1400/504 574/1401/574 507/1402/507
vt 0.3657226562500000 0.8701171875000000
vt 0.3657226562500000 0.9377441406250000
vt 0.3613281250000000 0.8701171875000000
f 567/1403/567 510/1404/510 570/1405/570
vt 0.3613281250000000 0.9377441406250000
f 570/1405/570 510/1404/510 514/1406/514
vt 0.3566894531250000 0.8701171875000000
f 570/1405/570 514/1406/514 573/1407/573
vt 0.3566894531250000 0.9377441406250000
f 573/1407/573 514/1406/514 518/1408/518
vt 0.3527832031250000 0.8701171875000000
f 573/1407/573 518/1408/518 577/1409/577
vt 0.3527832031250000 0.9377441406250000
f 577/1409/577 518/1408/518 522/1410/522
vt 0.5368652343750000 0.9389648437500000
vt 0.5368652343750000 0.8798828125000000
vt 0.5415039062500000 0.8801269531250000
f 578/1411/578 511/1412/511 507/1413/507
vt 0.5415039062500000 0.9389648437500000
f 578/1411/578 507/1413/507 574/1414/574
vt 0.2695312500000000 0.8715820312500000
vt 0.2690429687500000 0.9389648437500000
vt 0.2651367187500000 0.9389648437500000
f 580/1415/580 513/1416/513 511/1417/511
vt 0.2651367187500000 0.8718261718750000
f 580/1415/580 511/1417/511 578/1418/578
vt 0.2739257812500000 0.8715820312500000
f 513/1416/513 580/1415/580 586/1419/586
vt 0.2739257812500000 0.9389648437500000
f 513/1416/513 586/1419/586 519/1420/519
vt 0.2783203125000000 0.8715820312500000
f 519/1420/519 586/1419/586 588/1421/588
vt 0.2783203125000000 0.9389648437500000
f 519/1420/519 588/1421/588 523/1422/523
vt 0.2824707031250000 0.8715820312500000
f 523/1422/523 588/1421/588 594/1423/594
vt 0.2824707031250000 0.9389648437500000
f 523/1422/523 594/1423/594 525/1424/525
vt 0.0622558593750000 0.2846679687500000
vt 0.0617675781250000 0.3405761718750000
vt 0.0576171875000000 0.2849121093750000
f 525/1425/525 594/1426/594 529/1427/529
vt 0.0576171875000000 0.3408203125000000
f 529/1427/529 594/1426/594 595/1428/595
vt 0.9445800781250000 0.1884765625000000
vt 0.9399414062500000 0.1879882812500000
vt 0.9399414062500000 0.1293945312500000
f 522/1429/522 524/1430/524 579/1431/579
vt 0.9445800781250000 0.1296386718750000
f 522/1429/522 579/1431/579 577/1432/577
vt 0.2216796875000000 0.9377441406250000
vt 0.2172851562500000 0.9377441406250000
vt 0.2175292968750000 0.8701171875000000
f 524/1433/524 530/1434/530 585/1435/585
vt 0.2216796875000000 0.8701171875000000
f 524/1433/524 585/1435/585 579/1436/579
vt 0.2128906250000000 0.8701171875000000
f 585/1435/585 530/1434/530 589/1437/589
vt 0.2128906250000000 0.9377441406250000
f 589/1437/589 530/1434/530 532/1438/532
vt 0.2084960937500000 0.9377441406250000
f 589/1437/589 532/1438/532 535/1439/535
vt 0.2082519531250000 0.8701171875000000
f 589/1437/589 535/1439/535 593/1440/593
vt 0.2041015625000000 0.8701171875000000
f 593/1440/593 535/1439/535 595/1441/595
vt 0.2048339843750000 0.9375000000000000
f 595/1441/595 535/1439/535 529/1442/529
vt 0.7187500000000000 0.1901855468750000
vt 0.7717285156250000 0.1877441406250000
vt 0.7717285156250000 0.1926269531250000
f 597/1443/597 598/1444/598 599/1445/599
vt 0.7756347656250000 0.1884765625000000
f 599/1445/599 598/1444/598 600/1446/600
vt 0.7714843750000000 0.0043945312500000
f 598/1444/598 597/1443/597 601/1447/601
vt 0.7187500000000000 0.0029296875000000
f 601/1447/601 597/1443/597 602/1448/602
vt 0.0046386718750000 0.7092285156250000
vt 0.0034179687500000 0.7036132812500000
vt 0.1669921875000000 0.6745605468750000
f 599/1449/599 600/1450/600 603/1451/603
vt 0.1679687500000000 0.6801757812500000
f 599/1449/599 603/1451/603 604/1452/604
vt 0.1723632812500000 0.6762695312500000
f 604/1452/604 603/1451/603 605/1453/605
vt 0.1967773437500000 0.7092285156250000
f 604/1452/604 605/1453/605 606/1454/606
vt 0.7800292968750000 0.1696777343750000
vt 0.7836914062500000 0.1655273437500000
vt 0.8144531250000000 0.1926269531250000
f 607/1455/607 601/1456/601 602/1457/602
vt 0.7783203125000000 0.1645507812500000
f 601/1456/601 607/1455/607 608/1458/608
vt 0.8144531250000000 0.0048828125000000
f 601/1456/601 608/1458/608 598/1459/598
vt 0.8088378906250000 0.0039062500000000
f 598/1459/598 608/1458/608 600/1460/600
vt 0.1342773437500000 0.1462402343750000
vt 0.0935058593750000 0.1494140625000000
vt 0.0937500000000000 0.1435546875000000
f 609/1461/609 610/1462/610 611/1463/611
vt 0.0888671875000000 0.1464843750000000
f 611/1463/611 610/1462/610 612/1464/612
vt 0.0080566406250000 0.2783203125000000
f 612/1464/612 610/1462/610 605/1465/605
vt 0.0031738281250000 0.2753906250000000
f 612/1464/612 605/1465/605 603/1466/603
vt 0.0080566406250000 0.0034179687500000
f 611/1463/611 612/1464/612 607/1467/607
vt 0.0031738281250000 0.0061035156250000
f 607/1467/607 612/1464/612 608/1468/608
vt 0.3061523437500000 0.0031738281250000
vt 0.3056640625000000 0.0036621093750000
vt 0.1071777343750000 0.0041503906250000
f 613/1469/613 597/1470/597 606/1471/606
vt 0.1074218750000000 0.0031738281250000
f 613/1469/613 606/1471/606 614/1472/614
vt 0.1096191406250000 0.0568847656250000
f 606/1471/606 597/1470/597 604/1473/604
vt 0.3039550781250000 0.0568847656250000
f 604/1473/604 597/1470/597 599/1474/599
vt 0.6025390625000000 0.8449707031250000
vt 0.6018066406250000 0.6782226562500000
vt 0.6025390625000000 0.6779785156250000
f 602/1475/602 597/1476/597 613/1477/613
vt 0.6206054687500000 0.5520019531250000
vt 0.6206054687500000 0.7395019531250000
vt 0.6196289062500000 0.5520019531250000
f 602/1478/602 613/1479/613 615/1480/615
vt 0.2021484375000000 0.5456542968750000
vt 0.0036621093750000 0.5456542968750000
vt 0.0036621093750000 0.3552246093750000
f 613/1481/613 614/1482/614 616/1483/616
vt 0.2021484375000000 0.3552246093750000
f 613/1481/613 616/1483/616 615/1484/615
vt 0.3566894531250000 0.3486328125000000
vt 0.5429687500000000 0.3483886718750000
vt 0.5429687500000000 0.5429687500000000
f 612/1485/612 603/1486/603 600/1487/600
vt 0.3566894531250000 0.5429687500000000
f 612/1485/612 600/1487/600 608/1488/608
vt 0.2055664062500000 0.7561035156250000
vt 0.2053222656250000 0.7553710937500000
vt 0.3959960937500000 0.7556152343750000
f 614/1489/614 606/1490/606 609/1491/609
vt 0.3959960937500000 0.7561035156250000
f 614/1489/614 609/1491/609 616/1492/616
vt 0.3940429687500000 0.7026367187500000
f 609/1491/609 606/1490/606 610/1493/610
vt 0.2077636718750000 0.7026367187500000
f 610/1493/610 606/1490/606 605/1494/605
vt 0.3471679687500000 0.0632324218750000
vt 0.1489257812500000 0.0634765625000000
vt 0.1489257812500000 0.0627441406250000
f 609/1495/609 602/1496/602 615/1497/615
vt 0.3476562500000000 0.0627441406250000
f 609/1495/609 615/1497/615 616/1498/616
vt 0.3454589843750000 0.1164550781250000
f 602/1496/602 609/1495/609 611/1499/611
vt 0.1511230468750000 0.1164550781250000
f 602/1496/602 611/1499/611 607/1500/607
vt 0.0871582031250000 0.0058593750000000
vt 0.0883789062500000 0.0034179687500000
vt 0.0900878906250000 0.0058593750000000
f 617/1501/617 618/1502/618 619/1503/619
vt 0.0900878906250000 0.0249023437500000
f 617/1501/617 619/1503/619 620/1504/620
vt 0.0871582031250000 0.0249023437500000
f 617/1501/617 620/1504/620 621/1505/621
vt 0.9431152343750000 0.9792480468750000
vt 0.9401855468750000 0.9792480468750000
vt 0.9431152343750000 0.9592285156250000
f 618/1506/618 617/1507/617 622/1508/622
vt 0.9401855468750000 0.9592285156250000
f 622/1508/622 617/1507/617 623/1509/623
vt 0.9416503906250000 0.9565429687500000
f 622/1508/622 623/1509/623 624/1510/624
vt 0.9875488281250000 0.4721679687500000
vt 0.9663085937500000 0.4721679687500000
vt 0.9875488281250000 0.4501953125000000
f 623/1511/623 617/1512/617 625/1513/625
vt 0.9663085937500000 0.4501953125000000
f 625/1513/625 617/1512/617 621/1514/621
vt 0.7050781250000000 0.8032226562500000
vt 0.7023925781250000 0.8046875000000000
vt 0.7023925781250000 0.8017578125000000
f 621/1515/621 620/1516/620 626/1517/626
vt 0.9453125000000000 0.3088378906250000
vt 0.9477539062500000 0.3071289062500000
vt 0.9584960937500000 0.3222656250000000
f 621/1518/621 626/1519/626 627/1520/627
vt 0.9558105468750000 0.3237304687500000
f 621/1518/621 627/1520/627 625/1521/625
vt 0.9584960937500000 0.3251953125000000
f 625/1521/625 627/1520/627 628/1522/628
vt 0.9453125000000000 0.3393554687500000
f 625/1521/625 628/1522/628 623/1523/623
vt 0.9479980468750000 0.3408203125000000
f 623/1523/623 628/1522/628 624/1524/624
vt 0.6782226562500000 0.9072265625000000
vt 0.6750488281250000 0.9072265625000000
vt 0.6750488281250000 0.8298339843750000
f 628/1525/628 627/1526/627 629/1527/629
vt 0.6779785156250000 0.8298339843750000
f 628/1525/628 629/1527/629 630/1528/630
vt 0.6618652343750000 0.8176269531250000
vt 0.6604003906250000 0.8203125000000000
f 631/1529/631 629/1527/629 632/1530/632
vt 0.6765136718750000 0.8273925781250000
f 629/1527/629 631/1529/631 633/1531/633
f 629/1527/629 633/1531/633 630/1528/630
vt 0.6923828125000000 0.8176269531250000
f 630/1528/630 633/1531/633 634/1532/634
vt 0.6938476562500000 0.8203125000000000
f 630/1528/630 634/1532/634 635/1533/635
vt 0.4626464843750000 0.7724609375000000
vt 0.4626464843750000 0.8725585937500000
vt 0.4414062500000000 0.8725585937500000
f 629/1534/629 627/1535/627 626/1536/626
vt 0.4414062500000000 0.7724609375000000
f 629/1534/629 626/1536/626 632/1537/632
vt 0.1877441406250000 0.7619628906250000
vt 0.1896972656250000 0.7641601562500000
vt 0.1872558593750000 0.7641601562500000
f 636/1538/636 637/1539/637 638/1540/638
vt 0.1872558593750000 0.8642578125000000
f 638/1540/638 637/1539/637 618/1541/618
vt 0.1896972656250000 0.8642578125000000
f 618/1541/618 637/1539/637 619/1542/619
vt 0.1665039062500000 0.7641601562500000
f 638/1540/638 618/1541/618 639/1543/639
vt 0.1665039062500000 0.8642578125000000
f 639/1543/639 618/1541/618 622/1544/622
vt 0.7600097656250000 0.8073730468750000
vt 0.7617187500000000 0.8098144531250000
vt 0.7451171875000000 0.8186035156250000
f 636/1545/636 638/1546/638 634/1547/634
vt 0.7470703125000000 0.8210449218750000
f 634/1547/634 638/1546/638 639/1548/639
vt 0.7441406250000000 0.8215332031250000
f 634/1547/634 639/1548/639 635/1549/635
vt 0.7617187500000000 0.8972167968750000
f 635/1549/635 639/1548/639 622/1550/622
vt 0.7587890625000000 0.8974609375000000
f 635/1549/635 622/1550/622 624/1551/624
vt 0.5397949218750000 0.7841796875000000
vt 0.5415039062500000 0.7817382812500000
vt 0.5556640625000000 0.7941894531250000
f 637/1552/637 636/1553/636 631/1554/631
vt 0.5537109375000000 0.7966308593750000
f 637/1552/637 631/1554/631 640/1555/640
vt 0.5568847656250000 0.7971191406250000
f 640/1555/640 631/1554/631 632/1556/632
vt 0.5397949218750000 0.8720703125000000
f 640/1555/640 632/1556/632 620/1557/620
vt 0.5427246093750000 0.8725585937500000
f 620/1557/620 632/1556/632 626/1558/626
vt 0.9890136718750000 0.3007812500000000
vt 0.9890136718750000 0.3227539062500000
vt 0.9677734375000000 0.3007812500000000
f 631/1559/631 636/1560/636 633/1561/633
vt 0.9677734375000000 0.3227539062500000
f 633/1561/633 636/1560/636 634/1562/634
vt 0.3698730468750000 0.7641601562500000
vt 0.3698730468750000 0.8642578125000000
vt 0.3479003906250000 0.8642578125000000
f 640/1563/640 620/1564/620 619/1565/619
vt 0.3479003906250000 0.7641601562500000
f 640/1563/640 619/1565/619 637/1566/637
vt 0.4348144531250000 0.8710937500000000
vt 0.4128417968750000 0.8710937500000000
vt 0.4128417968750000 0.7709960937500000
f 624/1567/624 628/1568/628 630/1569/630
vt 0.4348144531250000 0.7709960937500000
f 624/1567/624 630/1569/630 635/1570/635
vt 0.8422851562500000 0.9418945312500000
vt 0.8393554687500000 0.9460449218750000
vt 0.8376464843750000 0.9455566406250000
f 641/1571/641 642/1572/642 643/1573/643
vt 0.8400878906250000 0.9396972656250000
f 641/1571/641 643/1573/643 644/1574/644
vt 0.8369140625000000 0.9404296875000000
f 644/1574/644 643/1573/643 645/1575/645
vt 0.8410644531250000 0.9460449218750000
f 642/1572/642 641/1571/641 646/1576/646
vt 0.8435058593750000 0.9436035156250000
f 646/1576/646 641/1571/641 647/1577/647
vt 0.8449707031250000 0.9458007812500000
f 646/1576/646 647/1577/647 648/1578/648
vt 0.8420410156250000 0.9484863281250000
f 646/1576/646 648/1578/648 649/1579/649
vt 0.8388671875000000 0.9487304687500000
f 646/1576/646 649/1579/649 650/1580/650
f 646/1576/646 650/1580/650 642/1572/642
f 642/1572/642 650/1580/650 643/1573/643
vt 0.8244628906250000 0.9270019531250000
f 651/1581/651 645/1575/645 643/1573/643
vt 0.8356933593750000 0.9475097656250000
f 643/1573/643 650/1580/650 652/1582/652
vt 0.8198242187500000 0.9282226562500000
f 651/1581/651 643/1573/643 653/1583/653
f 653/1583/653 643/1573/643 652/1582/652
vt 0.8239746093750000 0.9252929687500000
f 651/1581/651 653/1583/653 654/1584/654
vt 0.8181152343750000 0.9299316406250000
f 653/1583/653 652/1582/652 655/1585/655
vt 0.8188476562500000 0.9262695312500000
f 653/1583/653 655/1585/655 656/1586/656
vt 0.8164062500000000 0.9270019531250000
f 656/1586/656 655/1585/655 657/1587/657
vt 0.8205566406250000 0.9252929687500000
f 654/1584/654 653/1583/653 658/1588/658
f 658/1588/658 653/1583/653 656/1586/656
vt 0.8244628906250000 0.9233398437500000
f 654/1584/654 658/1588/658 659/1589/659
vt 0.8188476562500000 0.9240722656250000
f 656/1586/656 657/1587/657 660/1590/660
f 656/1586/656 660/1590/660 658/1588/658
vt 0.8164062500000000 0.9233398437500000
f 660/1590/660 657/1587/657 661/1591/661
vt 0.8195800781250000 0.9223632812500000
f 659/1589/659 658/1588/658 662/1592/662
f 662/1592/662 658/1588/658 660/1590/660
f 662/1592/662 660/1590/660 661/1591/661
vt 0.8178710937500000 0.9208984375000000
f 662/1592/662 661/1591/661 663/1593/663
vt 0.8366699218750000 0.9091796875000000
f 659/1589/659 662/1592/662 664/1594/664
vt 0.8354492187500000 0.9023437500000000
f 662/1592/662 663/1593/663 665/1595/665
vt 0.8371582031250000 0.9038085937500000
f 664/1594/664 662/1592/662 666/1596/666
f 666/1596/666 662/1592/662 665/1595/665
vt 0.8400878906250000 0.9094238281250000
f 664/1594/664 666/1596/666 667/1597/667
vt 0.8393554687500000 0.9030761718750000
f 666/1596/666 665/1595/665 668/1598/668
vt 0.8422851562500000 0.9079589843750000
f 667/1597/667 666/1596/666 669/1599/669
vt 0.8403320312500000 0.9030761718750000
f 666/1596/666 668/1598/668 670/1600/670
f 666/1596/666 670/1600/670 669/1599/669
vt 0.8413085937500000 0.9033203125000000
f 669/1599/669 670/1600/670 671/1601/671
vt 0.8437500000000000 0.9062500000000000
f 669/1599/669 671/1601/671 672/1602/672
vt 0.8425292968750000 0.9011230468750000
f 672/1602/672 671/1601/671 673/1603/673
vt 0.8449707031250000 0.9030761718750000
f 672/1602/672 673/1603/673 674/1604/674
vt 0.4853515625000000 0.9836425781250000
vt 0.4868164062500000 0.9887695312500000
vt 0.4848632812500000 0.9890136718750000
f 675/1605/675 647/1606/647 641/1607/641
vt 0.4868164062500000 0.9836425781250000
f 647/1606/647 675/1605/675 676/1608/676
vt 0.4890136718750000 0.9887695312500000
f 647/1606/647 676/1608/676 648/1609/648
vt 0.4890136718750000 0.9838867187500000
f 648/1609/648 676/1608/676 677/1610/677
vt 0.7187500000000000 0.8386230468750000
vt 0.7150878906250000 0.8374023437500000
vt 0.7189941406250000 0.8291015625000000
f 649/1611/649 648/1612/648 678/1613/678
vt 0.7216796875000000 0.8393554687500000
f 649/1611/649 678/1613/678 650/1614/650
vt 0.7211914062500000 0.8298339843750000
f 650/1614/650 678/1613/678 679/1615/679
vt 0.7187500000000000 0.8278808593750000
f 679/1615/679 678/1613/678 680/1616/680
vt 0.7207031250000000 0.8283691406250000
f 679/1615/679 680/1616/680 681/1617/681
vt 0.7153320312500000 0.8281250000000000
f 680/1616/680 678/1613/678 682/1618/682
f 682/1618/682 678/1613/678 648/1612/648
vt 0.7119140625000000 0.8273925781250000
f 682/1618/682 648/1612/648 683/1619/683
vt 0.7119140625000000 0.8337402343750000
f 683/1619/683 648/1612/648 677/1620/677
vt 0.0791015625000000 0.1821289062500000
vt 0.0883789062500000 0.1811523437500000
vt 0.0881347656250000 0.1845703125000000
f 650/1621/650 679/1622/679 684/1623/684
vt 0.0900878906250000 0.1821289062500000
f 684/1623/684 679/1622/679 681/1624/681
vt 0.0895996093750000 0.1850585937500000
f 684/1623/684 681/1624/681 685/1625/685
vt 0.0788574218750000 0.1850585937500000
f 650/1621/650 684/1623/684 652/1626/652
vt 0.0898437500000000 0.2099609375000000
f 652/1626/652 684/1623/684 686/1627/686
vt 0.0803222656250000 0.2099609375000000
f 652/1626/652 686/1627/686 655/1628/655
vt 0.0900878906250000 0.2133789062500000
f 655/1628/655 686/1627/686 687/1629/687
vt 0.0803222656250000 0.2133789062500000
f 655/1628/655 687/1629/687 657/1630/657
vt 0.9831542968750000 0.2561035156250000
vt 0.9794921875000000 0.2563476562500000
vt 0.9833984375000000 0.2490234375000000
f 661/1631/661 657/1632/657 688/1633/688
vt 0.9794921875000000 0.2487792968750000
f 688/1633/688 657/1632/657 687/1634/687
vt 0.9321289062500000 0.9309082031250000
vt 0.9321289062500000 0.9345703125000000
vt 0.9301757812500000 0.9311523437500000
f 688/1635/688 687/1636/687 689/1637/689
vt 0.9313964843750000 0.9284667968750000
f 688/1635/688 689/1637/689 690/1638/690
vt 0.9304199218750000 0.9343261718750000
f 689/1637/689 687/1636/687 691/1639/691
vt 0.9296875000000000 0.9289550781250000
f 690/1638/690 689/1637/689 692/1640/692
vt 0.9196777343750000 0.9099121093750000
f 690/1638/690 692/1640/692 693/1641/693
vt 0.9182128906250000 0.9108886718750000
f 693/1641/693 692/1640/692 694/1642/694
vt 0.9311523437500000 0.9377441406250000
f 691/1639/691 687/1636/687 686/1643/686
vt 0.9294433593750000 0.9370117187500000
f 691/1639/691 686/1643/686 695/1644/695
vt 0.9196777343750000 0.9555664062500000
f 695/1644/695 686/1643/686 684/1645/684
vt 0.9182128906250000 0.9545898437500000
f 695/1644/695 684/1645/684 685/1646/685
vt 0.1191406250000000 0.1286621093750000
vt 0.1188964843750000 0.1315917968750000
vt 0.1096191406250000 0.1289062500000000
f 663/1647/663 661/1648/661 690/1649/690
vt 0.1096191406250000 0.1315917968750000
f 690/1649/690 661/1648/661 688/1650/688
vt 0.1096191406250000 0.1027832031250000
f 663/1647/663 690/1649/690 693/1651/693
vt 0.1179199218750000 0.1030273437500000
f 663/1647/663 693/1651/693 665/1652/665
vt 0.1096191406250000 0.0988769531250000
f 665/1652/665 693/1651/693 696/1653/696
vt 0.1174316406250000 0.0996093750000000
f 665/1652/665 696/1653/696 697/1654/697
vt 0.7561035156250000 0.8337402343750000
vt 0.7561035156250000 0.8344726562500000
vt 0.7561035156250000 0.8352050781250000
f 671/1655/671 670/1656/670 668/1657/668
vt 0.9431152343750000 0.1218261718750000
vt 0.9409179687500000 0.1208496093750000
vt 0.9406738281250000 0.1188964843750000
f 673/1658/673 671/1659/671 668/1660/668
vt 0.9431152343750000 0.1184082031250000
f 673/1658/673 668/1660/668 697/1661/697
vt 0.9414062500000000 0.1149902343750000
f 697/1661/697 668/1660/668 665/1662/665
vt 0.3669433593750000 0.9787597656250000
vt 0.3669433593750000 0.9819335937500000
vt 0.3588867187500000 0.9816894531250000
f 674/1663/674 673/1664/673 698/1665/698
vt 0.3591308593750000 0.9846191406250000
f 698/1665/698 673/1664/673 696/1666/696
vt 0.3669433593750000 0.9848632812500000
f 696/1666/696 673/1664/673 697/1667/697
vt 0.3591308593750000 0.9770507812500000
f 674/1663/674 698/1665/698 699/1668/699
vt 0.3649902343750000 0.9755859375000000
f 674/1663/674 699/1668/699 700/1669/700
vt 0.3588867187500000 0.9750976562500000
f 700/1669/700 699/1668/699 701/1670/701
vt 0.8476562500000000 0.6796875000000000
vt 0.8476562500000000 0.6833496093750000
vt 0.8459472656250000 0.6828613281250000
f 698/1671/698 696/1672/696 702/1673/702
vt 0.8444824218750000 0.6860351562500000
f 702/1673/702 696/1672/696 694/1674/694
vt 0.8461914062500000 0.6870117187500000
f 694/1674/694 696/1672/696 693/1675/693
vt 0.8459472656250000 0.6799316406250000
f 698/1671/698 702/1673/702 703/1676/703
vt 0.8444824218750000 0.6765136718750000
f 698/1671/698 703/1676/703 704/1677/704
vt 0.8461914062500000 0.6760253906250000
f 698/1671/698 704/1677/704 699/1678/699
vt 0.5981445312500000 0.3151855468750000
vt 0.5957031250000000 0.3159179687500000
vt 0.5932617187500000 0.3117675781250000
f 705/1679/705 706/1680/706 707/1681/707
vt 0.5952148437500000 0.3093261718750000
f 705/1679/705 707/1681/707 708/1682/708
vt 0.5986328125000000 0.3105468750000000
f 705/1679/705 708/1682/708 709/1683/709
vt 0.6108398437500000 0.2968750000000000
f 705/1679/705 709/1683/709 710/1684/710
vt 0.5969238281250000 0.3186035156250000
f 706/1680/706 705/1679/705 711/1685/711
vt 0.6157226562500000 0.2978515625000000
f 705/1679/705 710/1684/710 712/1686/712
vt 0.5998535156250000 0.3171386718750000
f 711/1685/711 705/1679/705 713/1687/713
f 713/1687/713 705/1679/705 712/1686/712
vt 0.6115722656250000 0.2949218750000000
f 712/1686/712 710/1684/710 714/1688/714
vt 0.6176757812500000 0.2998046875000000
f 713/1687/713 712/1686/712 715/1689/715
vt 0.5944824218750000 0.3156738281250000
f 706/1680/706 711/1685/711 716/1690/716
f 706/1680/706 716/1690/716 707/1681/707
vt 0.5937500000000000 0.3183593750000000
f 716/1690/716 711/1685/711 717/1691/717
vt 0.5908203125000000 0.3156738281250000
f 716/1690/716 717/1691/717 718/1692/718
vt 0.5920410156250000 0.3134765625000000
f 716/1690/716 718/1692/718 719/1693/719
f 716/1690/716 719/1693/719 707/1681/707
vt 0.5903320312500000 0.3095703125000000
f 707/1681/707 719/1693/719 720/1694/720
vt 0.6166992187500000 0.2958984375000000
f 721/1695/721 715/1689/715 712/1686/712
vt 0.6191406250000000 0.2963867187500000
f 715/1689/715 721/1695/721 722/1696/722
vt 0.6149902343750000 0.2949218750000000
f 723/1697/723 712/1686/712 714/1688/714
f 712/1686/712 723/1697/723 721/1695/721
vt 0.6108398437500000 0.2929687500000000
f 723/1697/723 714/1688/714 724/1698/724
vt 0.6164550781250000 0.2937011718750000
f 722/1696/722 721/1695/721 725/1699/725
f 725/1699/725 721/1695/721 723/1697/723
vt 0.6188964843750000 0.2927246093750000
f 722/1696/722 725/1699/725 726/1700/726
vt 0.6157226562500000 0.2919921875000000
f 723/1697/723 724/1698/724 727/1701/727
f 723/1697/723 727/1701/727 725/1699/725
f 725/1699/725 727/1701/727 726/1700/726
vt 0.6174316406250000 0.2902832031250000
f 726/1700/726 727/1701/727 728/1702/728
vt 0.5986328125000000 0.2790527343750000
f 727/1701/727 724/1698/724 729/1703/729
vt 0.5998535156250000 0.2719726562500000
f 728/1702/728 727/1701/727 730/1704/730
vt 0.5979003906250000 0.2739257812500000
f 727/1701/727 729/1703/729 731/1705/731
f 727/1701/727 731/1705/731 730/1704/730
vt 0.5949707031250000 0.2795410156250000
f 731/1705/731 729/1703/729 732/1706/732
vt 0.5964355468750000 0.2705078125000000
f 730/1704/730 731/1705/731 733/1707/733
vt 0.5927734375000000 0.2780761718750000
f 731/1705/731 732/1706/732 734/1708/734
vt 0.5957031250000000 0.2729492187500000
f 733/1707/733 731/1705/731 735/1709/735
f 735/1709/735 731/1705/731 734/1708/734
vt 0.5927734375000000 0.2712402343750000
f 733/1707/733 735/1709/735 736/1710/736
vt 0.5937500000000000 0.2731933593750000
f 735/1709/735 734/1708/734 737/1711/737
f 735/1709/735 737/1711/737 736/1710/736
vt 0.5913085937500000 0.2761230468750000
f 737/1711/737 734/1708/734 738/1712/738
f 737/1711/737 738/1712/738 736/1710/736
vt 0.5903320312500000 0.2734375000000000
f 736/1710/736 738/1712/738 739/1713/739
vt 0.3366699218750000 0.0537109375000000
vt 0.3364257812500000 0.0563964843750000
vt 0.3273925781250000 0.0544433593750000
f 717/1714/717 711/1715/711 740/1716/740
vt 0.3271484375000000 0.0568847656250000
f 740/1716/740 711/1715/711 741/1717/741
vt 0.3276367187500000 0.0505371093750000
f 717/1714/717 740/1716/740 742/1718/742
vt 0.3366699218750000 0.0498046875000000
f 717/1714/717 742/1718/742 718/1719/718
vt 0.3339843750000000 0.0463867187500000
f 718/1719/718 742/1718/742 743/1720/743
vt 0.3276367187500000 0.0471191406250000
f 743/1720/743 742/1718/742 744/1721/744
vt 0.9438476562500000 0.3269042968750000
vt 0.9450683593750000 0.3220214843750000
vt 0.9455566406250000 0.3264160156250000
f 720/1722/720 719/1723/719 745/1724/745
vt 0.9472656250000000 0.3215332031250000
f 745/1724/745 719/1723/719 718/1725/718
vt 0.9472656250000000 0.3256835937500000
f 745/1724/745 718/1725/718 743/1726/743
vt 0.2602539062500000 0.5944824218750000
vt 0.2622070312500000 0.5944824218750000
vt 0.2626953125000000 0.6010742187500000
f 720/1727/720 745/1728/745 746/1729/746
vt 0.2607421875000000 0.6010742187500000
f 720/1727/720 746/1729/746 747/1730/747
vt 0.2646484375000000 0.6008300781250000
f 746/1729/746 745/1728/745 744/1731/744
vt 0.2641601562500000 0.5944824218750000
f 744/1731/744 745/1728/745 743/1732/743
vt 0.2624511718750000 0.6022949218750000
f 747/1730/747 746/1729/746 748/1733/748
vt 0.2602539062500000 0.6025390625000000
f 747/1730/747 748/1733/748 749/1734/749
vt 0.2243652343750000 0.5627441406250000
vt 0.2243652343750000 0.5595703125000000
vt 0.2333984375000000 0.5627441406250000
f 715/1735/715 722/1736/722 750/1737/750
vt 0.2333984375000000 0.5593261718750000
f 750/1737/750 722/1736/722 751/1738/751
vt 0.2341308593750000 0.5881347656250000
f 715/1735/715 750/1737/750 752/1739/752
vt 0.2243652343750000 0.5876464843750000
f 715/1735/715 752/1739/752 713/1740/713
vt 0.2243652343750000 0.5908203125000000
f 713/1740/713 752/1739/752 711/1741/711
vt 0.2336425781250000 0.5913085937500000
f 711/1741/711 752/1739/752 741/1742/741
vt 0.0959472656250000 0.0122070312500000
vt 0.0996093750000000 0.0117187500000000
vt 0.0959472656250000 0.0192871093750000
f 722/1743/722 726/1744/726 751/1745/751
vt 0.0993652343750000 0.0190429687500000
f 751/1745/751 726/1744/726 753/1746/753
vt 0.4045410156250000 0.9538574218750000
vt 0.4047851562500000 0.9504394531250000
vt 0.4064941406250000 0.9506835937500000
f 751/1747/751 753/1748/753 689/1749/689
vt 0.4055175781250000 0.9477539062500000
f 689/1749/689 753/1748/753 754/1750/754
vt 0.4072265625000000 0.9484863281250000
f 689/1749/689 754/1750/754 692/1751/692
vt 0.4062500000000000 0.9538574218750000
f 751/1747/751 689/1749/689 691/1752/691
vt 0.4057617187500000 0.9570312500000000
f 751/1747/751 691/1752/691 750/1753/750
vt 0.4072265625000000 0.9565429687500000
f 750/1753/750 691/1752/691 695/1754/695
vt 0.0988769531250000 0.1875000000000000
vt 0.0991210937500000 0.1848144531250000
vt 0.1079101562500000 0.1884765625000000
f 726/1755/726 728/1756/728 753/1757/753
vt 0.1079101562500000 0.1857910156250000
f 753/1757/753 728/1756/728 754/1758/754
vt 0.0996093750000000 0.1594238281250000
f 754/1758/754 728/1756/728 730/1759/730
vt 0.1079101562500000 0.1596679687500000
f 754/1758/754 730/1759/730 755/1760/755
vt 0.0996093750000000 0.1560058593750000
f 755/1760/755 730/1759/730 733/1761/733
vt 0.1079101562500000 0.1557617187500000
f 755/1760/755 733/1761/733 756/1762/756
vt 0.9555664062500000 0.1340332031250000
vt 0.9538574218750000 0.1342773437500000
vt 0.9494628906250000 0.1120605468750000
f 692/1763/692 754/1764/754 755/1765/755
vt 0.9509277343750000 0.1120605468750000
f 692/1763/692 755/1765/755 694/1766/694
vt 0.9497070312500000 0.1079101562500000
f 694/1766/694 755/1765/755 756/1767/756
vt 0.9514160156250000 0.1086425781250000
f 694/1766/694 756/1767/756 702/1768/702
vt 0.9528808593750000 0.1059570312500000
f 702/1768/702 756/1767/756 703/1769/703
vt 0.9516601562500000 0.1047363281250000
f 703/1769/703 756/1767/756 757/1770/757
vt 0.9555664062500000 0.1040039062500000
f 703/1769/703 757/1770/757 704/1771/704
vt 0.9548339843750000 0.1027832031250000
f 704/1771/704 757/1770/757 758/1772/758
vt 0.2116699218750000 0.9831542968750000
vt 0.2119140625000000 0.9794921875000000
vt 0.2202148437500000 0.9785156250000000
f 736/1773/736 739/1774/739 758/1775/758
vt 0.2202148437500000 0.9765625000000000
f 758/1775/758 739/1774/739 759/1776/759
vt 0.2141113281250000 0.9763183593750000
f 759/1776/759 739/1774/739 760/1777/760
vt 0.2202148437500000 0.9831542968750000
f 736/1773/736 758/1775/758 757/1778/757
vt 0.2119140625000000 0.9860839843750000
f 736/1773/736 757/1778/757 733/1779/733
vt 0.2202148437500000 0.9860839843750000
f 733/1779/733 757/1778/757 756/1780/756
vt 0.6125488281250000 0.2707519531250000
vt 0.6162109375000000 0.2705078125000000
vt 0.6125488281250000 0.2727050781250000
f 734/1781/734 761/1782/761 738/1783/738
vt 0.6162109375000000 0.2724609375000000
f 738/1783/738 761/1782/761 762/1784/762
vt 0.6162109375000000 0.2746582031250000
f 738/1783/738 762/1784/762 760/1785/760
vt 0.6125488281250000 0.2756347656250000
f 738/1783/738 760/1785/760 739/1786/739
vt 0.5583496093750000 0.9653320312500000
vt 0.5573730468750000 0.9641113281250000
vt 0.5588378906250000 0.9633789062500000
f 758/1787/758 759/1788/759 763/1789/763
vt 0.5595703125000000 0.9645996093750000
f 758/1787/758 763/1789/763 704/1790/704
vt 0.5590820312500000 0.9621582031250000
f 763/1789/763 759/1788/759 764/1791/764
vt 0.5573730468750000 0.9619140625000000
f 764/1791/764 759/1788/759 765/1792/765
vt 0.5578613281250000 0.9599609375000000
f 764/1791/764 765/1792/765 766/1793/766
vt 0.5595703125000000 0.9602050781250000
f 764/1791/764 766/1793/766 767/1794/767
vt 0.7932128906250000 0.1569824218750000
vt 0.7949218750000000 0.1569824218750000
vt 0.7949218750000000 0.1633300781250000
f 762/1795/762 761/1796/761 766/1797/766
vt 0.7932128906250000 0.1633300781250000
f 762/1795/762 766/1797/766 765/1798/765
vt 0.7912597656250000 0.1572265625000000
f 762/1795/762 765/1798/765 760/1799/760
vt 0.7912597656250000 0.1633300781250000
f 760/1799/760 765/1798/765 759/1800/759
vt 0.8347167968750000 0.8898925781250000
vt 0.8342285156250000 0.8879394531250000
vt 0.8359375000000000 0.8876953125000000
f 764/1801/764 767/1802/767 768/1803/768
vt 0.8364257812500000 0.8896484375000000
f 764/1801/764 768/1803/768 769/1804/769
vt 0.8349609375000000 0.8911132812500000
f 764/1801/764 769/1804/769 763/1805/763
vt 0.8364257812500000 0.8918457031250000
f 763/1805/763 769/1804/769 701/1806/701
vt 0.8356933593750000 0.8933105468750000
f 763/1805/763 701/1806/701 699/1807/699
vt 0.8342285156250000 0.8923339843750000
f 763/1805/763 699/1807/699 704/1808/704
vt 0.0942382812500000 0.6750488281250000
vt 0.0937500000000000 0.6813964843750000
vt 0.0922851562500000 0.6748046875000000
f 683/1809/683 677/1810/677 770/1811/770
vt 0.0915527343750000 0.6813964843750000
f 770/1811/770 677/1810/677 676/1812/676
vt 0.0903320312500000 0.6748046875000000
f 770/1811/770 676/1812/676 771/1813/771
vt 0.0898437500000000 0.6813964843750000
f 771/1813/771 676/1812/676 675/1814/675
vt 0.0898437500000000 0.6735839843750000
f 770/1811/770 771/1813/771 749/1815/749
vt 0.7900390625000000 0.9470214843750000
vt 0.7907714843750000 0.9501953125000000
vt 0.7890625000000000 0.9499511718750000
f 682/1816/682 683/1817/683 772/1818/772
vt 0.7888183593750000 0.9484863281250000
f 682/1816/682 772/1818/772 773/1819/773
vt 0.7875976562500000 0.9453125000000000
f 682/1816/682 773/1819/773 680/1820/680
vt 0.7888183593750000 0.9511718750000000
f 772/1818/772 683/1817/683 748/1821/748
vt 0.7900390625000000 0.9519042968750000
f 748/1821/748 683/1817/683 770/1822/770
vt 0.7875976562500000 0.9528808593750000
f 748/1821/748 770/1822/770 749/1823/749
vt 0.0280761718750000 0.2602539062500000
vt 0.0290527343750000 0.2590332031250000
vt 0.0305175781250000 0.2600097656250000
f 748/1824/748 746/1825/746 744/1826/744
vt 0.0288085937500000 0.2612304687500000
f 748/1824/748 744/1826/744 772/1827/772
vt 0.0305175781250000 0.2636718750000000
f 772/1827/772 744/1826/744 742/1828/742
vt 0.0288085937500000 0.2629394531250000
f 772/1827/772 742/1828/742 773/1829/773
vt 0.0283203125000000 0.2670898437500000
f 773/1829/773 742/1828/742 680/1830/680
vt 0.0300292968750000 0.2673339843750000
f 680/1830/680 742/1828/742 740/1831/740
vt 0.9316406250000000 0.0302734375000000
vt 0.9331054687500000 0.0092773437500000
vt 0.9348144531250000 0.0090332031250000
f 695/1832/695 685/1833/685 752/1834/752
vt 0.9331054687500000 0.0305175781250000
f 695/1832/695 752/1834/752 750/1835/750
vt 0.9323730468750000 0.0061035156250000
f 752/1834/752 685/1833/685 681/1836/681
vt 0.9340820312500000 0.0051269531250000
f 752/1834/752 681/1836/681 741/1837/741
vt 0.9328613281250000 0.0029296875000000
f 741/1837/741 681/1836/681 740/1838/740
vt 0.9316406250000000 0.0039062500000000
f 740/1838/740 681/1836/681 680/1839/680
vt 0.5830078125000000 0.9274902343750000
vt 0.5791015625000000 0.9279785156250000
vt 0.5791015625000000 0.9257812500000000
f 774/1840/774 669/1841/669 672/1842/672
vt 0.5830078125000000 0.9255371093750000
f 774/1840/774 672/1842/672 775/1843/775
vt 0.5827636718750000 0.9233398437500000
f 775/1843/775 672/1842/672 700/1844/700
vt 0.5791015625000000 0.9223632812500000
f 700/1844/700 672/1842/672 674/1845/674
vt 0.4052734375000000 0.7900390625000000
vt 0.4072265625000000 0.7900390625000000
vt 0.4069824218750000 0.7963867187500000
f 769/1846/769 768/1847/768 774/1848/774
vt 0.4055175781250000 0.7963867187500000
f 769/1846/769 774/1848/774 775/1849/775
vt 0.4033203125000000 0.7900390625000000
f 769/1846/769 775/1849/775 701/1850/701
vt 0.4035644531250000 0.7961425781250000
f 701/1850/701 775/1849/775 700/1851/700
vt 0.6591796875000000 0.4211425781250000
vt 0.6591796875000000 0.4279785156250000
vt 0.6564941406250000 0.4252929687500000
f 776/1852/776 777/1853/777 778/1854/778
vt 0.6550292968750000 0.4218750000000000
f 776/1852/776 778/1854/778 779/1855/779
vt 0.6555175781250000 0.4182128906250000
f 776/1852/776 779/1855/779 780/1856/780
vt 0.6582031250000000 0.4135742187500000
f 776/1852/776 780/1856/780 781/1857/781
vt 0.9848632812500000 0.7631835937500000
vt 0.9775390625000000 0.7631835937500000
vt 0.9860839843750000 0.7570800781250000
f 777/1858/777 776/1859/776 782/1860/782
vt 0.9775390625000000 0.7580566406250000
f 782/1860/782 776/1859/776 783/1861/783
vt 0.9846191406250000 0.7512207031250000
f 782/1860/782 783/1861/783 784/1862/784
vt 0.9780273437500000 0.7517089843750000
f 784/1862/784 783/1861/783 785/1863/785
vt 0.9851074218750000 0.7414550781250000
f 784/1862/784 785/1863/785 786/1864/786
vt 0.9768066406250000 0.7424316406250000
f 786/1864/786 785/1863/785 787/1865/787
vt 0.9721679687500000 0.7521972656250000
f 785/1863/785 783/1861/783 788/1866/788
vt 0.9689941406250000 0.7585449218750000
f 788/1866/788 783/1861/783 789/1867/789
vt 0.8061523437500000 0.9335937500000000
vt 0.8032226562500000 0.9265136718750000
vt 0.8061523437500000 0.9238281250000000
f 776/1868/776 781/1869/781 789/1870/789
vt 0.9519042968750000 0.4973144531250000
vt 0.9555664062500000 0.4882812500000000
vt 0.9570312500000000 0.4973144531250000
f 776/1871/776 789/1872/789 783/1873/783
vt 0.9677734375000000 0.8806152343750000
vt 0.9616699218750000 0.8823242187500000
vt 0.9516601562500000 0.8549804687500000
f 782/1874/782 784/1875/784 790/1876/790
vt 0.9489746093750000 0.8552246093750000
f 790/1876/790 784/1875/784 791/1877/791
vt 0.9519042968750000 0.8820800781250000
f 791/1877/791 784/1875/784 786/1878/786
vt 0.9545898437500000 0.8542480468750000
f 782/1874/782 790/1876/790 792/1879/792
vt 0.9721679687500000 0.8764648437500000
f 782/1874/782 792/1879/792 777/1880/777
vt 0.9567871093750000 0.8532714843750000
f 777/1880/777 792/1879/792 793/1881/793
vt 0.9555664062500000 0.8520507812500000
f 793/1881/793 792/1879/792 794/1882/794
f 794/1882/794 792/1879/792 790/1876/790
vt 0.9523925781250000 0.8515625000000000
f 794/1882/794 790/1876/790 795/1883/795
f 795/1883/795 790/1876/790 791/1877/791
vt 0.9492187500000000 0.8505859375000000
f 795/1883/795 791/1877/791 796/1884/796
vt 0.9467773437500000 0.8500976562500000
f 796/1884/796 791/1877/791 797/1885/797
vt 0.9460449218750000 0.8549804687500000
f 797/1885/797 791/1877/791 798/1886/798
f 798/1886/798 791/1877/791 786/1878/786
vt 0.9460449218750000 0.8806152343750000
f 798/1886/798 786/1878/786 799/1887/799
vt 0.1289062500000000 0.2202148437500000
vt 0.1228027343750000 0.2197265625000000
vt 0.1198730468750000 0.2102050781250000
f 785/1888/785 788/1889/788 800/1890/800
vt 0.1286621093750000 0.2106933593750000
f 785/1888/785 800/1890/800 787/1891/787
vt 0.1289062500000000 0.2043457031250000
f 787/1891/787 800/1890/800 801/1892/801
vt 0.1220703125000000 0.2038574218750000
f 801/1892/801 800/1890/800 802/1893/802
vt 0.1286621093750000 0.2016601562500000
f 801/1892/801 802/1893/802 803/1894/803
vt 0.9611816406250000 0.4445800781250000
vt 0.9541015625000000 0.4445800781250000
vt 0.9604492187500000 0.4208984375000000
f 803/1895/803 802/1896/802 804/1897/804
vt 0.9570312500000000 0.4208984375000000
f 804/1897/804 802/1896/802 805/1898/805
vt 0.9572753906250000 0.4165039062500000
f 804/1897/804 805/1898/805 806/1899/806
vt 0.9597167968750000 0.4162597656250000
f 804/1897/804 806/1899/806 807/1900/807
vt 0.1586914062500000 0.9799804687500000
vt 0.1596679687500000 0.9772949218750000
vt 0.1650390625000000 0.9802246093750000
f 801/1901/801 803/1902/803 799/1903/799
vt 0.1584472656250000 0.9860839843750000
f 801/1901/801 799/1903/799 787/1904/787
vt 0.1662597656250000 0.9860839843750000
f 787/1904/787 799/1903/799 786/1905/786
vt 0.9597167968750000 0.2451171875000000
vt 0.9533691406250000 0.2451171875000000
vt 0.9570312500000000 0.2216796875000000
f 799/1906/799 803/1907/803 798/1908/798
vt 0.9538574218750000 0.2219238281250000
f 798/1908/798 803/1907/803 804/1909/804
vt 0.9541015625000000 0.2165527343750000
f 798/1908/798 804/1909/804 807/1910/807
vt 0.9565429687500000 0.2170410156250000
f 798/1908/798 807/1910/807 797/1911/797
vt 0.1342773437500000 0.1347656250000000
vt 0.1328125000000000 0.1330566406250000
vt 0.1357421875000000 0.1318359375000000
f 808/1912/808 809/1913/809 810/1914/810
vt 0.1354980468750000 0.1284179687500000
f 810/1914/810 809/1913/809 811/1915/811
vt 0.1301269531250000 0.1337890625000000
f 809/1913/809 808/1912/808 812/1916/812
vt 0.1315917968750000 0.1372070312500000
f 812/1916/812 808/1912/808 813/1917/813
vt 0.1289062500000000 0.1298828125000000
f 809/1913/809 812/1916/812 814/1918/814
vt 0.1274414062500000 0.1303710937500000
f 814/1918/814 812/1916/812 815/1919/815
vt 0.1271972656250000 0.1342773437500000
f 815/1919/815 812/1916/812 816/1920/816
vt 0.1318359375000000 0.1286621093750000
f 809/1913/809 814/1918/814 817/1921/817
f 809/1913/809 817/1921/817 811/1915/811
vt 0.1284179687500000 0.1259765625000000
f 817/1921/817 814/1918/814 818/1922/818
vt 0.1308593750000000 0.1254882812500000
f 811/1915/811 817/1921/817 819/1923/819
f 819/1923/819 817/1921/817 818/1922/818
vt 0.1271972656250000 0.1230468750000000
f 819/1923/819 818/1922/818 820/1924/820
vt 0.1347656250000000 0.1252441406250000
f 811/1915/811 819/1923/819 821/1925/821
vt 0.1296386718750000 0.1223144531250000
f 819/1923/819 820/1924/820 822/1926/822
f 819/1923/819 822/1926/822 821/1925/821
vt 0.1330566406250000 0.1223144531250000
f 821/1925/821 822/1926/822 823/1927/823
vt 0.2534179687500000 0.5983886718750000
vt 0.2514648437500000 0.6010742187500000
vt 0.2514648437500000 0.5959472656250000
f 812/1928/812 813/1929/813 816/1930/816
vt 0.7590332031250000 0.8193359375000000
vt 0.7626953125000000 0.8190917968750000
vt 0.7587890625000000 0.8229980468750000
f 813/1931/813 808/1932/808 824/1933/824
vt 0.7631835937500000 0.8232421875000000
f 824/1933/824 808/1932/808 825/1934/825
vt 0.7673339843750000 0.8237304687500000
f 825/1934/825 808/1932/808 826/1935/826
vt 0.7656250000000000 0.8188476562500000
f 826/1935/826 808/1932/808 810/1936/810
vt 0.7629394531250000 0.8271484375000000
f 824/1933/824 825/1934/825 827/1937/827
f 827/1937/827 825/1934/825 826/1935/826
vt 0.7587890625000000 0.8266601562500000
f 824/1933/824 827/1937/827 828/1938/828
vt 0.7668457031250000 0.8276367187500000
f 827/1937/827 826/1935/826 829/1939/829
vt 0.7648925781250000 0.8310546875000000
f 827/1937/827 829/1939/829 830/1940/830
vt 0.4501953125000000 0.3381347656250000
vt 0.4467773437500000 0.3420410156250000
vt 0.4465332031250000 0.3381347656250000
f 816/1941/816 813/1942/813 831/1943/831
vt 0.9848632812500000 0.2849121093750000
vt 0.9812011718750000 0.2854003906250000
vt 0.9780273437500000 0.2819824218750000
f 816/1944/816 831/1945/831 832/1946/832
vt 0.9799804687500000 0.2778320312500000
f 816/1944/816 832/1946/832 833/1947/833
vt 0.9821777343750000 0.2751464843750000
f 816/1944/816 833/1947/833 834/1948/834
vt 0.9741210937500000 0.2770996093750000
f 833/1947/833 832/1946/832 835/1949/835
vt 0.9736328125000000 0.2800292968750000
f 835/1949/835 832/1946/832 836/1950/836
vt 0.9750976562500000 0.2729492187500000
f 833/1947/833 835/1949/835 837/1951/837
vt 0.9790039062500000 0.2705078125000000
f 833/1947/833 837/1951/837 838/1952/838
f 833/1947/833 838/1952/838 834/1948/834
vt 0.9770507812500000 0.2656250000000000
f 838/1952/838 837/1951/837 839/1953/839
vt 0.9841308593750000 0.2680664062500000
f 838/1952/838 839/1953/839 840/1954/840
vt 0.9826660156250000 0.2641601562500000
f 840/1954/840 839/1953/839 841/1955/841
vt 0.9853515625000000 0.2639160156250000
f 840/1954/840 841/1955/841 842/1956/842
vt 0.9858398437500000 0.2670898437500000
f 840/1954/840 842/1956/842 843/1957/843
vt 0.9848632812500000 0.2731933593750000
f 834/1948/834 838/1952/838 844/1958/844
f 844/1958/844 838/1952/838 840/1954/840
vt 0.9880371093750000 0.2829589843750000
f 834/1948/834 844/1958/844 815/1959/815
vt 0.9902343750000000 0.2802734375000000
f 815/1959/815 844/1958/844 845/1960/845
vt 0.9868164062500000 0.2714843750000000
f 844/1958/844 840/1954/840 846/1961/846
f 846/1961/846 840/1954/840 843/1957/843
vt 0.9885253906250000 0.2700195312500000
f 846/1961/846 843/1957/843 847/1962/847
vt 0.9875488281250000 0.2661132812500000
f 847/1962/847 843/1957/843 848/1963/848
vt 0.9902343750000000 0.2687988281250000
f 847/1962/847 848/1963/848 849/1964/849
vt 0.7778320312500000 0.0107421875000000
vt 0.7778320312500000 0.0061035156250000
vt 0.7810058593750000 0.0046386718750000
f 826/1965/826 810/1966/810 811/1967/811
vt 0.7817382812500000 0.0104980468750000
f 826/1965/826 811/1967/811 850/1968/850
vt 0.7844238281250000 0.0036621093750000
f 850/1968/850 811/1967/811 821/1969/821
vt 0.7824707031250000 0.0158691406250000
f 826/1965/826 850/1968/850 851/1970/851
vt 0.7778320312500000 0.0148925781250000
f 826/1965/826 851/1970/851 829/1971/829
vt 0.7866210937500000 0.0166015625000000
f 851/1970/851 850/1968/850 852/1972/852
vt 0.7858886718750000 0.0100097656250000
f 852/1972/852 850/1968/850 853/1973/853
f 853/1973/853 850/1968/850 821/1969/821
vt 0.7895507812500000 0.0087890625000000
f 853/1973/853 821/1969/821 854/1974/854
vt 0.7880859375000000 0.0031738281250000
f 854/1974/854 821/1969/821 823/1975/823
vt 0.2644042968750000 0.1357421875000000
vt 0.2614746093750000 0.1381835937500000
vt 0.2590332031250000 0.1340332031250000
f 830/1976/830 829/1977/829 851/1978/851
vt 0.2651367187500000 0.1398925781250000
vt 0.2673339843750000 0.1369628906250000
f 827/1979/827 830/1976/830 855/1980/855
vt 0.2663574218750000 0.1359863281250000
f 855/1980/855 830/1976/830 856/1981/856
vt 0.2661132812500000 0.1345214843750000
f 856/1981/856 830/1976/830 857/1982/857
vt 0.2651367187500000 0.1313476562500000
f 857/1982/857 830/1976/830 858/1983/858
vt 0.2629394531250000 0.1323242187500000
f 858/1983/858 830/1976/830 859/1984/859
f 859/1984/859 830/1976/830 851/1978/851
vt 0.2644042968750000 0.1286621093750000
f 858/1983/858 859/1984/859 860/1985/860
vt 0.2624511718750000 0.1291503906250000
f 859/1984/859 851/1978/851 861/1986/861
f 859/1984/859 861/1986/861 860/1985/860
vt 0.2575683593750000 0.1298828125000000
f 861/1986/861 851/1978/851 852/1987/852
vt 0.2651367187500000 0.1257324218750000
f 860/1985/860 861/1986/861 806/1988/806
vt 0.2629394531250000 0.1232910156250000
f 861/1986/861 852/1987/852 862/1989/862
f 861/1986/861 862/1989/862 806/1988/806
vt 0.2663574218750000 0.1220703125000000
f 806/1988/806 862/1989/862 863/1990/863
vt 0.2673339843750000 0.1247558593750000
f 806/1988/806 863/1990/863 807/1991/807
vt 0.9453125000000000 0.5639648437500000
vt 0.9443359375000000 0.5656738281250000
vt 0.9443359375000000 0.5649414062500000
f 856/1992/856 864/1993/864 855/1994/855
vt 0.9458007812500000 0.5651855468750000
f 864/1993/864 856/1992/856 865/1995/865
vt 0.9482421875000000 0.5913085937500000
f 864/1993/864 865/1995/865 781/1996/781
vt 0.9443359375000000 0.5913085937500000
f 864/1993/864 781/1996/781 780/1997/780
vt 0.9475097656250000 0.5651855468750000
f 865/1995/865 856/1992/856 866/1998/866
f 865/1995/865 866/1998/866 781/1996/781
vt 0.9462890625000000 0.5632324218750000
f 866/1998/866 856/1992/856 857/1999/857
vt 0.9521484375000000 0.5913085937500000
f 781/1996/781 866/1998/866 789/2000/789
vt 0.9487304687500000 0.5610351562500000
f 866/1998/866 857/1999/857 858/2001/858
vt 0.9506835937500000 0.5634765625000000
f 789/2000/789 866/1998/866 867/2002/867
f 867/2002/867 866/1998/866 858/2001/858
vt 0.9504394531250000 0.5588378906250000
f 867/2002/867 858/2001/858 860/2003/860
vt 0.9533691406250000 0.5617675781250000
f 867/2002/867 860/2003/860 868/2004/868
vt 0.9653320312500000 0.5842285156250000
f 867/2002/867 868/2004/868 800/2005/800
vt 0.9577636718750000 0.5908203125000000
f 867/2002/867 800/2005/800 788/2006/788
vt 0.9675292968750000 0.2661132812500000
vt 0.9675292968750000 0.2668457031250000
vt 0.9655761718750000 0.2663574218750000
f 855/2007/855 864/2008/864 869/2009/869
vt 0.9653320312500000 0.2668457031250000
f 869/2009/869 864/2008/864 870/2010/870
vt 0.9680175781250000 0.2922363281250000
f 870/2010/870 864/2008/864 780/2011/780
vt 0.9636230468750000 0.2661132812500000
f 869/2009/869 870/2010/870 871/2012/871
vt 0.9643554687500000 0.2917480468750000
f 870/2010/870 780/2011/780 779/2013/779
vt 0.9633789062500000 0.2668457031250000
f 871/2012/871 870/2010/870 872/2014/872
f 872/2014/872 870/2010/870 779/2013/779
vt 0.9604492187500000 0.2922363281250000
f 872/2014/872 779/2013/779 778/2015/778
vt 0.8444824218750000 0.3854980468750000
vt 0.8457031250000000 0.3835449218750000
vt 0.8474121093750000 0.3876953125000000
f 855/2016/855 869/2017/869 827/2018/827
vt 0.8491210937500000 0.3840332031250000
f 827/2018/827 869/2017/869 828/2019/828
vt 0.8459472656250000 0.3818359375000000
f 828/2019/828 869/2017/869 871/2020/871
vt 0.8488769531250000 0.3798828125000000
f 828/2019/828 871/2020/871 873/2021/873
vt 0.8454589843750000 0.3801269531250000
f 873/2021/873 871/2020/871 874/2022/874
vt 0.8444824218750000 0.3789062500000000
f 873/2021/873 874/2022/874 794/2023/794
vt 0.8471679687500000 0.3767089843750000
f 873/2021/873 794/2023/794 836/2024/836
vt 0.0605468750000000 0.2575683593750000
vt 0.0568847656250000 0.2570800781250000
vt 0.0571289062500000 0.2526855468750000
f 824/2025/824 828/2026/828 873/2027/873
vt 0.0610351562500000 0.2531738281250000
f 824/2025/824 873/2027/873 875/2028/875
vt 0.0644531250000000 0.2573242187500000
f 824/2025/824 875/2028/875 813/2029/813
vt 0.0651855468750000 0.2534179687500000
f 813/2029/813 875/2028/875 831/2030/831
vt 0.0617675781250000 0.2495117187500000
f 831/2030/831 875/2028/875 832/2031/832
f 832/2031/832 875/2028/875 873/2027/873
vt 0.0568847656250000 0.2492675781250000
f 832/2031/832 873/2027/873 836/2032/836
vt 0.5173339843750000 0.8142089843750000
vt 0.5180664062500000 0.8156738281250000
vt 0.5173339843750000 0.8156738281250000
f 874/2033/874 871/2034/871 872/2035/872
vt 0.3454589843750000 0.1384277343750000
vt 0.3371582031250000 0.1384277343750000
vt 0.3459472656250000 0.1352539062500000
f 862/2036/862 852/2037/852 876/2038/876
vt 0.3395996093750000 0.1342773437500000
f 876/2038/876 852/2037/852 877/2039/877
vt 0.3327636718750000 0.1333007812500000
f 877/2039/877 852/2037/852 853/2040/853
vt 0.3457031250000000 0.1303710937500000
f 876/2038/876 877/2039/877 878/2041/878
vt 0.3349609375000000 0.1303710937500000
f 877/2039/877 853/2040/853 854/2042/854
vt 0.3413085937500000 0.1303710937500000
f 878/2041/878 877/2039/877 879/2043/879
f 879/2043/879 877/2039/877 854/2042/854
vt 0.3452148437500000 0.1279296875000000
f 878/2041/878 879/2043/879 880/2044/880
vt 0.3369140625000000 0.1274414062500000
f 879/2043/879 854/2042/854 881/2045/881
vt 0.3322753906250000 0.1252441406250000
f 881/2045/881 854/2042/854 823/2046/823
vt 0.3344726562500000 0.1235351562500000
f 881/2045/881 823/2046/823 882/2047/882
vt 0.3383789062500000 0.1250000000000000
f 881/2045/881 882/2047/882 883/2048/883
vt 0.3369140625000000 0.1220703125000000
f 883/2048/883 882/2047/882 884/2049/884
vt 0.3425292968750000 0.1281738281250000
f 879/2043/879 881/2045/881 885/2050/885
f 885/2050/885 881/2045/881 883/2048/883
f 879/2043/879 885/2050/885 880/2044/880
vt 0.3405761718750000 0.1225585937500000
f 885/2050/885 883/2048/883 886/2051/886
vt 0.3442382812500000 0.1259765625000000
f 885/2050/885 886/2051/886 887/2052/887
f 885/2050/885 887/2052/887 880/2044/880
vt 0.3476562500000000 0.1267089843750000
f 880/2044/880 887/2052/887 888/2053/888
vt 0.3461914062500000 0.1245117187500000
f 888/2053/888 887/2052/887 889/2054/889
vt 0.9543457031250000 0.3413085937500000
vt 0.9575195312500000 0.3400878906250000
vt 0.9548339843750000 0.3452148437500000
f 860/2055/860 806/2056/806 868/2057/868
vt 0.9584960937500000 0.3452148437500000
f 868/2057/868 806/2056/806 805/2058/805
vt 0.9519042968750000 0.3698730468750000
f 868/2057/868 805/2058/805 800/2059/800
vt 0.9584960937500000 0.3693847656250000
f 800/2059/800 805/2058/805 802/2060/802
vt 0.5095214843750000 0.8327636718750000
vt 0.5131835937500000 0.8330078125000000
vt 0.5095214843750000 0.8364257812500000
f 876/2061/876 890/2062/890 862/2063/862
vt 0.5131835937500000 0.8361816406250000
f 862/2063/862 890/2062/890 863/2064/863
vt 0.5095214843750000 0.8273925781250000
f 890/2062/890 876/2061/876 878/2065/878
vt 0.5166015625000000 0.8332519531250000
f 863/2064/863 890/2062/890 839/2066/839
vt 0.5163574218750000 0.8364257812500000
f 863/2064/863 839/2066/839 891/2067/891
vt 0.5161132812500000 0.8273925781250000
f 839/2066/839 890/2062/890 841/2068/841
vt 0.5131835937500000 0.8273925781250000
f 841/2068/841 890/2062/890 892/2069/892
f 892/2069/892 890/2062/890 878/2065/878
vt 0.5126953125000000 0.8249511718750000
f 892/2069/892 878/2065/878 888/2070/888
vt 0.5095214843750000 0.8254394531250000
f 888/2070/888 878/2065/878 880/2071/880
vt 0.1237792968750000 0.1545410156250000
vt 0.1247558593750000 0.1623535156250000
vt 0.1213378906250000 0.1560058593750000
f 839/2072/839 837/2073/837 891/2074/891
vt 0.1191406250000000 0.1540527343750000
vt 0.1176757812500000 0.1569824218750000
f 863/2075/863 891/2074/891 807/2076/807
vt 0.1191406250000000 0.1584472656250000
f 807/2076/807 891/2074/891 797/2077/797
f 797/2077/797 891/2074/891 837/2073/837
vt 0.1196289062500000 0.1611328125000000
f 797/2077/797 837/2073/837 796/2078/796
vt 0.1186523437500000 0.1643066406250000
f 796/2078/796 837/2073/837 795/2079/795
vt 0.1228027343750000 0.1662597656250000
f 795/2079/795 837/2073/837 835/2080/835
vt 0.1176757812500000 0.1669921875000000
f 795/2079/795 835/2080/835 794/2081/794
vt 0.1206054687500000 0.1689453125000000
f 794/2081/794 835/2080/835 836/2082/836
vt 0.8161621093750000 0.0468750000000000
vt 0.8171386718750000 0.0454101562500000
vt 0.8171386718750000 0.0471191406250000
f 793/2083/793 794/2084/794 874/2085/874
vt 0.7907714843750000 0.0651855468750000
vt 0.7900390625000000 0.0644531250000000
vt 0.7907714843750000 0.0629882812500000
f 793/2086/793 874/2087/874 872/2088/872
vt 0.4038085937500000 0.7836914062500000
vt 0.4072265625000000 0.7729492187500000
vt 0.4072265625000000 0.7839355468750000
f 816/2089/816 834/2090/834 815/2091/815
vt 0.3444824218750000 0.5991210937500000
vt 0.3417968750000000 0.5893554687500000
vt 0.3439941406250000 0.5883789062500000
f 845/2092/845 844/2093/844 846/2094/846
vt 0.3417968750000000 0.6010742187500000
vt 0.3430175781250000 0.6025390625000000
f 815/2095/815 845/2092/845 814/2096/814
vt 0.3461914062500000 0.6005859375000000
f 814/2096/814 845/2092/845 818/2097/818
vt 0.3469238281250000 0.5966796875000000
f 845/2092/845 846/2094/846 893/2098/893
f 845/2092/845 893/2098/893 818/2097/818
vt 0.3459472656250000 0.5876464843750000
f 893/2098/893 846/2094/846 847/2099/847
vt 0.3486328125000000 0.5979003906250000
f 818/2097/818 893/2098/893 820/2100/820
vt 0.3483886718750000 0.5937500000000000
f 820/2100/820 893/2098/893 894/2101/894
vt 0.3500976562500000 0.5949707031250000
f 820/2100/820 894/2101/894 895/2102/895
vt 0.3503417968750000 0.5986328125000000
f 820/2100/820 895/2102/895 822/2103/822
vt 0.3518066406250000 0.5957031250000000
f 822/2103/822 895/2102/895 896/2104/896
vt 0.3488769531250000 0.5908203125000000
f 895/2102/895 894/2101/894 897/2105/897
vt 0.3510742187500000 0.5917968750000000
f 895/2102/895 897/2105/897 898/2106/898
vt 0.3503417968750000 0.5871582031250000
f 898/2106/898 897/2105/897 899/2107/899
vt 0.3481445312500000 0.5874023437500000
f 899/2107/899 897/2105/897 849/2108/849
vt 0.8791503906250000 0.6230468750000000
vt 0.8796386718750000 0.6254882812500000
vt 0.8762207031250000 0.6259765625000000
f 842/2109/842 841/2110/841 892/2111/892
vt 0.8759765625000000 0.6232910156250000
f 842/2109/842 892/2111/892 888/2112/888
vt 0.8789062500000000 0.6206054687500000
f 842/2109/842 888/2112/888 900/2113/900
vt 0.8759765625000000 0.6206054687500000
f 900/2113/900 888/2112/888 889/2114/889
vt 0.8823242187500000 0.6215820312500000
f 842/2109/842 900/2113/900 843/2115/843
vt 0.8769531250000000 0.6157226562500000
f 900/2113/900 889/2114/889 901/2116/901
vt 0.8806152343750000 0.6203613281250000
f 843/2115/843 900/2113/900 848/2117/848
vt 0.8793945312500000 0.6159667968750000
f 900/2113/900 901/2116/901 899/2118/899
vt 0.8813476562500000 0.6169433593750000
f 848/2117/848 900/2113/900 849/2119/849
f 849/2119/849 900/2113/900 899/2118/899
vt 0.5407714843750000 0.9824218750000000
vt 0.5429687500000000 0.9824218750000000
vt 0.5422363281250000 0.9890136718750000
f 847/2120/847 849/2121/849 894/2122/894
vt 0.0041503906250000 0.6774902343750000
vt 0.0063476562500000 0.6779785156250000
vt 0.0041503906250000 0.6823730468750000
f 899/2123/899 901/2124/901 898/2125/898
vt 0.0107421875000000 0.6748046875000000
vt 0.0083007812500000 0.6735839843750000
f 887/2126/887 901/2124/901 889/2127/889
vt 0.0085449218750000 0.6791992187500000
f 901/2124/901 887/2126/887 886/2128/886
vt 0.0058593750000000 0.6831054687500000
f 901/2124/901 886/2128/886 902/2129/902
f 901/2124/901 902/2129/902 898/2125/898
vt 0.0109863281250000 0.6806640625000000
f 902/2129/902 886/2128/886 883/2130/883
vt 0.0085449218750000 0.6828613281250000
f 902/2129/902 883/2130/883 884/2131/884
vt 0.0097656250000000 0.6850585937500000
f 902/2129/902 884/2131/884 882/2132/882
vt 0.0063476562500000 0.6857910156250000
f 898/2125/898 902/2129/902 896/2133/896
f 896/2133/896 902/2129/902 882/2132/882
vt 0.0041503906250000 0.6855468750000000
f 898/2125/898 896/2133/896 895/2134/895
vt 0.0102539062500000 0.6872558593750000
f 896/2133/896 882/2132/882 823/2135/823
vt 0.0065917968750000 0.6882324218750000
f 896/2133/896 823/2135/823 822/2136/822
vt 0.1025390625000000 0.9479980468750000
vt 0.1025390625000000 0.9543457031250000
vt 0.1015625000000000 0.9506835937500000
f 894/2137/894 849/2138/849 897/2139/897
vt 0.9677734375000000 0.1794433593750000
vt 0.9694824218750000 0.2023925781250000
vt 0.9655761718750000 0.2036132812500000
f 872/2140/872 778/2141/778 777/2142/777
vt 0.9655761718750000 0.1791992187500000
f 872/2140/872 777/2142/777 793/2143/793
vt 0.9335937500000000 0.9467773437500000
vt 0.9335937500000000 0.9709472656250000
vt 0.9265136718750000 0.9707031250000000
f 867/2144/867 788/2145/788 789/2146/789
vt 0.2990722656250000 0.5571289062500000
vt 0.2990722656250000 0.5651855468750000
vt 0.2971191406250000 0.5593261718750000
f 893/2147/893 847/2148/847 894/2149/894
vt 0.7207031250000000 0.9748535156250000
vt 0.7236328125000000 0.9726562500000000
vt 0.7287597656250000 0.9821777343750000
f 903/2150/903 904/2151/904 905/2152/905
vt 0.7265625000000000 0.9714355468750000
f 905/2152/905 904/2151/904 906/2153/906
vt 0.7187500000000000 0.9777832031250000
f 903/2150/903 905/2152/905 907/2154/907
vt 0.7297363281250000 0.9711914062500000
f 905/2152/905 906/2153/906 908/2155/908
vt 0.7180175781250000 0.9812011718750000
f 907/2154/907 905/2152/905 909/2156/909
vt 0.7329101562500000 0.9719238281250000
f 905/2152/905 908/2155/908 910/2157/910
vt 0.7182617187500000 0.9846191406250000
f 909/2156/909 905/2152/905 911/2158/911
vt 0.7346191406250000 0.9729003906250000
f 905/2152/905 910/2157/910 912/2159/912
vt 0.7192382812500000 0.9877929687500000
f 911/2158/911 905/2152/905 913/2160/913
vt 0.7370605468750000 0.9750976562500000
f 905/2152/905 912/2159/912 914/2161/914
vt 0.7211914062500000 0.9902343750000000
f 913/2160/913 905/2152/905 915/2162/915
vt 0.7387695312500000 0.9777832031250000
f 905/2152/905 914/2161/914 916/2163/916
vt 0.7238769531250000 0.9921875000000000
f 915/2162/915 905/2152/905 917/2164/917
vt 0.7395019531250000 0.9812011718750000
f 905/2152/905 916/2163/916 918/2165/918
vt 0.7272949218750000 0.9931640625000000
f 917/2164/917 905/2152/905 919/2166/919
vt 0.7395019531250000 0.9836425781250000
f 905/2152/905 918/2165/918 920/2167/920
vt 0.7309570312500000 0.9931640625000000
f 919/2166/919 905/2152/905 921/2168/921
vt 0.7390136718750000 0.9860839843750000
f 905/2152/905 920/2167/920 922/2169/922
vt 0.7341308593750000 0.9916992187500000
f 921/2168/921 905/2152/905 923/2170/923
vt 0.7375488281250000 0.9890136718750000
f 905/2152/905 922/2169/922 924/2171/924
f 905/2152/905 924/2171/924 923/2170/923
vt 0.7895507812500000 0.1835937500000000
vt 0.7890625000000000 0.1872558593750000
vt 0.7851562500000000 0.1875000000000000
f 904/2172/904 903/2173/903 925/2174/925
vt 0.7856445312500000 0.1835937500000000
f 904/2172/904 925/2174/925 926/2175/926
vt 0.7895507812500000 0.1906738281250000
f 925/2174/925 903/2173/903 907/2176/907
vt 0.7856445312500000 0.1911621093750000
f 925/2174/925 907/2176/907 927/2177/927
vt 0.9196777343750000 0.9746093750000000
vt 0.9152832031250000 0.9750976562500000
vt 0.9196777343750000 0.9716796875000000
f 904/2178/904 926/2179/926 906/2180/906
vt 0.9155273437500000 0.9716796875000000
f 906/2180/906 926/2179/926 928/2181/928
vt 0.9196777343750000 0.9685058593750000
f 906/2180/906 928/2181/928 908/2182/908
vt 0.9155273437500000 0.9685058593750000
f 908/2182/908 928/2181/928 929/2183/929
vt 0.9196777343750000 0.9653320312500000
f 908/2182/908 929/2183/929 910/2184/910
vt 0.9152832031250000 0.9650878906250000
f 910/2184/910 929/2183/929 930/2185/930
vt 0.0117187500000000 0.9536132812500000
vt 0.0095214843750000 0.9570312500000000
vt 0.0095214843750000 0.9514160156250000
f 926/2186/926 925/2187/925 931/2188/931
vt 0.0144042968750000 0.9514160156250000
f 926/2186/926 931/2188/931 928/2189/928
vt 0.0068359375000000 0.9555664062500000
f 931/2188/931 925/2187/925 932/2190/932
vt 0.0131835937500000 0.9487304687500000
f 928/2189/928 931/2188/931 933/2191/933
vt 0.0085449218750000 0.9604492187500000
f 932/2190/932 925/2187/925 927/2192/927
vt 0.0175781250000000 0.9504394531250000
f 928/2189/928 933/2191/933 929/2193/929
vt 0.0056152343750000 0.9602050781250000
f 932/2190/932 927/2192/927 934/2194/934
vt 0.0170898437500000 0.9472656250000000
f 929/2193/929 933/2191/933 935/2195/935
vt 0.0056152343750000 0.9648437500000000
f 934/2194/934 927/2192/927 936/2196/936
vt 0.0209960937500000 0.9501953125000000
f 929/2193/929 935/2195/935 930/2197/930
vt 0.0087890625000000 0.9641113281250000
f 936/2196/936 927/2192/927 937/2198/937
vt 0.0212402343750000 0.9470214843750000
f 930/2197/930 935/2195/935 938/2199/938
vt 0.0100097656250000 0.9675292968750000
f 936/2196/936 937/2198/937 939/2200/939
vt 0.0231933593750000 0.9504394531250000
f 930/2197/930 938/2199/938 940/2201/940
vt 0.0070800781250000 0.9689941406250000
f 936/2196/936 939/2200/939 941/2202/941
vt 0.0239257812500000 0.9475097656250000
f 940/2201/940 938/2199/938 942/2203/942
vt 0.0119628906250000 0.9702148437500000
f 941/2202/941 939/2200/939 943/2204/943
vt 0.0263671875000000 0.9519042968750000
f 940/2201/940 942/2203/942 944/2205/944
vt 0.0097656250000000 0.9726562500000000
f 941/2202/941 943/2204/943 945/2206/945
vt 0.0278320312500000 0.9492187500000000
f 944/2205/944 942/2203/942 946/2207/946
vt 0.0136718750000000 0.9753417968750000
f 945/2206/945 943/2204/943 947/2208/947
vt 0.0288085937500000 0.9543457031250000
f 944/2205/944 946/2207/946 948/2209/948
vt 0.0151367187500000 0.9724121093750000
f 947/2208/947 943/2204/943 949/2210/949
vt 0.0310058593750000 0.9519042968750000
f 948/2209/948 946/2207/946 950/2211/950
vt 0.0175781250000000 0.9763183593750000
f 947/2208/947 949/2210/949 951/2212/951
vt 0.0336914062500000 0.9558105468750000
f 948/2209/948 950/2211/950 952/2213/952
vt 0.0183105468750000 0.9733886718750000
f 951/2212/951 949/2210/949 953/2214/953
vt 0.0307617187500000 0.9572753906250000
f 948/2209/948 952/2213/952 954/2215/954
vt 0.0222167968750000 0.9763183593750000
f 951/2212/951 953/2214/953 955/2216/955
vt 0.0346679687500000 0.9592285156250000
f 954/2215/954 952/2213/952 956/2217/956
vt 0.0217285156250000 0.9733886718750000
f 955/2216/955 953/2214/953 957/2218/957
vt 0.0314941406250000 0.9597167968750000
f 954/2215/954 956/2217/956 958/2219/958
vt 0.0268554687500000 0.9748535156250000
f 955/2216/955 957/2218/957 959/2220/959
vt 0.0317382812500000 0.9633789062500000
f 958/2219/958 956/2217/956 960/2221/960
vt 0.0253906250000000 0.9721679687500000
f 959/2220/959 957/2218/957 961/2222/961
vt 0.0346679687500000 0.9638671875000000
f 960/2221/960 956/2217/956 962/2223/962
vt 0.0307617187500000 0.9719238281250000
f 959/2220/959 961/2222/961 963/2224/963
vt 0.0336914062500000 0.9680175781250000
f 960/2221/960 962/2223/962 964/2225/964
vt 0.0285644531250000 0.9699707031250000
f 963/2224/963 961/2222/961 965/2226/965
vt 0.0307617187500000 0.9667968750000000
f 960/2221/960 964/2225/964 966/2227/966
f 966/2227/966 964/2225/964 963/2224/963
f 966/2227/966 963/2224/963 965/2226/965
vt 0.8156738281250000 0.0637207031250000
vt 0.8115234375000000 0.0634765625000000
vt 0.8115234375000000 0.0600585937500000
f 927/2228/927 907/2229/907 909/2230/909
vt 0.8156738281250000 0.0603027343750000
f 927/2228/927 909/2230/909 937/2231/937
vt 0.8115234375000000 0.0566406250000000
f 937/2231/937 909/2230/909 911/2232/911
vt 0.8156738281250000 0.0566406250000000
f 937/2231/937 911/2232/911 939/2233/939
vt 0.8115234375000000 0.0534667968750000
f 939/2233/939 911/2232/911 913/2234/913
vt 0.8156738281250000 0.0532226562500000
f 939/2233/939 913/2234/913 943/2235/943
vt 0.8115234375000000 0.0510253906250000
f 943/2235/943 913/2234/913 915/2236/915
vt 0.0673828125000000 0.3374023437500000
vt 0.0693359375000000 0.3337402343750000
vt 0.0693359375000000 0.3378906250000000
f 910/2237/910 930/2238/930 912/2239/912
vt 0.0439453125000000 0.0512695312500000
vt 0.0439453125000000 0.0468750000000000
vt 0.0456542968750000 0.0473632812500000
f 912/2240/912 930/2241/930 940/2242/940
vt 0.7778320312500000 0.0371093750000000
vt 0.7780761718750000 0.0344238281250000
vt 0.7822265625000000 0.0373535156250000
f 915/2243/915 917/2244/917 949/2245/949
vt 0.7824707031250000 0.0346679687500000
f 949/2245/949 917/2244/917 953/2246/953
vt 0.7783203125000000 0.0310058593750000
f 953/2246/953 917/2244/917 919/2247/919
vt 0.7824707031250000 0.0312500000000000
f 953/2246/953 919/2247/919 957/2248/957
vt 0.7780761718750000 0.0273437500000000
f 957/2248/957 919/2247/919 921/2249/921
vt 0.7824707031250000 0.0273437500000000
f 957/2248/957 921/2249/921 961/2250/961
vt 0.7778320312500000 0.0241699218750000
f 961/2250/961 921/2249/921 923/2251/923
vt 0.7822265625000000 0.0236816406250000
f 961/2250/961 923/2251/923 965/2252/965
vt 0.6142578125000000 0.3383789062500000
vt 0.6176757812500000 0.3383789062500000
vt 0.6176757812500000 0.3420410156250000
f 915/2253/915 949/2254/949 943/2255/943
vt 0.0690917968750000 0.9868164062500000
vt 0.0693359375000000 0.9899902343750000
vt 0.0651855468750000 0.9902343750000000
f 914/2256/914 912/2257/912 940/2258/940
vt 0.0649414062500000 0.9868164062500000
f 914/2256/914 940/2258/940 944/2259/944
vt 0.0693359375000000 0.9836425781250000
f 914/2256/914 944/2259/944 916/2260/916
vt 0.0651855468750000 0.9833984375000000
f 916/2260/916 944/2259/944 948/2261/948
vt 0.5554199218750000 0.9799804687500000
vt 0.5554199218750000 0.9831542968750000
vt 0.5510253906250000 0.9833984375000000
f 918/2262/918 916/2263/916 948/2264/948
vt 0.5512695312500000 0.9799804687500000
f 918/2262/918 948/2264/948 954/2265/954
vt 0.5512695312500000 0.9772949218750000
f 918/2262/918 954/2265/954 958/2266/958
vt 0.5554199218750000 0.9772949218750000
f 918/2262/918 958/2266/958 920/2267/920
vt 0.5510253906250000 0.9736328125000000
f 920/2267/920 958/2266/958 960/2268/960
vt 0.5554199218750000 0.9748535156250000
f 920/2267/920 960/2268/960 922/2269/922
vt 0.5302734375000000 0.9562988281250000
vt 0.5344238281250000 0.9567871093750000
vt 0.5307617187500000 0.9594726562500000
f 922/2270/922 960/2271/960 924/2272/924
vt 0.5346679687500000 0.9604492187500000
f 924/2272/924 960/2271/960 966/2273/966
vt 0.5302734375000000 0.9636230468750000
f 924/2272/924 966/2273/966 923/2274/923
vt 0.5341796875000000 0.9638671875000000
f 923/2274/923 966/2273/966 965/2275/965
vt 0.9809570312500000 0.0944824218750000
vt 0.9882812500000000 0.0861816406250000
vt 0.9904785156250000 0.0891113281250000
f 967/2276/967 968/2277/968 969/2278/969
vt 0.9853515625000000 0.0844726562500000
f 968/2277/968 967/2276/967 970/2279/970
vt 0.9916992187500000 0.0922851562500000
f 967/2276/967 969/2278/969 971/2280/971
vt 0.9824218750000000 0.0834960937500000
f 970/2279/970 967/2276/967 972/2281/972
vt 0.9916992187500000 0.0959472656250000
f 967/2276/967 971/2280/971 973/2282/973
vt 0.9792480468750000 0.0834960937500000
f 972/2281/972 967/2276/967 974/2283/974
vt 0.9907226562500000 0.0991210937500000
f 967/2276/967 973/2282/973 975/2284/975
vt 0.9772949218750000 0.0839843750000000
f 974/2283/974 967/2276/967 976/2285/976
vt 0.9887695312500000 0.1020507812500000
f 967/2276/967 975/2284/975 977/2286/977
vt 0.9743652343750000 0.0854492187500000
f 976/2285/976 967/2276/967 978/2287/978
vt 0.9863281250000000 0.1040039062500000
f 967/2276/967 977/2286/977 979/2288/979
vt 0.9721679687500000 0.0878906250000000
f 978/2287/978 967/2276/967 980/2289/980
vt 0.9833984375000000 0.1049804687500000
f 967/2276/967 979/2288/979 981/2290/981
vt 0.9707031250000000 0.0908203125000000
f 980/2289/980 967/2276/967 982/2291/982
vt 0.9799804687500000 0.1052246093750000
f 967/2276/967 981/2290/981 983/2292/983
vt 0.9699707031250000 0.0932617187500000
f 982/2291/982 967/2276/967 984/2293/984
vt 0.9763183593750000 0.1044921875000000
f 967/2276/967 983/2292/983 985/2294/985
vt 0.9699707031250000 0.0966796875000000
f 984/2293/984 967/2276/967 986/2295/986
vt 0.9733886718750000 0.1022949218750000
f 967/2276/967 985/2294/985 987/2296/987
vt 0.9714355468750000 0.0996093750000000
f 986/2295/986 967/2276/967 988/2297/988
f 988/2297/988 967/2276/967 987/2296/987
vt 0.8117675781250000 0.1789550781250000
vt 0.8115234375000000 0.1752929687500000
vt 0.8154296875000000 0.1752929687500000
f 969/2298/969 968/2299/968 989/2300/989
vt 0.8156738281250000 0.1791992187500000
f 969/2298/969 989/2300/989 990/2301/990
vt 0.8154296875000000 0.1828613281250000
f 969/2298/969 990/2301/990 991/2302/991
vt 0.8115234375000000 0.1823730468750000
f 969/2298/969 991/2302/991 971/2303/971
vt 0.8349609375000000 0.5925292968750000
vt 0.8349609375000000 0.5893554687500000
vt 0.8393554687500000 0.5895996093750000
f 968/2304/968 970/2305/970 992/2306/992
vt 0.8393554687500000 0.5927734375000000
f 968/2304/968 992/2306/992 989/2307/989
vt 0.8393554687500000 0.5861816406250000
f 992/2306/992 970/2305/970 993/2308/993
vt 0.8349609375000000 0.5861816406250000
f 993/2308/993 970/2305/970 972/2309/972
vt 0.8393554687500000 0.5830078125000000
f 993/2308/993 972/2309/972 994/2310/994
vt 0.8349609375000000 0.5832519531250000
f 994/2310/994 972/2309/972 974/2311/974
vt 0.8393554687500000 0.5810546875000000
f 994/2310/994 974/2311/974 995/2312/995
vt 0.2043457031250000 0.9499511718750000
vt 0.2011718750000000 0.9489746093750000
vt 0.2058105468750000 0.9472656250000000
f 992/2313/992 993/2314/993 996/2315/996
vt 0.2016601562500000 0.9460449218750000
f 996/2315/996 993/2314/993 997/2316/997
vt 0.2092285156250000 0.9501953125000000
f 992/2313/992 996/2315/996 998/2317/998
vt 0.1977539062500000 0.9489746093750000
f 997/2316/997 993/2314/993 994/2318/994
vt 0.2070312500000000 0.9523925781250000
f 992/2313/992 998/2317/998 989/2319/989
vt 0.1975097656250000 0.9458007812500000
f 997/2316/997 994/2318/994 999/2320/999
vt 0.2092285156250000 0.9555664062500000
f 989/2319/989 998/2317/998 990/2321/990
vt 0.1958007812500000 0.9489746093750000
f 999/2320/999 994/2318/994 995/2322/995
vt 0.2121582031250000 0.9541015625000000
f 990/2321/990 998/2317/998 1000/2323/1000
vt 0.1950683593750000 0.9462890625000000
f 999/2320/999 995/2322/995 1001/2324/1001
vt 0.2102050781250000 0.9589843750000000
f 990/2321/990 1000/2323/1000 991/2325/991
vt 0.1923828125000000 0.9504394531250000
f 1001/2324/1001 995/2322/995 1002/2326/1002
vt 0.2133789062500000 0.9587402343750000
f 991/2325/991 1000/2323/1000 1003/2327/1003
vt 0.1909179687500000 0.9477539062500000
f 1001/2324/1001 1002/2326/1002 1004/2328/1004
vt 0.2131347656250000 0.9633789062500000
f 991/2325/991 1003/2327/1003 1005/2329/1005
vt 0.1899414062500000 0.9528808593750000
f 1004/2328/1004 1002/2326/1002 1006/2330/1006
vt 0.2102050781250000 0.9626464843750000
f 991/2325/991 1005/2329/1005 1007/2331/1007
vt 0.1877441406250000 0.9506835937500000
f 1004/2328/1004 1006/2330/1006 1008/2332/1008
vt 0.2087402343750000 0.9660644531250000
f 1007/2331/1007 1005/2329/1005 1009/2333/1009
vt 0.1850585937500000 0.9545898437500000
f 1008/2332/1008 1006/2330/1006 1010/2334/1010
vt 0.2116699218750000 0.9675292968750000
f 1009/2333/1009 1005/2329/1005 1011/2335/1011
vt 0.1879882812500000 0.9560546875000000
f 1010/2334/1010 1006/2330/1006 1012/2336/1012
vt 0.2067871093750000 0.9689941406250000
f 1009/2333/1009 1011/2335/1011 1013/2337/1013
vt 0.1840820312500000 0.9577636718750000
f 1010/2334/1010 1012/2336/1012 1014/2338/1014
vt 0.2089843750000000 0.9711914062500000
f 1013/2337/1013 1011/2335/1011 1015/2339/1015
vt 0.1872558593750000 0.9582519531250000
f 1014/2338/1014 1012/2336/1012 1016/2340/1016
vt 0.2050781250000000 0.9738769531250000
f 1013/2337/1013 1015/2339/1015 1017/2341/1017
vt 0.1870117187500000 0.9621582031250000
f 1014/2338/1014 1016/2340/1016 1018/2342/1018
vt 0.2036132812500000 0.9709472656250000
f 1013/2337/1013 1017/2341/1017 1019/2343/1019
vt 0.1840820312500000 0.9624023437500000
f 1014/2338/1014 1018/2342/1018 1020/2344/1020
vt 0.2011718750000000 0.9750976562500000
f 1019/2343/1019 1017/2341/1017 1021/2345/1021
vt 0.1850585937500000 0.9667968750000000
f 1020/2344/1020 1018/2342/1018 1022/2346/1022
vt 0.2006835937500000 0.9721679687500000
f 1019/2343/1019 1021/2345/1021 1023/2347/1023
vt 0.1879882812500000 0.9655761718750000
f 1022/2346/1022 1018/2342/1018 1024/2348/1024
vt 0.1965332031250000 0.9750976562500000
f 1023/2347/1023 1021/2345/1021 1025/2349/1025
vt 0.1879882812500000 0.9707031250000000
f 1022/2346/1022 1024/2348/1024 1026/2350/1026
vt 0.1970214843750000 0.9719238281250000
f 1023/2347/1023 1025/2349/1025 1027/2351/1027
vt 0.1901855468750000 0.9685058593750000
f 1026/2350/1026 1024/2348/1024 1028/2352/1028
vt 0.1918945312500000 0.9733886718750000
f 1027/2351/1027 1025/2349/1025 1029/2353/1029
vt 0.1933593750000000 0.9709472656250000
f 1026/2350/1026 1028/2352/1028 1030/2354/1030
f 1027/2351/1027 1029/2353/1029 1030/2354/1030
f 1030/2354/1030 1029/2353/1029 1026/2350/1026
vt 0.9030761718750000 0.3508300781250000
vt 0.9030761718750000 0.3542480468750000
vt 0.8986816406250000 0.3510742187500000
f 973/2355/973 971/2356/971 1007/2357/1007
vt 0.8986816406250000 0.3544921875000000
f 1007/2357/1007 971/2356/971 991/2358/991
vt 0.8986816406250000 0.3474121093750000
f 973/2355/973 1007/2357/1007 1009/2359/1009
vt 0.9030761718750000 0.3476562500000000
f 973/2355/973 1009/2359/1009 975/2360/975
vt 0.8986816406250000 0.3442382812500000
f 975/2360/975 1009/2359/1009 1013/2361/1013
vt 0.9030761718750000 0.3442382812500000
f 975/2360/975 1013/2361/1013 977/2362/977
vt 0.0205078125000000 0.0124511718750000
vt 0.0207519531250000 0.0107421875000000
vt 0.0249023437500000 0.0107421875000000
f 974/2363/974 976/2364/976 995/2365/995
vt 0.0249023437500000 0.0070800781250000
f 995/2365/995 976/2364/976 1002/2366/1002
vt 0.0207519531250000 0.0073242187500000
f 1002/2366/1002 976/2364/976 978/2367/978
vt 0.0244140625000000 0.0036621093750000
f 1002/2366/1002 978/2367/978 1006/2368/1006
vt 0.0205078125000000 0.0041503906250000
f 1006/2368/1006 978/2367/978 980/2369/980
vt 0.1757812500000000 0.9846191406250000
vt 0.1757812500000000 0.9812011718750000
vt 0.1799316406250000 0.9812011718750000
f 980/2370/980 982/2371/982 1012/2372/1012
vt 0.1799316406250000 0.9848632812500000
f 980/2370/980 1012/2372/1012 1006/2373/1006
vt 0.1799316406250000 0.9787597656250000
f 1012/2372/1012 982/2371/982 1016/2374/1016
vt 0.1757812500000000 0.9787597656250000
f 1016/2374/1016 982/2371/982 984/2375/984
vt 0.1799316406250000 0.9750976562500000
f 1016/2374/1016 984/2375/984 1018/2376/1018
vt 0.1757812500000000 0.9755859375000000
f 1018/2376/1018 984/2375/984 986/2377/986
vt 0.1994628906250000 0.9616699218750000
vt 0.1994628906250000 0.9648437500000000
vt 0.1953125000000000 0.9619140625000000
f 983/2378/983 981/2379/981 1027/2380/1027
vt 0.1953125000000000 0.9653320312500000
f 1027/2380/1027 981/2379/981 1023/2381/1023
vt 0.1953125000000000 0.9580078125000000
f 983/2378/983 1027/2380/1027 1030/2382/1030
vt 0.1994628906250000 0.9580078125000000
f 983/2378/983 1030/2382/1030 985/2383/985
vt 0.2824707031250000 0.9833984375000000
vt 0.2866210937500000 0.9833984375000000
vt 0.2863769531250000 0.9865722656250000
f 1023/2384/1023 981/2385/981 979/2386/979
vt 0.2824707031250000 0.9865722656250000
f 1023/2384/1023 979/2386/979 1019/2387/1019
vt 0.2866210937500000 0.9897460937500000
f 1019/2387/1019 979/2386/979 977/2388/977
vt 0.2827148437500000 0.9902343750000000
f 1019/2387/1019 977/2388/977 1013/2389/1013
vt 0.8544921875000000 0.2177734375000000
vt 0.8586425781250000 0.2182617187500000
vt 0.8540039062500000 0.2211914062500000
f 1018/2390/1018 986/2391/986 1024/2392/1024
vt 0.8583984375000000 0.2214355468750000
f 1024/2392/1024 986/2391/986 988/2393/988
vt 0.8583984375000000 0.2248535156250000
f 1024/2392/1024 988/2393/988 987/2394/987
vt 0.8540039062500000 0.2248535156250000
f 1024/2392/1024 987/2394/987 1028/2395/1028
vt 0.8586425781250000 0.2280273437500000
f 1028/2395/1028 987/2394/987 985/2396/985
vt 0.8544921875000000 0.2285156250000000
f 1028/2395/1028 985/2396/985 1030/2397/1030
vt 0.9348144531250000 0.3630371093750000
vt 0.9348144531250000 0.4306640625000000
vt 0.9304199218750000 0.4306640625000000
f 1003/2398/1003 934/2399/934 936/2400/936
vt 0.9304199218750000 0.3630371093750000
f 1003/2398/1003 936/2400/936 1005/2401/1005
vt 0.9260253906250000 0.3630371093750000
f 1005/2401/1005 936/2400/936 1011/2402/1011
vt 0.9260253906250000 0.4306640625000000
f 1011/2402/1011 936/2400/936 941/2403/941
vt 0.9218750000000000 0.3630371093750000
f 1011/2402/1011 941/2403/941 1015/2404/1015
vt 0.9218750000000000 0.4306640625000000
f 1015/2404/1015 941/2403/941 945/2405/945
vt 0.4890136718750000 0.9357910156250000
vt 0.4890136718750000 0.8718261718750000
vt 0.4936523437500000 0.9362792968750000
f 934/2406/934 1003/2407/1003 932/2408/932
vt 0.4936523437500000 0.8723144531250000
f 932/2408/932 1003/2407/1003 1000/2409/1000
vt 0.4985351562500000 0.9360351562500000
f 932/2408/932 1000/2409/1000 931/2410/931
vt 0.4985351562500000 0.8720703125000000
f 931/2410/931 1000/2409/1000 998/2411/998
vt 0.9270019531250000 0.5576171875000000
vt 0.9270019531250000 0.6242675781250000
vt 0.9228515625000000 0.6245117187500000
f 996/2412/996 933/2413/933 931/2414/931
vt 0.9228515625000000 0.5578613281250000
f 996/2412/996 931/2414/931 998/2415/998
vt 0.9311523437500000 0.5576171875000000
f 933/2413/933 996/2412/996 997/2416/997
vt 0.9311523437500000 0.6242675781250000
f 933/2413/933 997/2416/997 935/2417/935
vt 0.9353027343750000 0.5578613281250000
f 935/2417/935 997/2416/997 999/2418/999
vt 0.9353027343750000 0.6245117187500000
f 935/2417/935 999/2418/999 938/2419/938
vt 0.9377441406250000 0.5581054687500000
f 938/2419/938 999/2418/999 1001/2420/1001
vt 0.9377441406250000 0.6247558593750000
f 938/2419/938 1001/2420/1001 942/2421/942
vt 0.0275878906250000 0.9357910156250000
vt 0.0275878906250000 0.8764648437500000
vt 0.0317382812500000 0.8767089843750000
f 1004/2422/1004 946/2423/946 942/2424/942
vt 0.0317382812500000 0.9360351562500000
f 1004/2422/1004 942/2424/942 1001/2425/1001
vt 0.0234375000000000 0.9362792968750000
f 946/2423/946 1004/2422/1004 1008/2426/1008
vt 0.0234375000000000 0.8769531250000000
f 946/2423/946 1008/2426/1008 950/2427/950
vt 0.9172363281250000 0.9001464843750000
vt 0.9172363281250000 0.8325195312500000
vt 0.9218750000000000 0.8325195312500000
f 950/2428/950 1008/2429/1008 1010/2430/1010
vt 0.9218750000000000 0.9001464843750000
f 950/2428/950 1010/2430/1010 952/2431/952
vt 0.9252929687500000 0.8325195312500000
f 952/2431/952 1010/2430/1010 1014/2432/1014
vt 0.9252929687500000 0.9001464843750000
f 952/2431/952 1014/2432/1014 956/2433/956
vt 0.9296875000000000 0.8325195312500000
f 956/2433/956 1014/2432/1014 1020/2434/1020
vt 0.9296875000000000 0.9001464843750000
f 956/2433/956 1020/2434/1020 962/2435/962
vt 0.9335937500000000 0.8325195312500000
f 962/2435/962 1020/2434/1020 1022/2436/1022
vt 0.9335937500000000 0.9001464843750000
f 962/2435/962 1022/2436/1022 964/2437/964
vt 0.4362792968750000 0.9404296875000000
vt 0.4316406250000000 0.9404296875000000
vt 0.4316406250000000 0.8815917968750000
f 945/2438/945 947/2439/947 1017/2440/1017
vt 0.4362792968750000 0.8815917968750000
f 945/2438/945 1017/2440/1017 1015/2441/1015
vt 0.4277343750000000 0.8811035156250000
f 1017/2440/1017 947/2439/947 1021/2442/1021
vt 0.4277343750000000 0.9396972656250000
f 1021/2442/1021 947/2439/947 951/2443/951
vt 0.6262207031250000 0.9279785156250000
vt 0.6262207031250000 0.8601074218750000
vt 0.6306152343750000 0.9279785156250000
f 1021/2444/1021 951/2445/951 1025/2446/1025
vt 0.6306152343750000 0.8601074218750000
f 1025/2446/1025 951/2445/951 955/2447/955
vt 0.6354980468750000 0.9279785156250000
f 1025/2446/1025 955/2447/955 1029/2448/1029
vt 0.6354980468750000 0.8601074218750000
f 1029/2448/1029 955/2447/955 959/2449/959
vt 0.6401367187500000 0.8601074218750000
f 1029/2448/1029 959/2449/959 963/2450/963
vt 0.6401367187500000 0.9279785156250000
f 1029/2448/1029 963/2450/963 1026/2451/1026
vt 0.6440429687500000 0.9279785156250000
f 1026/2451/1026 963/2450/963 1022/2452/1022
vt 0.6440429687500000 0.8603515625000000
f 1022/2452/1022 963/2450/963 964/2453/964
vt 0.6499023437500000 0.4636230468750000
vt 0.6474609375000000 0.4667968750000000
vt 0.6474609375000000 0.4594726562500000
f 1031/2454/1031 1032/2455/1032 1033/2456/1033
vt 0.6508789062500000 0.4599609375000000
f 1031/2454/1031 1033/2456/1033 1034/2457/1034
vt 0.6508789062500000 0.4558105468750000
f 1034/2457/1034 1033/2456/1033 1035/2458/1035
vt 0.6479492187500000 0.4519042968750000
f 1035/2458/1035 1033/2456/1033 1036/2459/1036
vt 0.4689941406250000 0.9736328125000000
vt 0.4616699218750000 0.9748535156250000
vt 0.4694824218750000 0.9699707031250000
f 1036/2460/1036 1033/2461/1033 1037/2462/1037
vt 0.4609375000000000 0.9694824218750000
f 1037/2462/1037 1033/2461/1033 1038/2463/1038
vt 0.4660644531250000 0.9636230468750000
f 1037/2462/1037 1038/2463/1038 1039/2464/1039
vt 0.4526367187500000 0.9689941406250000
f 1038/2463/1038 1033/2461/1033 1040/2465/1040
vt 0.4543457031250000 0.9750976562500000
f 1040/2465/1040 1033/2461/1033 1032/2466/1032
vt 0.4599609375000000 0.9633789062500000
f 1039/2464/1039 1038/2463/1038 1041/2467/1041
f 1041/2467/1041 1038/2463/1038 1040/2465/1040
vt 0.4694824218750000 0.9550781250000000
f 1039/2464/1039 1041/2467/1041 1042/2468/1042
vt 0.4538574218750000 0.9631347656250000
f 1041/2467/1041 1040/2465/1040 1043/2469/1043
vt 0.4611816406250000 0.9541015625000000
f 1042/2468/1042 1041/2467/1041 1044/2470/1044
f 1044/2470/1044 1041/2467/1041 1043/2469/1043
vt 0.4528808593750000 0.9536132812500000
f 1044/2470/1044 1043/2469/1043 1045/2471/1045
vt 0.4609375000000000 0.9484863281250000
f 1044/2470/1044 1045/2471/1045 1046/2472/1046
vt 0.5661621093750000 0.9748535156250000
vt 0.5612792968750000 0.9716796875000000
vt 0.5766601562500000 0.9516601562500000
f 1040/2473/1040 1032/2474/1032 1047/2475/1047
vt 0.5786132812500000 0.9523925781250000
f 1040/2473/1040 1047/2475/1047 1048/2476/1048
vt 0.5778808593750000 0.9501953125000000
f 1048/2476/1048 1047/2475/1047 1049/2477/1049
vt 0.5808105468750000 0.9494628906250000
f 1048/2476/1048 1049/2477/1049 1050/2478/1050
vt 0.5817871093750000 0.9528808593750000
f 1040/2473/1040 1048/2476/1048 1051/2479/1051
f 1051/2479/1051 1048/2476/1048 1050/2478/1050
vt 0.5720214843750000 0.9760742187500000
f 1040/2473/1040 1051/2479/1051 1043/2480/1043
vt 0.5842285156250000 0.9531250000000000
f 1051/2479/1051 1050/2478/1050 1052/2481/1052
f 1051/2479/1051 1052/2481/1052 1043/2480/1043
vt 0.5839843750000000 0.9484863281250000
f 1052/2481/1052 1050/2478/1050 1053/2482/1053
vt 0.5815429687500000 0.9763183593750000
f 1043/2480/1043 1052/2481/1052 1045/2483/1045
vt 0.5871582031250000 0.9526367187500000
f 1052/2481/1052 1053/2482/1053 1054/2484/1054
f 1052/2481/1052 1054/2484/1054 1045/2483/1045
vt 0.5866699218750000 0.9477539062500000
f 1054/2484/1054 1053/2482/1053 1055/2485/1055
vt 0.5871582031250000 0.9760742187500000
f 1045/2483/1045 1054/2484/1054 1056/2486/1056
vt 0.0434570312500000 0.1909179687500000
vt 0.0449218750000000 0.1850585937500000
vt 0.0471191406250000 0.1857910156250000
f 1056/2487/1056 1057/2488/1057 1046/2489/1046
vt 0.0471191406250000 0.1953125000000000
f 1056/2487/1056 1046/2489/1046 1045/2490/1045
vt 0.9667968750000000 0.0817871093750000
vt 0.9606933593750000 0.0817871093750000
vt 0.9648437500000000 0.0595703125000000
f 1057/2491/1057 1056/2492/1056 1058/2493/1058
vt 0.9616699218750000 0.0593261718750000
f 1058/2493/1058 1056/2492/1056 1054/2494/1054
vt 0.9641113281250000 0.0539550781250000
f 1058/2493/1058 1054/2494/1054 1059/2495/1059
vt 0.9619140625000000 0.0544433593750000
f 1059/2495/1059 1054/2494/1054 1055/2496/1055
vt 0.4707031250000000 0.9860839843750000
vt 0.4685058593750000 0.9860839843750000
vt 0.4704589843750000 0.9797363281250000
f 1046/2497/1046 1057/2498/1057 1060/2499/1060
vt 0.4765625000000000 0.9853515625000000
f 1046/2497/1046 1060/2499/1060 1044/2500/1044
vt 0.4765625000000000 0.9770507812500000
f 1044/2500/1044 1060/2499/1060 1042/2501/1042
vt 0.9694824218750000 0.1315917968750000
vt 0.9624023437500000 0.1315917968750000
vt 0.9670410156250000 0.1091308593750000
f 1060/2502/1060 1057/2503/1057 1061/2504/1061
vt 0.9636230468750000 0.1093750000000000
f 1061/2504/1061 1057/2503/1057 1058/2505/1058
vt 0.9643554687500000 0.1049804687500000
f 1061/2504/1061 1058/2505/1058 1059/2506/1059
vt 0.6875000000000000 0.8325195312500000
vt 0.6899414062500000 0.8293457031250000
vt 0.6911621093750000 0.8342285156250000
f 1062/2507/1062 1063/2508/1063 1064/2509/1064
vt 0.6855468750000000 0.8359375000000000
f 1062/2507/1062 1064/2509/1064 1065/2510/1065
vt 0.6884765625000000 0.8383789062500000
f 1065/2510/1065 1064/2509/1064 1066/2511/1066
vt 0.6911621093750000 0.8408203125000000
f 1066/2511/1066 1064/2509/1064 1067/2512/1067
vt 0.0952148437500000 0.7116699218750000
vt 0.0910644531250000 0.7119140625000000
vt 0.0910644531250000 0.7075195312500000
f 1063/2513/1063 1062/2514/1062 1068/2515/1068
vt 0.0949707031250000 0.7080078125000000
f 1063/2513/1063 1068/2515/1068 1069/2516/1069
vt 0.0874023437500000 0.7070312500000000
vt 0.0878906250000000 0.7031250000000000
f 1070/2517/1070 1071/2518/1071 1068/2515/1068
vt 0.0913085937500000 0.7033691406250000
f 1068/2515/1068 1071/2518/1071 1072/2519/1072
f 1068/2515/1068 1072/2519/1072 1069/2516/1069
vt 0.0881347656250000 0.6994628906250000
f 1072/2519/1072 1071/2518/1071 1073/2520/1073
vt 0.0957031250000000 0.7045898437500000
f 1069/2516/1069 1072/2519/1072 1074/2521/1074
vt 0.0966796875000000 0.7021484375000000
f 1074/2521/1074 1072/2519/1072 1075/2522/1075
vt 0.0920410156250000 0.6994628906250000
f 1075/2522/1075 1072/2519/1072 1076/2523/1076
vt 0.0979003906250000 0.7050781250000000
f 1074/2521/1074 1075/2522/1075 1077/2524/1077
f 1074/2521/1074 1077/2524/1077 1069/2516/1069
vt 0.0983886718750000 0.7080078125000000
f 1069/2516/1069 1077/2524/1077 1078/2525/1078
vt 0.5705566406250000 0.8312988281250000
vt 0.5678710937500000 0.8352050781250000
vt 0.5678710937500000 0.8293457031250000
f 1068/2526/1068 1062/2527/1062 1070/2528/1070
vt 0.7895507812500000 0.9128417968750000
vt 0.7895507812500000 0.9067382812500000
vt 0.7922363281250000 0.9096679687500000
f 1070/2529/1070 1062/2530/1062 1065/2531/1065
vt 0.6647949218750000 0.8330078125000000
vt 0.6647949218750000 0.8374023437500000
vt 0.6618652343750000 0.8356933593750000
f 1070/2532/1070 1065/2533/1065 1079/2534/1079
vt 0.6616210937500000 0.8374023437500000
f 1079/2534/1079 1065/2533/1065 1080/2535/1080
vt 0.6630859375000000 0.8408203125000000
f 1080/2535/1080 1065/2533/1065 1066/2536/1066
vt 0.6604003906250000 0.8383789062500000
f 1080/2535/1080 1066/2536/1066 1049/2537/1049
vt 0.6616210937500000 0.8337402343750000
f 1070/2532/1070 1079/2534/1079 1081/2538/1081
vt 0.6604003906250000 0.8320312500000000
f 1070/2532/1070 1081/2538/1081 1082/2539/1082
vt 0.6635742187500000 0.8293457031250000
f 1070/2532/1070 1082/2539/1082 1071/2540/1071
vt 0.1843261718750000 0.1330566406250000
vt 0.1818847656250000 0.1386718750000000
vt 0.1789550781250000 0.1352539062500000
f 1067/2541/1067 1064/2542/1064 1083/2543/1083
vt 0.1818847656250000 0.1291503906250000
f 1067/2541/1067 1083/2543/1083 1084/2544/1084
vt 0.1799316406250000 0.1423339843750000
vt 0.1765136718750000 0.1425781250000000
f 1063/2545/1063 1085/2546/1085 1064/2542/1064
f 1064/2542/1064 1085/2546/1085 1083/2543/1083
vt 0.1728515625000000 0.1416015625000000
f 1083/2543/1083 1085/2546/1085 1086/2547/1086
vt 0.1745605468750000 0.1330566406250000
f 1083/2543/1083 1086/2547/1086 1087/2548/1087
vt 0.1696777343750000 0.1394042968750000
f 1087/2548/1087 1086/2547/1086 1088/2549/1088
vt 0.1760253906250000 0.1276855468750000
f 1084/2544/1084 1083/2543/1083 1089/2550/1089
f 1089/2550/1089 1083/2543/1083 1087/2548/1087
vt 0.1782226562500000 0.1225585937500000
vt 0.1811523437500000 0.1230468750000000
f 1090/2551/1090 1091/2552/1091 1084/2544/1084
f 1090/2551/1090 1084/2544/1084 1089/2550/1089
vt 0.1726074218750000 0.1225585937500000
f 1090/2551/1090 1089/2550/1089 1092/2553/1092
vt 0.1728515625000000 0.1318359375000000
f 1087/2548/1087 1088/2549/1088 1093/2554/1093
f 1087/2548/1087 1093/2554/1093 1089/2550/1089
vt 0.1667480468750000 0.1369628906250000
f 1093/2554/1093 1088/2549/1088 1094/2555/1094
vt 0.1721191406250000 0.1267089843750000
f 1092/2553/1092 1089/2550/1089 1095/2556/1095
f 1095/2556/1095 1089/2550/1089 1093/2554/1093
vt 0.1699218750000000 0.1230468750000000
f 1092/2553/1092 1095/2556/1095 1096/2557/1096
vt 0.1701660156250000 0.1262207031250000
f 1096/2557/1096 1095/2556/1095 1097/2558/1097
vt 0.1701660156250000 0.1306152343750000
f 1095/2556/1095 1093/2554/1093 1098/2559/1098
f 1098/2559/1098 1093/2554/1093 1094/2555/1094
f 1095/2556/1095 1098/2559/1098 1097/2558/1097
vt 0.1657714843750000 0.1354980468750000
f 1098/2559/1098 1094/2555/1094 1099/2560/1099
vt 0.1682128906250000 0.1298828125000000
f 1097/2558/1097 1098/2559/1098 1100/2561/1100
f 1100/2561/1100 1098/2559/1098 1099/2560/1099
vt 0.1684570312500000 0.1254882812500000
f 1097/2558/1097 1100/2561/1100 1101/2562/1101
vt 0.1650390625000000 0.1335449218750000
f 1100/2561/1100 1099/2560/1099 1102/2563/1102
vt 0.1665039062500000 0.1286621093750000
f 1101/2562/1101 1100/2561/1100 1103/2564/1103
f 1103/2564/1103 1100/2561/1100 1102/2563/1102
vt 0.1647949218750000 0.1318359375000000
f 1103/2564/1103 1102/2563/1102 1104/2565/1104
vt 0.1647949218750000 0.1279296875000000
f 1103/2564/1103 1104/2565/1104 1105/2566/1105
vt 0.5859375000000000 0.5712890625000000
vt 0.5817871093750000 0.5720214843750000
vt 0.5817871093750000 0.5686035156250000
f 1063/2567/1063 1069/2568/1069 1078/2569/1078
vt 0.5849609375000000 0.5678710937500000
f 1063/2567/1063 1078/2569/1078 1085/2570/1085
vt 0.5820312500000000 0.5642089843750000
f 1085/2570/1085 1078/2569/1078 1106/2571/1106
vt 0.5837402343750000 0.5642089843750000
f 1085/2570/1085 1106/2571/1106 1086/2572/1086
vt 0.5793457031250000 0.5639648437500000
f 1106/2571/1106 1078/2569/1078 1107/2573/1107
vt 0.5793457031250000 0.5683593750000000
f 1107/2573/1107 1078/2569/1078 1077/2574/1077
vt 0.5820312500000000 0.5600585937500000
f 1086/2572/1086 1106/2571/1106 1108/2575/1108
vt 0.5842285156250000 0.5605468750000000
f 1086/2572/1086 1108/2575/1108 1088/2576/1088
vt 0.5832519531250000 0.5563964843750000
f 1088/2576/1088 1108/2575/1108 1109/2577/1109
vt 0.5849609375000000 0.5571289062500000
f 1088/2576/1088 1109/2577/1109 1094/2578/1094
vt 0.5859375000000000 0.5554199218750000
f 1094/2578/1094 1109/2577/1109 1099/2579/1099
vt 0.2463378906250000 0.1374511718750000
vt 0.2463378906250000 0.1413574218750000
vt 0.2421875000000000 0.1374511718750000
f 1107/2580/1107 1077/2581/1077 1110/2582/1110
vt 0.2429199218750000 0.1408691406250000
f 1110/2582/1110 1077/2581/1077 1075/2583/1075
vt 0.2416992187500000 0.1340332031250000
f 1107/2580/1107 1110/2582/1110 1111/2584/1111
vt 0.2460937500000000 0.1337890625000000
f 1107/2580/1107 1111/2584/1111 1112/2585/1112
vt 0.2492675781250000 0.1372070312500000
f 1107/2580/1107 1112/2585/1112 1106/2586/1106
vt 0.2419433593750000 0.1298828125000000
f 1112/2585/1112 1111/2584/1111 1113/2587/1113
vt 0.2485351562500000 0.1335449218750000
f 1106/2586/1106 1112/2585/1112 1108/2588/1108
vt 0.2458496093750000 0.1298828125000000
f 1112/2585/1112 1113/2587/1113 1114/2589/1114
f 1112/2585/1112 1114/2589/1114 1108/2588/1108
vt 0.2424316406250000 0.1269531250000000
f 1114/2589/1114 1113/2587/1113 1115/2590/1115
vt 0.2482910156250000 0.1293945312500000
f 1108/2588/1108 1114/2589/1114 1109/2591/1109
vt 0.2458496093750000 0.1271972656250000
f 1109/2591/1109 1114/2589/1114 1116/2592/1116
f 1116/2592/1116 1114/2589/1114 1115/2590/1115
vt 0.2492675781250000 0.1271972656250000
f 1109/2591/1109 1116/2592/1116 1099/2593/1099
vt 0.2490234375000000 0.1250000000000000
f 1099/2593/1099 1116/2592/1116 1102/2594/1102
vt 0.2458496093750000 0.1245117187500000
f 1116/2592/1116 1115/2590/1115 1117/2595/1117
f 1116/2592/1116 1117/2595/1117 1102/2594/1102
vt 0.2431640625000000 0.1242675781250000
f 1117/2595/1117 1115/2590/1115 1118/2596/1118
vt 0.2473144531250000 0.1225585937500000
f 1102/2594/1102 1117/2595/1117 1119/2597/1119
vt 0.0529785156250000 0.0249023437500000
vt 0.0510253906250000 0.0205078125000000
vt 0.0561523437500000 0.0195312500000000
f 1067/2598/1067 1084/2599/1084 1053/2600/1053
vt 0.0544433593750000 0.0144042968750000
f 1053/2600/1053 1084/2599/1084 1091/2601/1091
vt 0.0571289062500000 0.0229492187500000
f 1067/2598/1067 1053/2600/1053 1050/2602/1050
vt 0.0581054687500000 0.0258789062500000
f 1067/2598/1067 1050/2602/1050 1049/2603/1049
vt 0.0551757812500000 0.0275878906250000
f 1067/2598/1067 1049/2603/1049 1066/2604/1066
vt 0.0563964843750000 0.0168457031250000
f 1053/2600/1053 1091/2601/1091 1055/2605/1055
vt 0.0568847656250000 0.0126953125000000
f 1055/2605/1055 1091/2601/1091 1120/2606/1120
vt 0.0581054687500000 0.0156250000000000
f 1055/2605/1055 1120/2606/1120 1059/2607/1059
vt 0.7839355468750000 0.8186035156250000
vt 0.7844238281250000 0.8171386718750000
vt 0.7854003906250000 0.8186035156250000
f 1080/2608/1080 1049/2609/1049 1047/2610/1047
vt 0.9663085937500000 0.8164062500000000
vt 0.9667968750000000 0.8176269531250000
vt 0.9643554687500000 0.8168945312500000
f 1080/2611/1080 1047/2612/1047 1079/2613/1079
vt 0.9645996093750000 0.8176269531250000
f 1079/2613/1079 1047/2612/1047 1121/2614/1121
vt 0.9626464843750000 0.8168945312500000
f 1079/2613/1079 1121/2614/1121 1081/2615/1081
vt 0.9628906250000000 0.8405761718750000
f 1121/2614/1121 1047/2612/1047 1031/2616/1031
vt 0.9667968750000000 0.8420410156250000
f 1031/2616/1031 1047/2612/1047 1032/2617/1032
vt 0.9626464843750000 0.8171386718750000
f 1081/2615/1081 1121/2614/1121 1122/2618/1122
f 1122/2618/1122 1121/2614/1121 1031/2616/1031
vt 0.9609375000000000 0.8164062500000000
f 1081/2615/1081 1122/2618/1122 1082/2619/1082
vt 0.9592285156250000 0.8398437500000000
f 1122/2618/1122 1031/2616/1031 1034/2620/1034
vt 0.0627441406250000 0.6840820312500000
vt 0.0598144531250000 0.6843261718750000
vt 0.0625000000000000 0.6809082031250000
f 1120/2621/1120 1091/2622/1091 1123/2623/1123
vt 0.0595703125000000 0.6811523437500000
f 1123/2623/1123 1091/2622/1091 1090/2624/1090
vt 0.0664062500000000 0.6843261718750000
f 1120/2621/1120 1123/2623/1123 1124/2625/1124
vt 0.0629882812500000 0.6867675781250000
f 1120/2621/1120 1124/2625/1124 1059/2626/1059
vt 0.0654296875000000 0.6870117187500000
f 1059/2626/1059 1124/2625/1124 1125/2627/1125
vt 0.0664062500000000 0.6806640625000000
f 1124/2625/1124 1123/2623/1123 1126/2628/1126
vt 0.0664062500000000 0.6752929687500000
f 1126/2628/1126 1123/2623/1123 1127/2629/1127
vt 0.0632324218750000 0.6752929687500000
f 1127/2629/1127 1123/2623/1123 1128/2630/1128
vt 0.0634765625000000 0.6730957031250000
f 1127/2629/1127 1128/2630/1128 1129/2631/1129
vt 0.0664062500000000 0.6733398437500000
f 1127/2629/1127 1129/2631/1129 1130/2632/1130
vt 0.5976562500000000 0.0612792968750000
vt 0.5996093750000000 0.0620117187500000
vt 0.5976562500000000 0.0664062500000000
f 1059/2633/1059 1125/2634/1125 1061/2635/1061
vt 0.6481933593750000 0.4445800781250000
vt 0.6489257812500000 0.4396972656250000
vt 0.6516113281250000 0.4445800781250000
f 1090/2636/1090 1092/2637/1092 1123/2638/1123
vt 0.6523437500000000 0.4396972656250000
f 1123/2638/1123 1092/2637/1092 1128/2639/1128
vt 0.6523437500000000 0.4372558593750000
f 1128/2639/1128 1092/2637/1092 1129/2640/1129
vt 0.6494140625000000 0.4372558593750000
f 1129/2640/1129 1092/2637/1092 1096/2641/1096
vt 0.6523437500000000 0.4345703125000000
f 1129/2640/1129 1096/2641/1096 1131/2642/1131
vt 0.6496582031250000 0.4348144531250000
f 1131/2642/1131 1096/2641/1096 1132/2643/1132
vt 0.6464843750000000 0.4360351562500000
f 1132/2643/1132 1096/2641/1096 1097/2644/1097
vt 0.6477050781250000 0.4345703125000000
f 1132/2643/1132 1097/2644/1097 1101/2645/1101
vt 0.6486816406250000 0.4301757812500000
f 1131/2642/1131 1132/2643/1132 1105/2646/1105
f 1105/2646/1105 1132/2643/1132 1101/2645/1101
vt 0.6508789062500000 0.4296875000000000
f 1131/2642/1131 1105/2646/1105 1133/2647/1133
vt 0.6467285156250000 0.4313964843750000
f 1105/2646/1105 1101/2645/1101 1103/2648/1103
vt 0.8435058593750000 0.5021972656250000
vt 0.8449707031250000 0.5021972656250000
vt 0.8447265625000000 0.5041503906250000
f 1119/2649/1119 1104/2650/1104 1102/2651/1102
vt 0.1005859375000000 0.0429687500000000
vt 0.1025390625000000 0.0434570312500000
vt 0.1005859375000000 0.0456542968750000
f 1104/2652/1104 1119/2653/1119 1105/2654/1105
vt 0.8808593750000000 0.6398925781250000
vt 0.8801269531250000 0.6437988281250000
vt 0.8781738281250000 0.6435546875000000
f 1105/2655/1105 1119/2656/1119 1134/2657/1134
vt 0.8776855468750000 0.6455078125000000
f 1134/2657/1134 1119/2656/1119 1117/2658/1117
vt 0.8757324218750000 0.6437988281250000
f 1134/2657/1134 1117/2658/1117 1118/2659/1118
vt 0.8789062500000000 0.6396484375000000
f 1105/2655/1105 1134/2657/1134 1133/2660/1133
vt 0.8764648437500000 0.6401367187500000
f 1134/2657/1134 1118/2659/1118 1135/2661/1135
f 1134/2657/1134 1135/2661/1135 1133/2660/1133
vt 0.8779296875000000 0.6350097656250000
f 1133/2660/1133 1135/2661/1135 1131/2662/1131
vt 0.8757324218750000 0.6354980468750000
f 1131/2662/1131 1135/2661/1135 1136/2663/1136
vt 0.0366210937500000 0.3266601562500000
vt 0.0383300781250000 0.3281250000000000
vt 0.0373535156250000 0.3300781250000000
f 1131/2664/1131 1136/2665/1136 1130/2666/1130
vt 0.0351562500000000 0.3291015625000000
f 1131/2664/1131 1130/2666/1130 1129/2667/1129
vt 0.0400390625000000 0.3300781250000000
f 1130/2666/1130 1136/2665/1136 1137/2668/1137
vt 0.0437011718750000 0.3269042968750000
f 1137/2668/1137 1136/2665/1136 1138/2669/1138
vt 0.0410156250000000 0.3325195312500000
f 1130/2666/1130 1137/2668/1137 1139/2670/1139
vt 0.0417480468750000 0.3244628906250000
f 1138/2669/1138 1136/2665/1136 1135/2671/1135
f 1139/2670/1139 1137/2668/1137 1138/2669/1138
vt 0.0454101562500000 0.3239746093750000
f 1138/2669/1138 1135/2671/1135 1118/2672/1118
vt 0.0478515625000000 0.3256835937500000
f 1138/2669/1138 1118/2672/1118 1115/2673/1115
vt 0.0454101562500000 0.3295898437500000
f 1138/2669/1138 1115/2673/1115 1140/2674/1140
f 1138/2669/1138 1140/2674/1140 1139/2670/1139
vt 0.0368652343750000 0.3322753906250000
f 1130/2666/1130 1139/2670/1139 1127/2675/1127
vt 0.0473632812500000 0.3325195312500000
f 1139/2670/1139 1140/2674/1140 1141/2676/1141
vt 0.0498046875000000 0.3276367187500000
f 1141/2676/1141 1140/2674/1140 1113/2677/1113
vt 0.0429687500000000 0.3361816406250000
f 1127/2675/1127 1139/2670/1139 1142/2678/1142
f 1142/2678/1142 1139/2670/1139 1141/2676/1141
vt 0.0366210937500000 0.3374023437500000
f 1127/2675/1127 1142/2678/1142 1126/2679/1126
vt 0.0498046875000000 0.3356933593750000
f 1142/2678/1142 1141/2676/1141 1143/2680/1143
vt 0.0371093750000000 0.3405761718750000
f 1126/2679/1126 1142/2678/1142 1124/2681/1124
vt 0.0454101562500000 0.3408203125000000
f 1142/2678/1142 1143/2680/1143 1144/2682/1144
f 1142/2678/1142 1144/2682/1144 1124/2681/1124
vt 0.2226562500000000 0.9467773437500000
vt 0.2248535156250000 0.9470214843750000
vt 0.2229003906250000 0.9475097656250000
f 1082/2683/1082 1122/2684/1122 1145/2685/1145
vt 0.2299804687500000 0.9685058593750000
f 1145/2685/1145 1122/2684/1122 1034/2686/1034
vt 0.2260742187500000 0.9692382812500000
f 1145/2685/1145 1034/2686/1034 1035/2687/1035
vt 0.2211914062500000 0.9470214843750000
f 1145/2685/1145 1035/2687/1035 1146/2688/1146
vt 0.2211914062500000 0.9694824218750000
f 1146/2688/1146 1035/2687/1035 1036/2689/1036
vt 0.2214355468750000 0.9460449218750000
f 1145/2685/1145 1146/2688/1146 1147/2690/1147
vt 0.4694824218750000 0.8151855468750000
vt 0.4689941406250000 0.8156738281250000
vt 0.4689941406250000 0.8139648437500000
f 1082/2691/1082 1145/2692/1145 1147/2693/1147
vt 0.3168945312500000 0.1398925781250000
vt 0.3144531250000000 0.1369628906250000
vt 0.3171386718750000 0.1352539062500000
f 1071/2694/1071 1082/2695/1082 1148/2696/1148
vt 0.3149414062500000 0.1357421875000000
f 1148/2696/1148 1082/2695/1082 1147/2697/1147
vt 0.3203125000000000 0.1372070312500000
f 1071/2694/1071 1148/2696/1148 1073/2698/1073
vt 0.3151855468750000 0.1342773437500000
f 1148/2696/1148 1147/2697/1147 1149/2699/1149
vt 0.3178710937500000 0.1315917968750000
f 1073/2698/1073 1148/2696/1148 1150/2700/1150
f 1150/2700/1150 1148/2696/1148 1149/2699/1149
vt 0.3220214843750000 0.1325683593750000
f 1073/2698/1073 1150/2700/1150 1151/2701/1151
vt 0.3227539062500000 0.1281738281250000
f 1151/2701/1151 1150/2700/1150 1144/2702/1144
vt 0.3154296875000000 0.1311035156250000
f 1150/2700/1150 1149/2699/1149 1152/2703/1152
vt 0.3176269531250000 0.1284179687500000
f 1144/2702/1144 1150/2700/1150 1153/2704/1153
f 1153/2704/1153 1150/2700/1150 1152/2703/1152
vt 0.3156738281250000 0.1284179687500000
f 1153/2704/1153 1152/2703/1152 1154/2705/1154
vt 0.3161621093750000 0.1228027343750000
f 1153/2704/1153 1154/2705/1154 1124/2706/1124
vt 0.3144531250000000 0.1254882812500000
f 1124/2706/1124 1154/2705/1154 1125/2707/1125
vt 0.6064453125000000 0.5983886718750000
vt 0.6015625000000000 0.5957031250000000
vt 0.6054687500000000 0.5944824218750000
f 1072/2708/1072 1073/2709/1073 1076/2710/1076
vt 0.5996093750000000 0.5913085937500000
f 1076/2710/1076 1073/2709/1073 1151/2711/1151
vt 0.6049804687500000 0.5903320312500000
f 1076/2710/1076 1151/2711/1151 1155/2712/1155
vt 0.6101074218750000 0.5937500000000000
f 1076/2710/1076 1155/2712/1155 1075/2713/1075
vt 0.6108398437500000 0.5898437500000000
f 1075/2713/1075 1155/2712/1155 1110/2714/1110
vt 0.6044921875000000 0.5861816406250000
f 1155/2712/1155 1151/2711/1151 1143/2715/1143
f 1155/2712/1155 1143/2715/1143 1110/2714/1110
vt 0.5979003906250000 0.5871582031250000
f 1143/2715/1143 1151/2711/1151 1144/2716/1144
vt 0.6108398437500000 0.5864257812500000
f 1110/2714/1110 1143/2715/1143 1111/2717/1111
vt 0.6049804687500000 0.5825195312500000
f 1111/2717/1111 1143/2715/1143 1141/2718/1141
vt 0.6105957031250000 0.5825195312500000
f 1111/2717/1111 1141/2718/1141 1113/2719/1113
vt 0.8918457031250000 0.1809082031250000
vt 0.8867187500000000 0.1813964843750000
vt 0.8867187500000000 0.1760253906250000
f 1144/2720/1144 1153/2721/1153 1124/2722/1124
vt 0.9545898437500000 0.4538574218750000
vt 0.9580078125000000 0.4550781250000000
vt 0.9536132812500000 0.4589843750000000
f 1125/2723/1125 1154/2724/1154 1061/2725/1061
vt 0.9572753906250000 0.4589843750000000
f 1061/2725/1061 1154/2724/1154 1156/2726/1156
vt 0.9597167968750000 0.4812011718750000
f 1061/2725/1061 1156/2726/1156 1042/2727/1042
vt 0.9536132812500000 0.4819335937500000
f 1061/2725/1061 1042/2727/1042 1060/2728/1060
vt 0.8261718750000000 0.7849121093750000
vt 0.8281250000000000 0.7893066406250000
vt 0.8261718750000000 0.7907714843750000
f 1140/2729/1140 1115/2730/1115 1113/2731/1113
vt 0.9611816406250000 0.3818359375000000
vt 0.9611816406250000 0.3828125000000000
vt 0.9594726562500000 0.3833007812500000
f 1147/2732/1147 1146/2733/1146 1157/2734/1157
vt 0.9709472656250000 0.4038085937500000
f 1157/2734/1157 1146/2733/1146 1036/2735/1036
vt 0.9675292968750000 0.4052734375000000
f 1157/2734/1157 1036/2735/1036 1037/2736/1037
vt 0.9594726562500000 0.3813476562500000
f 1147/2732/1147 1157/2734/1157 1149/2737/1149
vt 0.9560546875000000 0.3833007812500000
f 1149/2737/1149 1157/2734/1157 1158/2738/1158
vt 0.9565429687500000 0.3803710937500000
f 1149/2737/1149 1158/2738/1158 1152/2739/1152
vt 0.9541015625000000 0.3791503906250000
f 1152/2739/1152 1158/2738/1158 1154/2740/1154
vt 0.9624023437500000 0.4072265625000000
f 1158/2738/1158 1157/2734/1157 1039/2741/1039
vt 0.9528808593750000 0.3830566406250000
f 1154/2740/1154 1158/2738/1158 1156/2742/1156
f 1156/2742/1156 1158/2738/1158 1039/2741/1039
vt 0.9528808593750000 0.4064941406250000
f 1156/2742/1156 1039/2741/1039 1042/2743/1042
vt 0.0332031250000000 0.1813964843750000
vt 0.0402832031250000 0.2011718750000000
vt 0.0332031250000000 0.2021484375000000
f 1157/2744/1157 1037/2745/1037 1039/2746/1039
vt 0.6494140625000000 0.4096679687500000
vt 0.6459960937500000 0.4091796875000000
vt 0.6477050781250000 0.4072265625000000
f 1159/2747/1159 1160/2748/1160 1161/2749/1161
vt 0.6459960937500000 0.4223632812500000
f 1160/2748/1160 1159/2747/1159 1162/2750/1162
vt 0.6496582031250000 0.4223632812500000
f 1162/2750/1162 1159/2747/1159 1163/2751/1163
vt 0.8281250000000000 0.7770996093750000
vt 0.8256835937500000 0.7768554687500000
vt 0.8281250000000000 0.5976562500000000
f 1161/2752/1161 1160/2753/1160 1164/2754/1164
vt 0.8256835937500000 0.5976562500000000
f 1164/2754/1164 1160/2753/1160 1165/2755/1165
vt 0.8269042968750000 0.5947265625000000
f 1164/2754/1164 1165/2755/1165 1166/2756/1166
vt 0.0058593750000000 0.7414550781250000
vt 0.1953125000000000 0.7412109375000000
vt 0.0058593750000000 0.7561035156250000
f 1165/2757/1165 1160/2758/1160 1167/2759/1167
vt 0.1953125000000000 0.7561035156250000
f 1167/2759/1167 1160/2758/1160 1162/2760/1162
vt 0.0029296875000000 0.7561035156250000
f 1165/2757/1165 1167/2759/1167 1168/2761/1168
vt 0.0029296875000000 0.7412109375000000
f 1165/2757/1165 1168/2761/1168 1166/2762/1166
vt 0.6218261718750000 0.7729492187500000
vt 0.6191406250000000 0.7729492187500000
vt 0.6208496093750000 0.7697753906250000
f 1169/2763/1169 1162/2764/1162 1163/2765/1163
vt 0.1384277343750000 0.3491210937500000
vt 0.1357421875000000 0.3486328125000000
vt 0.1359863281250000 0.1843261718750000
f 1162/2766/1162 1169/2767/1169 1170/2768/1170
vt 0.1384277343750000 0.1845703125000000
f 1162/2766/1162 1170/2768/1170 1167/2769/1167
vt 0.1374511718750000 0.1813964843750000
f 1167/2769/1167 1170/2768/1170 1168/2770/1168
vt 0.5939941406250000 0.6784667968750000
vt 0.5908203125000000 0.6787109375000000
vt 0.5910644531250000 0.6767578125000000
f 1171/2771/1171 1172/2772/1172 1173/2773/1173
vt 0.5942382812500000 0.7285156250000000
f 1172/2772/1172 1171/2771/1171 1159/2774/1159
vt 0.5913085937500000 0.7282714843750000
f 1172/2772/1172 1159/2774/1159 1161/2775/1161
vt 0.4045410156250000 0.6791992187500000
f 1172/2772/1172 1161/2775/1161 1174/2776/1174
vt 0.4045410156250000 0.7282714843750000
f 1174/2776/1174 1161/2775/1161 1164/2777/1164
vt 0.4020996093750000 0.7285156250000000
f 1174/2776/1174 1164/2777/1164 1166/2778/1166
vt 0.4020996093750000 0.6791992187500000
f 1174/2776/1174 1166/2778/1166 1175/2779/1175
vt 0.5920410156250000 0.2863769531250000
vt 0.5954589843750000 0.2868652343750000
vt 0.5954589843750000 0.2995605468750000
f 1171/2780/1171 1173/2781/1173 1176/2782/1176
vt 0.5920410156250000 0.2995605468750000
f 1171/2780/1171 1176/2782/1176 1177/2783/1177
vt 0.5942382812500000 0.3020019531250000
f 1177/2783/1177 1176/2782/1176 1178/2784/1178
vt 0.3503417968750000 0.3559570312500000
vt 0.3500976562500000 0.3588867187500000
vt 0.3005371093750000 0.3562011718750000
f 1177/2785/1177 1178/2786/1178 1163/2787/1163
vt 0.3005371093750000 0.3588867187500000
f 1163/2787/1163 1178/2786/1178 1169/2788/1169
vt 0.3496093750000000 0.5483398437500000
f 1169/2788/1169 1178/2786/1178 1179/2789/1179
vt 0.3005371093750000 0.5483398437500000
f 1169/2788/1169 1179/2789/1179 1170/2790/1170
vt 0.3005371093750000 0.5512695312500000
f 1170/2790/1170 1179/2789/1179 1168/2791/1168
vt 0.3500976562500000 0.5512695312500000
f 1168/2791/1168 1179/2789/1179 1180/2792/1180
vt 0.7700195312500000 0.5720214843750000
vt 0.7690429687500000 0.5747070312500000
vt 0.7673339843750000 0.5717773437500000
f 1174/2793/1174 1175/2794/1175 1181/2795/1181
vt 0.7700195312500000 0.4055175781250000
f 1174/2793/1174 1181/2795/1181 1172/2796/1172
vt 0.7673339843750000 0.4052734375000000
f 1172/2796/1172 1181/2795/1181 1173/2797/1173
vt 0.6391601562500000 0.2285156250000000
vt 0.6425781250000000 0.2285156250000000
vt 0.6391601562500000 0.2414550781250000
f 1181/2798/1181 1175/2799/1175 1182/2800/1182
vt 0.6425781250000000 0.2412109375000000
f 1182/2800/1182 1175/2799/1175 1180/2801/1180
vt 0.6406250000000000 0.2436523437500000
f 1182/2800/1182 1180/2801/1180 1179/2802/1179
vt 0.7548828125000000 0.8005371093750000
vt 0.7521972656250000 0.8005371093750000
vt 0.7531738281250000 0.6110839843750000
f 1182/2803/1182 1179/2804/1179 1176/2805/1176
vt 0.9140625000000000 0.1730957031250000
vt 0.9140625000000000 0.3310546875000000
vt 0.9113769531250000 0.1733398437500000
f 1176/2806/1176 1179/2807/1179 1178/2808/1178
vt 0.7465820312500000 0.6110839843750000
vt 0.7463378906250000 0.8005371093750000
vt 0.7312011718750000 0.8005371093750000
f 1182/2809/1182 1176/2810/1176 1173/2811/1173
vt 0.7312011718750000 0.6110839843750000
f 1182/2809/1182 1173/2811/1173 1181/2812/1181
vt 0.6506347656250000 0.6777343750000000
vt 0.6528320312500000 0.6796875000000000
vt 0.6481933593750000 0.6826171875000000
f 1183/2813/1183 1184/2814/1184 1185/2815/1185
vt 0.6538085937500000 0.6823730468750000
f 1185/2815/1185 1184/2814/1184 1186/2816/1186
vt 0.6538085937500000 0.8503417968750000
f 1185/2815/1185 1186/2816/1186 1187/2817/1187
vt 0.8420410156250000 0.1828613281250000
vt 0.8366699218750000 0.1828613281250000
vt 0.8366699218750000 0.0068359375000000
f 1183/2818/1183 1185/2819/1185 1188/2820/1188
vt 0.8420410156250000 0.0068359375000000
f 1183/2818/1183 1188/2820/1188 1189/2821/1189
vt 0.8413085937500000 0.0039062500000000
f 1189/2821/1189 1188/2820/1188 1190/2822/1190
vt 0.7214355468750000 0.8046875000000000
vt 0.7241210937500000 0.8017578125000000
vt 0.7243652343750000 0.8046875000000000
f 1191/2823/1191 1192/2824/1192 1193/2825/1193
vt 0.8229980468750000 0.1894531250000000
vt 0.8281250000000000 0.1894531250000000
vt 0.8281250000000000 0.1926269531250000
f 1183/2826/1183 1194/2827/1194 1195/2828/1195
vt 0.8229980468750000 0.1926269531250000
f 1183/2826/1183 1195/2828/1195 1184/2829/1184
vt 0.8281250000000000 0.0061035156250000
f 1194/2827/1194 1183/2826/1183 1193/2830/1193
vt 0.8310546875000000 0.0063476562500000
f 1194/2827/1194 1193/2830/1193 1192/2831/1192
vt 0.8229980468750000 0.0061035156250000
f 1193/2830/1193 1183/2826/1183 1189/2832/1189
vt 0.8281250000000000 0.0036621093750000
f 1193/2830/1193 1189/2832/1189 1191/2833/1191
vt 0.8229980468750000 0.0036621093750000
f 1191/2833/1191 1189/2832/1189 1190/2834/1190
vt 0.3579101562500000 0.1979980468750000
vt 0.3579101562500000 0.0036621093750000
vt 0.5441894531250000 0.0036621093750000
f 1185/2835/1185 1187/2836/1187 1196/2837/1196
vt 0.5441894531250000 0.1979980468750000
f 1185/2835/1185 1196/2837/1196 1188/2838/1188
vt 0.6782226562500000 0.9587402343750000
vt 0.6811523437500000 0.9631347656250000
vt 0.6791992187500000 0.9628906250000000
f 1197/2839/1197 1198/2840/1198 1199/2841/1199
vt 0.6770019531250000 0.9606933593750000
f 1197/2839/1197 1199/2841/1199 1200/2842/1200
vt 0.6779785156250000 0.9645996093750000
f 1200/2842/1200 1199/2841/1199 1201/2843/1201
vt 0.6757812500000000 0.9626464843750000
f 1200/2842/1200 1201/2843/1201 1202/2844/1202
vt 0.6816406250000000 0.9653320312500000
f 1201/2843/1201 1199/2841/1199 1203/2845/1203
f 1203/2845/1203 1199/2841/1199 1198/2840/1198
vt 0.6833496093750000 0.9619140625000000
f 1198/2840/1198 1197/2839/1197 1204/2846/1204
f 1198/2840/1198 1204/2846/1204 1203/2845/1203
vt 0.6804199218750000 0.9565429687500000
f 1204/2846/1204 1197/2839/1197 1205/2847/1205
vt 0.6838378906250000 0.9567871093750000
f 1204/2846/1204 1205/2847/1205 1206/2848/1206
vt 0.6850585937500000 0.9633789062500000
f 1203/2845/1203 1204/2846/1204 1207/2849/1207
vt 0.6958007812500000 0.9426269531250000
f 1204/2846/1204 1206/2848/1206 1208/2850/1208
vt 0.7001953125000000 0.9436035156250000
f 1207/2849/1207 1204/2846/1204 1209/2851/1209
f 1209/2851/1209 1204/2846/1204 1208/2850/1208
vt 0.7021484375000000 0.9455566406250000
f 1207/2849/1207 1209/2851/1209 1210/2852/1210
vt 0.6994628906250000 0.9406738281250000
f 1209/2851/1209 1208/2850/1208 1211/2853/1211
vt 0.6962890625000000 0.9406738281250000
f 1211/2853/1211 1208/2850/1208 1212/2854/1212
vt 0.7011718750000000 0.9421386718750000
f 1210/2852/1210 1209/2851/1209 1213/2855/1213
f 1213/2855/1213 1209/2851/1209 1211/2853/1211
vt 0.7036132812500000 0.9431152343750000
f 1210/2852/1210 1213/2855/1213 1214/2856/1214
vt 0.6955566406250000 0.9389648437500000
f 1211/2853/1211 1212/2854/1212 1215/2857/1215
vt 0.7011718750000000 0.9399414062500000
f 1214/2856/1214 1213/2855/1213 1216/2858/1216
f 1216/2858/1216 1213/2855/1213 1211/2853/1211
vt 0.7036132812500000 0.9394531250000000
f 1214/2856/1214 1216/2858/1216 1217/2859/1217
vt 0.7001953125000000 0.9379882812500000
f 1211/2853/1211 1215/2857/1215 1218/2860/1218
f 1211/2853/1211 1218/2860/1218 1216/2858/1216
f 1216/2858/1216 1218/2860/1218 1217/2859/1217
vt 0.7019042968750000 0.9362792968750000
f 1217/2859/1217 1218/2860/1218 1219/2861/1219
vt 0.6813964843750000 0.9262695312500000
f 1218/2860/1218 1215/2857/1215 1220/2862/1220
vt 0.6821289062500000 0.9199218750000000
f 1219/2861/1219 1218/2860/1218 1221/2863/1221
vt 0.6804199218750000 0.9216308593750000
f 1218/2860/1218 1220/2862/1220 1222/2864/1222
f 1218/2860/1218 1222/2864/1222 1221/2863/1221
vt 0.6789550781250000 0.9206542968750000
f 1221/2863/1221 1222/2864/1222 1223/2865/1223
vt 0.6791992187500000 0.9182128906250000
f 1221/2863/1221 1223/2865/1223 1224/2866/1224
vt 0.6767578125000000 0.9182128906250000
f 1224/2866/1224 1223/2865/1223 1225/2867/1225
vt 0.6774902343750000 0.9206542968750000
f 1225/2867/1225 1223/2865/1223 1226/2868/1226
vt 0.6772460937500000 0.9240722656250000
f 1222/2864/1222 1220/2862/1220 1227/2869/1227
vt 0.6789550781250000 0.9262695312500000
f 1227/2869/1227 1220/2862/1220 1228/2870/1228
vt 0.6782226562500000 0.9204101562500000
f 1222/2864/1222 1227/2869/1227 1229/2871/1229
f 1229/2871/1229 1227/2869/1227 1226/2868/1226
vt 0.6757812500000000 0.9221191406250000
f 1226/2868/1226 1227/2869/1227 1230/2872/1230
vt 0.9201660156250000 0.9338378906250000
vt 0.9174804687500000 0.9348144531250000
vt 0.9182128906250000 0.9248046875000000
f 1202/2873/1202 1201/2874/1201 1231/2875/1231
vt 0.9174804687500000 0.9262695312500000
f 1231/2875/1231 1201/2874/1201 1232/2876/1232
vt 0.9199218750000000 0.9250488281250000
f 1202/2873/1202 1231/2875/1231 1233/2877/1233
vt 0.9223632812500000 0.9306640625000000
f 1202/2873/1202 1233/2877/1233 1234/2878/1234
vt 0.0664062500000000 0.1660156250000000
vt 0.0642089843750000 0.1662597656250000
vt 0.0664062500000000 0.1618652343750000
f 1200/2879/1200 1202/2880/1202 1235/2881/1235
vt 0.0644531250000000 0.1623535156250000
f 1235/2881/1235 1202/2880/1202 1234/2882/1234
vt 0.0844726562500000 0.2258300781250000
vt 0.0844726562500000 0.2214355468750000
vt 0.0871582031250000 0.2221679687500000
f 1200/2883/1200 1235/2884/1235 1236/2885/1236
vt 0.6508789062500000 0.9887695312500000
vt 0.6479492187500000 0.9890136718750000
vt 0.6508789062500000 0.9824218750000000
f 1236/2886/1236 1235/2887/1235 1237/2888/1237
vt 0.6479492187500000 0.9826660156250000
f 1237/2888/1237 1235/2887/1235 1238/2889/1238
vt 0.6459960937500000 0.9887695312500000
f 1238/2889/1238 1235/2887/1235 1234/2890/1234
vt 0.6459960937500000 0.9826660156250000
f 1238/2889/1238 1234/2890/1234 1233/2891/1233
vt 0.0039062500000000 0.2575683593750000
vt 0.0039062500000000 0.2531738281250000
vt 0.0056152343750000 0.2563476562500000
f 1200/2892/1200 1236/2893/1236 1197/2894/1197
vt 0.9680175781250000 0.7673339843750000
vt 0.9667968750000000 0.7917480468750000
vt 0.9580078125000000 0.7924804687500000
f 1207/2895/1207 1210/2896/1210 1239/2897/1239
vt 0.9577636718750000 0.7702636718750000
f 1207/2895/1207 1239/2897/1239 1240/2898/1240
vt 0.9577636718750000 0.7949218750000000
f 1239/2897/1239 1210/2896/1210 1241/2899/1241
vt 0.9665527343750000 0.7944335937500000
f 1241/2899/1241 1210/2896/1210 1214/2900/1214
vt 0.2590332031250000 0.9648437500000000
vt 0.2553710937500000 0.9653320312500000
vt 0.2553710937500000 0.9582519531250000
f 1214/2901/1214 1217/2902/1217 1242/2903/1242
vt 0.2590332031250000 0.9580078125000000
f 1214/2901/1214 1242/2903/1242 1241/2904/1241
vt 0.0441894531250000 0.0358886718750000
vt 0.0354003906250000 0.0358886718750000
vt 0.0444335937500000 0.0327148437500000
f 1242/2905/1242 1217/2906/1217 1243/2907/1243
vt 0.0351562500000000 0.0327148437500000
f 1243/2907/1243 1217/2906/1217 1219/2908/1219
vt 0.0441894531250000 0.0065917968750000
f 1243/2907/1243 1219/2908/1219 1244/2909/1244
vt 0.0354003906250000 0.0070800781250000
f 1244/2909/1244 1219/2908/1219 1221/2910/1221
vt 0.0444335937500000 0.0031738281250000
f 1244/2909/1244 1221/2910/1221 1245/2911/1245
vt 0.0356445312500000 0.0036621093750000
f 1245/2911/1245 1221/2910/1221 1224/2912/1224
vt 0.9309082031250000 0.9121093750000000
vt 0.9318847656250000 0.9089355468750000
vt 0.9328613281250000 0.9121093750000000
f 1242/2913/1242 1243/2914/1243 1246/2915/1246
vt 0.9335937500000000 0.9096679687500000
f 1246/2915/1246 1243/2914/1243 1247/2916/1247
vt 0.9313964843750000 0.9157714843750000
f 1242/2913/1242 1246/2915/1246 1241/2917/1241
vt 0.9328613281250000 0.9152832031250000
f 1241/2917/1241 1246/2915/1246 1248/2918/1248
vt 0.9321289062500000 0.9182128906250000
f 1241/2917/1241 1248/2918/1248 1239/2919/1239
vt 0.9335937500000000 0.9174804687500000
f 1239/2919/1239 1248/2918/1248 1249/2920/1249
vt 0.7255859375000000 0.7478027343750000
vt 0.7255859375000000 0.7453613281250000
vt 0.7258300781250000 0.7463378906250000
f 1222/2921/1222 1229/2922/1229 1223/2923/1223
vt 0.0041503906250000 0.0222167968750000
vt 0.0039062500000000 0.0212402343750000
vt 0.0041503906250000 0.0207519531250000
f 1223/2924/1223 1229/2925/1229 1226/2926/1226
vt 0.0690917968750000 0.2817382812500000
vt 0.0705566406250000 0.2797851562500000
vt 0.0705566406250000 0.2839355468750000
f 1226/2927/1226 1230/2928/1230 1225/2929/1225
vt 0.9851074218750000 0.7062988281250000
vt 0.9831542968750000 0.7062988281250000
vt 0.9848632812500000 0.7016601562500000
f 1230/2930/1230 1227/2931/1227 1250/2932/1250
vt 0.9831542968750000 0.7016601562500000
f 1250/2932/1250 1227/2931/1227 1251/2933/1251
vt 0.9868164062500000 0.7019042968750000
f 1230/2930/1230 1250/2932/1250 1252/2934/1252
vt 0.9875488281250000 0.7062988281250000
f 1230/2930/1230 1252/2934/1252 1253/2935/1253
vt 0.0705566406250000 0.2990722656250000
vt 0.0688476562500000 0.2976074218750000
vt 0.0705566406250000 0.2949218750000000
f 1230/2936/1230 1253/2937/1253 1225/2938/1225
vt 0.0954589843750000 0.2617187500000000
vt 0.0925292968750000 0.2607421875000000
vt 0.0954589843750000 0.2531738281250000
f 1225/2939/1225 1253/2940/1253 1254/2941/1254
vt 0.0922851562500000 0.2531738281250000
f 1254/2941/1254 1253/2940/1253 1255/2942/1255
vt 0.0888671875000000 0.2531738281250000
f 1255/2942/1255 1253/2940/1253 1256/2943/1256
vt 0.0888671875000000 0.2583007812500000
f 1256/2943/1256 1253/2940/1253 1252/2944/1252
vt 0.9587402343750000 0.6689453125000000
vt 0.9526367187500000 0.6667480468750000
vt 0.9536132812500000 0.6647949218750000
f 1225/2945/1225 1254/2946/1254 1245/2947/1245
vt 0.9597167968750000 0.6665039062500000
f 1225/2945/1225 1245/2947/1245 1224/2948/1224
vt 0.9489746093750000 0.6682128906250000
vt 0.9504394531250000 0.6687011718750000
f 1257/2949/1257 1254/2946/1254 1255/2950/1255
vt 0.9511718750000000 0.6657714843750000
f 1254/2946/1254 1257/2949/1257 1258/2951/1258
f 1254/2946/1254 1258/2951/1258 1245/2947/1245
vt 0.9519042968750000 0.6640625000000000
f 1245/2947/1245 1258/2951/1258 1259/2952/1259
vt 0.9538574218750000 0.6613769531250000
f 1245/2947/1245 1259/2952/1259 1244/2953/1244
vt 0.9521484375000000 0.6611328125000000
f 1244/2953/1244 1259/2952/1259 1260/2954/1260
vt 0.9504394531250000 0.6389160156250000
f 1244/2953/1244 1260/2954/1260 1243/2955/1243
vt 0.9489746093750000 0.6394042968750000
f 1243/2955/1243 1260/2954/1260 1247/2956/1247
vt 0.2229003906250000 0.6015625000000000
vt 0.2243652343750000 0.6025390625000000
vt 0.2216796875000000 0.6022949218750000
f 1231/2957/1231 1232/2958/1232 1261/2959/1261
vt 0.2211914062500000 0.6005859375000000
f 1231/2957/1231 1261/2959/1261 1262/2960/1262
vt 0.2219238281250000 0.5986328125000000
f 1231/2957/1231 1262/2960/1262 1263/2961/1263
vt 0.2233886718750000 0.5993652343750000
f 1231/2957/1231 1263/2961/1263 1264/2962/1264
vt 0.2229003906250000 0.5971679687500000
f 1264/2962/1264 1263/2961/1263 1265/2963/1265
vt 0.2243652343750000 0.5976562500000000
f 1264/2962/1264 1265/2963/1265 1266/2964/1266
vt 0.8005371093750000 0.3901367187500000
vt 0.7988281250000000 0.3906250000000000
vt 0.8005371093750000 0.3881835937500000
f 1233/2965/1233 1231/2966/1231 1238/2967/1238
vt 0.7988281250000000 0.3884277343750000
f 1238/2967/1238 1231/2966/1231 1264/2968/1264
vt 0.0712890625000000 0.0788574218750000
vt 0.0720214843750000 0.0808105468750000
vt 0.0712890625000000 0.0817871093750000
f 1264/2969/1264 1266/2970/1266 1237/2971/1237
vt 0.5900878906250000 0.0034179687500000
vt 0.5883789062500000 0.0056152343750000
vt 0.5883789062500000 0.0029296875000000
f 1264/2972/1264 1237/2973/1237 1238/2974/1238
vt 0.6281738281250000 0.0541992187500000
vt 0.6259765625000000 0.0546875000000000
vt 0.6289062500000000 0.0502929687500000
f 1267/2975/1267 1268/2976/1268 1269/2977/1269
vt 0.6303710937500000 0.0522460937500000
f 1267/2975/1267 1269/2977/1269 1270/2978/1270
vt 0.6291503906250000 0.0561523437500000
f 1267/2975/1267 1270/2978/1270 1271/2979/1271
vt 0.6315917968750000 0.0541992187500000
f 1271/2979/1271 1270/2978/1270 1272/2980/1272
vt 0.6257324218750000 0.0568847656250000
f 1267/2975/1267 1271/2979/1271 1273/2981/1273
f 1267/2975/1267 1273/2981/1273 1268/2976/1268
vt 0.6240234375000000 0.0534667968750000
f 1269/2977/1269 1268/2976/1268 1274/2982/1274
f 1274/2982/1274 1268/2976/1268 1273/2981/1273
vt 0.6269531250000000 0.0478515625000000
f 1269/2977/1269 1274/2982/1274 1275/2983/1275
vt 0.6235351562500000 0.0483398437500000
f 1275/2983/1275 1274/2982/1274 1276/2984/1276
vt 0.6223144531250000 0.0549316406250000
f 1274/2982/1274 1273/2981/1273 1277/2985/1277
vt 0.6115722656250000 0.0341796875000000
f 1276/2984/1276 1274/2982/1274 1278/2986/1278
vt 0.6066894531250000 0.0346679687500000
f 1274/2982/1274 1277/2985/1277 1279/2987/1279
f 1274/2982/1274 1279/2987/1279 1278/2986/1278
vt 0.6049804687500000 0.0363769531250000
f 1279/2987/1279 1277/2985/1277 1280/2988/1280
vt 0.6076660156250000 0.0319824218750000
f 1278/2986/1278 1279/2987/1279 1281/2989/1281
vt 0.6108398437500000 0.0319824218750000
f 1278/2986/1278 1281/2989/1281 1282/2990/1282
vt 0.6059570312500000 0.0329589843750000
f 1279/2987/1279 1280/2988/1280 1283/2991/1283
f 1279/2987/1279 1283/2991/1283 1281/2989/1281
vt 0.6032714843750000 0.0339355468750000
f 1283/2991/1283 1280/2988/1280 1284/2992/1284
vt 0.6118164062500000 0.0300292968750000
f 1282/2990/1282 1281/2989/1281 1285/2993/1285
vt 0.6032714843750000 0.0300292968750000
f 1283/2991/1283 1284/2992/1284 1286/2994/1286
vt 0.6059570312500000 0.0310058593750000
f 1283/2991/1283 1286/2994/1286 1287/2995/1287
f 1283/2991/1283 1287/2995/1287 1281/2989/1281
vt 0.6049804687500000 0.0270996093750000
f 1287/2995/1287 1286/2994/1286 1288/2996/1288
vt 0.6069335937500000 0.0288085937500000
f 1285/2993/1285 1281/2989/1281 1289/2997/1289
f 1289/2997/1289 1281/2989/1281 1287/2995/1287
f 1289/2997/1289 1287/2995/1287 1288/2996/1288
vt 0.6257324218750000 0.0180664062500000
f 1285/2993/1285 1289/2997/1289 1290/2998/1290
vt 0.6247558593750000 0.0104980468750000
f 1289/2997/1289 1288/2996/1288 1291/2999/1291
vt 0.6264648437500000 0.0126953125000000
f 1289/2997/1289 1291/2999/1291 1292/3000/1292
f 1289/2997/1289 1292/3000/1292 1290/2998/1290
vt 0.6274414062500000 0.0090332031250000
f 1292/3000/1292 1291/2999/1291 1293/3001/1293
vt 0.6279296875000000 0.0114746093750000
f 1292/3000/1292 1293/3001/1293 1294/3002/1294
vt 0.6293945312500000 0.0117187500000000
f 1294/3002/1294 1293/3001/1293 1295/3003/1295
vt 0.6303710937500000 0.0092773437500000
f 1295/3003/1295 1293/3001/1293 1296/3004/1296
vt 0.6301269531250000 0.0156250000000000
f 1292/3000/1292 1294/3002/1294 1297/3005/1297
f 1297/3005/1297 1294/3002/1294 1295/3003/1295
f 1292/3000/1292 1297/3005/1297 1290/2998/1290
vt 0.6315917968750000 0.0136718750000000
f 1297/3005/1297 1295/3003/1295 1298/3006/1298
vt 0.6286621093750000 0.0180664062500000
f 1290/2998/1290 1297/3005/1297 1299/3007/1299
vt 0.9660644531250000 0.0397949218750000
vt 0.9680175781250000 0.0400390625000000
vt 0.9658203125000000 0.0444335937500000
f 1270/3008/1270 1269/3009/1269 1300/3010/1300
vt 0.9638671875000000 0.0437011718750000
f 1270/3008/1270 1300/3010/1300 1301/3011/1301
vt 0.9636230468750000 0.0397949218750000
f 1270/3008/1270 1301/3011/1301 1272/3012/1272
vt 0.4040527343750000 0.8098144531250000
vt 0.4072265625000000 0.8076171875000000
vt 0.4072265625000000 0.8186035156250000
f 1277/3013/1277 1273/3014/1273 1240/3015/1240
vt 0.0734863281250000 0.1921386718750000
vt 0.0734863281250000 0.2009277343750000
vt 0.0727539062500000 0.1999511718750000
f 1277/3016/1277 1240/3017/1240 1302/3018/1302
vt 0.9611816406250000 0.7409667968750000
vt 0.9533691406250000 0.7385253906250000
vt 0.9611816406250000 0.7158203125000000
f 1277/3019/1277 1302/3020/1302 1280/3021/1280
vt 0.9523925781250000 0.7160644531250000
f 1280/3021/1280 1302/3020/1302 1303/3022/1303
vt 0.9523925781250000 0.7385253906250000
f 1303/3022/1303 1302/3020/1302 1240/3023/1240
vt 0.9611816406250000 0.7131347656250000
f 1280/3021/1280 1303/3022/1303 1284/3024/1284
vt 0.9523925781250000 0.7138671875000000
f 1284/3024/1284 1303/3022/1303 1304/3025/1304
vt 0.7714843750000000 0.9792480468750000
vt 0.7714843750000000 0.9860839843750000
vt 0.7678222656250000 0.9790039062500000
f 1284/3026/1284 1304/3027/1304 1286/3028/1286
vt 0.7678222656250000 0.9858398437500000
f 1286/3028/1286 1304/3027/1304 1305/3029/1305
vt 0.9567871093750000 0.6293945312500000
vt 0.9565429687500000 0.6325683593750000
vt 0.9477539062500000 0.6330566406250000
f 1288/3030/1288 1286/3031/1286 1305/3032/1305
vt 0.9477539062500000 0.6296386718750000
f 1288/3030/1288 1305/3032/1305 1306/3033/1306
vt 0.9570312500000000 0.6037597656250000
f 1288/3030/1288 1306/3033/1306 1291/3034/1291
vt 0.9477539062500000 0.6035156250000000
f 1291/3034/1291 1306/3033/1306 1307/3035/1307
vt 0.9567871093750000 0.6005859375000000
f 1291/3034/1291 1307/3035/1307 1293/3036/1293
vt 0.9477539062500000 0.6000976562500000
f 1293/3036/1293 1307/3035/1307 1308/3037/1308
vt 0.9541015625000000 0.0375976562500000
vt 0.9558105468750000 0.0397949218750000
vt 0.9543457031250000 0.0407714843750000
f 1306/3038/1306 1305/3039/1305 1246/3040/1246
vt 0.9526367187500000 0.0388183593750000
f 1306/3038/1306 1246/3040/1246 1247/3041/1247
vt 0.9553222656250000 0.0437011718750000
f 1246/3040/1246 1305/3039/1305 1248/3042/1248
vt 0.9567871093750000 0.0432128906250000
f 1248/3042/1248 1305/3039/1305 1304/3043/1304
vt 0.9570312500000000 0.0458984375000000
f 1248/3042/1248 1304/3043/1304 1303/3044/1303
vt 0.9553222656250000 0.0458984375000000
f 1248/3042/1248 1303/3044/1303 1249/3045/1249
vt 0.9526367187500000 0.0678710937500000
f 1249/3045/1249 1303/3044/1303 1240/3046/1240
vt 0.9267578125000000 0.6633300781250000
vt 0.9250488281250000 0.6630859375000000
vt 0.9306640625000000 0.6406250000000000
f 1306/3047/1306 1247/3048/1247 1307/3049/1307
vt 0.9289550781250000 0.6408691406250000
f 1307/3049/1307 1247/3048/1247 1260/3050/1260
vt 0.9304199218750000 0.6374511718750000
f 1307/3049/1307 1260/3050/1260 1308/3051/1308
vt 0.9287109375000000 0.6379394531250000
f 1308/3051/1308 1260/3050/1260 1259/3052/1259
vt 0.9279785156250000 0.6362304687500000
f 1308/3051/1308 1259/3052/1259 1258/3053/1258
vt 0.9291992187500000 0.6352539062500000
f 1308/3051/1308 1258/3053/1258 1309/3054/1309
vt 0.9250488281250000 0.6342773437500000
f 1309/3054/1309 1258/3053/1258 1257/3055/1257
vt 0.9267578125000000 0.6335449218750000
f 1309/3054/1309 1257/3055/1257 1310/3056/1310
vt 0.8251953125000000 0.9489746093750000
vt 0.8269042968750000 0.9470214843750000
vt 0.8269042968750000 0.9514160156250000
f 1295/3057/1295 1296/3058/1296 1298/3059/1298
vt 0.8195800781250000 0.9445800781250000
vt 0.8195800781250000 0.9399414062500000
vt 0.8212890625000000 0.9431152343750000
f 1298/3060/1298 1296/3061/1296 1311/3062/1311
vt 0.9785156250000000 0.4846191406250000
vt 0.9819335937500000 0.4836425781250000
vt 0.9787597656250000 0.4926757812500000
f 1311/3063/1311 1296/3064/1296 1310/3065/1310
vt 0.9819335937500000 0.4921875000000000
f 1310/3065/1310 1296/3064/1296 1309/3066/1309
vt 0.9753417968750000 0.4931640625000000
f 1311/3063/1311 1310/3065/1310 1312/3067/1312
vt 0.9753417968750000 0.4880371093750000
f 1311/3063/1311 1312/3067/1312 1313/3068/1313
vt 0.0163574218750000 0.9902343750000000
vt 0.0163574218750000 0.9853515625000000
vt 0.0185546875000000 0.9855957031250000
f 1314/3069/1314 1297/3070/1297 1298/3071/1298
vt 0.0180664062500000 0.9902343750000000
f 1314/3069/1314 1298/3071/1298 1315/3072/1315
vt 0.0207519531250000 0.9853515625000000
f 1315/3072/1315 1298/3071/1298 1311/3073/1311
vt 0.0202636718750000 0.9899902343750000
f 1315/3072/1315 1311/3073/1311 1313/3074/1313
vt 0.1137695312500000 0.1748046875000000
vt 0.1154785156250000 0.1748046875000000
vt 0.1137695312500000 0.1799316406250000
f 1314/3075/1314 1315/3076/1315 1316/3077/1316
vt 0.1154785156250000 0.1799316406250000
f 1316/3077/1316 1315/3076/1315 1317/3078/1317
vt 0.1176757812500000 0.1750488281250000
f 1317/3078/1317 1315/3076/1315 1313/3079/1313
vt 0.1176757812500000 0.1799316406250000
f 1317/3078/1317 1313/3079/1313 1312/3080/1312
vt 0.5151367187500000 0.3420410156250000
vt 0.5151367187500000 0.3400878906250000
vt 0.5166015625000000 0.3400878906250000
f 1316/3081/1316 1317/3082/1317 1318/3083/1318
vt 0.5166015625000000 0.3420410156250000
f 1316/3081/1316 1318/3083/1318 1319/3084/1319
vt 0.5166015625000000 0.3391113281250000
f 1318/3083/1318 1317/3082/1317 1320/3085/1320
vt 0.5151367187500000 0.3381347656250000
f 1320/3085/1320 1317/3082/1317 1312/3086/1312
vt 0.7258300781250000 0.7768554687500000
vt 0.7250976562500000 0.7783203125000000
vt 0.7250976562500000 0.7753906250000000
f 1257/3087/1257 1320/3088/1320 1310/3089/1310
vt 0.8032226562500000 0.4001464843750000
vt 0.8017578125000000 0.3999023437500000
vt 0.8032226562500000 0.3972167968750000
f 1320/3090/1320 1312/3091/1312 1310/3092/1310
vt 0.5554199218750000 0.9541015625000000
vt 0.5534667968750000 0.9555664062500000
vt 0.5534667968750000 0.9453125000000000
f 1261/3093/1261 1232/3094/1232 1271/3095/1271
vt 0.5302734375000000 0.8591308593750000
vt 0.5302734375000000 0.8496093750000000
vt 0.5329589843750000 0.8513183593750000
f 1261/3096/1261 1271/3097/1271 1272/3098/1272
vt 0.5346679687500000 0.8549804687500000
f 1261/3096/1261 1272/3098/1272 1301/3099/1301
vt 0.5319824218750000 0.8601074218750000
f 1261/3096/1261 1301/3099/1301 1262/3100/1262
vt 0.4311523437500000 0.9843750000000000
vt 0.4333496093750000 0.9843750000000000
vt 0.4311523437500000 0.9902343750000000
f 1301/3101/1301 1300/3102/1300 1262/3103/1262
vt 0.4333496093750000 0.9902343750000000
f 1262/3103/1262 1300/3102/1300 1263/3104/1263
vt 0.4362792968750000 0.9841308593750000
f 1263/3104/1263 1300/3102/1300 1321/3105/1321
vt 0.4350585937500000 0.9902343750000000
f 1263/3104/1263 1321/3105/1321 1265/3106/1265
vt 0.9348144531250000 0.0412597656250000
vt 0.9328613281250000 0.0429687500000000
vt 0.9328613281250000 0.0380859375000000
f 1321/3107/1321 1300/3108/1300 1269/3109/1269
vt 0.7514648437500000 0.8920898437500000
vt 0.7534179687500000 0.9011230468750000
vt 0.7514648437500000 0.9016113281250000
f 1293/3110/1293 1308/3111/1308 1309/3112/1309
vt 0.7382812500000000 0.9536132812500000
vt 0.7382812500000000 0.9611816406250000
vt 0.7358398437500000 0.9550781250000000
f 1293/3113/1293 1309/3114/1309 1296/3115/1296
vt 0.8364257812500000 0.8530273437500000
vt 0.8359375000000000 0.8544921875000000
vt 0.8342285156250000 0.8522949218750000
f 1257/3116/1257 1255/3117/1255 1256/3118/1256
vt 0.8356933593750000 0.8518066406250000
f 1257/3116/1257 1256/3118/1256 1320/3119/1320
vt 0.8344726562500000 0.8500976562500000
f 1320/3119/1320 1256/3118/1256 1322/3120/1322
vt 0.8359375000000000 0.8505859375000000
f 1320/3119/1320 1322/3120/1322 1318/3121/1318
vt 0.8352050781250000 0.8486328125000000
f 1318/3121/1318 1322/3120/1322 1323/3122/1323
vt 0.8364257812500000 0.8486328125000000
f 1318/3121/1318 1323/3122/1323 1319/3123/1319
vt 0.7812500000000000 0.7937011718750000
vt 0.7812500000000000 0.7988281250000000
vt 0.7790527343750000 0.7990722656250000
f 1256/3124/1256 1252/3125/1252 1250/3126/1250
vt 0.7790527343750000 0.7937011718750000
f 1256/3124/1256 1250/3126/1250 1322/3127/1322
vt 0.7773437500000000 0.7990722656250000
f 1322/3127/1322 1250/3126/1250 1251/3128/1251
vt 0.7773437500000000 0.7937011718750000
f 1322/3127/1322 1251/3128/1251 1323/3129/1323
vt 0.0510253906250000 0.0393066406250000
vt 0.0524902343750000 0.0366210937500000
vt 0.0539550781250000 0.0390625000000000
f 1324/3130/1324 1325/3131/1325 1326/3132/1326
vt 0.0539550781250000 0.0581054687500000
f 1324/3130/1324 1326/3132/1326 1327/3133/1327
vt 0.0510253906250000 0.0581054687500000
f 1324/3130/1324 1327/3133/1327 1328/3134/1328
vt 0.6440429687500000 0.7714843750000000
vt 0.6411132812500000 0.7714843750000000
vt 0.6440429687500000 0.7502441406250000
f 1325/3135/1325 1324/3136/1324 1329/3137/1329
vt 0.6411132812500000 0.7500000000000000
f 1329/3137/1329 1324/3136/1324 1330/3138/1330
vt 0.6425781250000000 0.7475585937500000
f 1329/3137/1329 1330/3138/1330 1331/3139/1331
vt 0.5832519531250000 0.7729492187500000
vt 0.5832519531250000 0.7697753906250000
vt 0.5859375000000000 0.7714843750000000
f 1328/3140/1328 1327/3141/1327 1332/3142/1332
vt 0.5642089843750000 0.9211425781250000
vt 0.5666503906250000 0.9196777343750000
vt 0.5776367187500000 0.9360351562500000
f 1328/3143/1328 1332/3144/1332 1333/3145/1333
vt 0.5749511718750000 0.9375000000000000
f 1328/3143/1328 1333/3145/1333 1334/3146/1334
vt 0.5776367187500000 0.9389648437500000
f 1334/3146/1334 1333/3145/1333 1335/3147/1335
vt 0.5642089843750000 0.9526367187500000
f 1334/3146/1334 1335/3147/1335 1330/3148/1330
vt 0.5666503906250000 0.9543457031250000
f 1330/3148/1330 1335/3147/1335 1331/3149/1331
vt 0.9655761718750000 0.3532714843750000
vt 0.9655761718750000 0.3305664062500000
vt 0.9875488281250000 0.3532714843750000
f 1328/3150/1328 1334/3151/1334 1324/3152/1324
vt 0.9875488281250000 0.3305664062500000
f 1324/3152/1324 1334/3151/1334 1330/3153/1330
vt 0.7329101562500000 0.8974609375000000
vt 0.7299804687500000 0.8974609375000000
vt 0.7285156250000000 0.8203125000000000
f 1335/3154/1335 1333/3155/1333 1336/3156/1336
vt 0.7314453125000000 0.8203125000000000
f 1335/3154/1335 1336/3156/1336 1337/3157/1337
vt 0.7299804687500000 0.8176269531250000
f 1337/3157/1337 1336/3156/1336 1338/3158/1338
vt 0.7451171875000000 0.8103027343750000
f 1337/3157/1337 1338/3158/1338 1339/3159/1339
vt 0.7436523437500000 0.8076171875000000
f 1339/3159/1339 1338/3158/1338 1340/3160/1340
vt 0.7141113281250000 0.8076171875000000
f 1338/3158/1338 1336/3156/1336 1341/3161/1341
vt 0.7126464843750000 0.8103027343750000
f 1341/3161/1341 1336/3156/1336 1342/3162/1342
vt 0.3115234375000000 0.7641601562500000
vt 0.3115234375000000 0.8642578125000000
vt 0.2890625000000000 0.8642578125000000
f 1336/3163/1336 1333/3164/1333 1332/3165/1332
vt 0.2890625000000000 0.7641601562500000
f 1336/3163/1336 1332/3165/1332 1342/3166/1342
vt 0.1557617187500000 0.7619628906250000
vt 0.1579589843750000 0.7641601562500000
vt 0.1555175781250000 0.7641601562500000
f 1343/3167/1343 1344/3168/1344 1345/3169/1345
vt 0.1555175781250000 0.8642578125000000
f 1345/3169/1345 1344/3168/1344 1325/3170/1325
vt 0.1579589843750000 0.8642578125000000
f 1325/3170/1325 1344/3168/1344 1326/3171/1326
vt 0.1347656250000000 0.7641601562500000
f 1345/3169/1345 1325/3170/1325 1346/3172/1346
vt 0.1333007812500000 0.8642578125000000
f 1346/3172/1346 1325/3170/1325 1329/3173/1329
vt 0.6892089843750000 0.8049316406250000
vt 0.6911621093750000 0.8027343750000000
vt 0.7053222656250000 0.8149414062500000
f 1344/3174/1344 1343/3175/1343 1341/3176/1341
vt 0.7033691406250000 0.8173828125000000
f 1344/3174/1344 1341/3176/1341 1347/3177/1347
vt 0.7062988281250000 0.8178710937500000
f 1347/3177/1347 1341/3176/1341 1342/3178/1342
vt 0.6892089843750000 0.8928222656250000
f 1347/3177/1347 1342/3178/1342 1327/3179/1327
vt 0.6921386718750000 0.8933105468750000
f 1327/3179/1327 1342/3178/1342 1332/3180/1332
vt 0.4941406250000000 0.7937011718750000
vt 0.4912109375000000 0.7941894531250000
vt 0.4921875000000000 0.7912597656250000
f 1346/3181/1346 1339/3182/1339 1340/3183/1340
vt 0.5097656250000000 0.8708496093750000
f 1339/3182/1339 1346/3181/1346 1329/3184/1329
vt 0.5068359375000000 0.8710937500000000
f 1339/3182/1339 1329/3184/1329 1331/3185/1331
vt 0.5097656250000000 0.7827148437500000
f 1346/3181/1346 1340/3183/1340 1345/3186/1345
vt 0.5078125000000000 0.7802734375000000
f 1345/3186/1345 1340/3183/1340 1343/3187/1343
vt 0.3974609375000000 0.7641601562500000
vt 0.3974609375000000 0.8642578125000000
vt 0.3754882812500000 0.8642578125000000
f 1347/3188/1347 1327/3189/1327 1326/3190/1326
vt 0.3754882812500000 0.7641601562500000
f 1347/3188/1347 1326/3190/1326 1344/3191/1344
vt 0.3408203125000000 0.8642578125000000
vt 0.3188476562500000 0.8642578125000000
vt 0.3188476562500000 0.7641601562500000
f 1331/3192/1331 1335/3193/1335 1337/3194/1337
vt 0.3393554687500000 0.7641601562500000
f 1331/3192/1331 1337/3194/1337 1339/3195/1339
vt 0.9860839843750000 0.5922851562500000
vt 0.9860839843750000 0.6149902343750000
vt 0.9641113281250000 0.6149902343750000
f 1338/3196/1338 1341/3197/1341 1343/3198/1343
vt 0.9655761718750000 0.5937500000000000
f 1338/3196/1338 1343/3198/1343 1340/3199/1340
vt 0.9685058593750000 0.4785156250000000
vt 0.9694824218750000 0.4802246093750000
vt 0.9675292968750000 0.4802246093750000
f 1348/3200/1348 1349/3201/1349 1350/3202/1350
vt 0.9694824218750000 0.5012207031250000
f 1350/3202/1350 1349/3201/1349 1351/3203/1351
vt 0.9675292968750000 0.5014648437500000
f 1350/3202/1350 1351/3203/1351 1352/3204/1352
vt 0.8142089843750000 0.4255371093750000
vt 0.8156738281250000 0.4245605468750000
vt 0.8156738281250000 0.4265136718750000
f 1352/3205/1352 1351/3206/1351 1353/3207/1353
vt 0.9653320312500000 0.6564941406250000
vt 0.9633789062500000 0.6564941406250000
vt 0.9653320312500000 0.6333007812500000
f 1348/3208/1348 1350/3209/1350 1354/3210/1354
vt 0.9633789062500000 0.6333007812500000
f 1354/3210/1354 1350/3209/1350 1355/3211/1355
vt 0.9643554687500000 0.6318359375000000
f 1354/3210/1354 1355/3211/1355 1356/3212/1356
vt 0.1271972656250000 0.3378906250000000
vt 0.1257324218750000 0.3378906250000000
vt 0.1274414062500000 0.2895507812500000
f 1349/3213/1349 1348/3214/1348 1357/3215/1357
vt 0.1257324218750000 0.2353515625000000
f 1357/3215/1357 1348/3214/1348 1358/3216/1358
vt 0.1274414062500000 0.2353515625000000
f 1357/3215/1357 1358/3216/1358 1359/3217/1359
vt 0.1259765625000000 0.2338867187500000
f 1359/3217/1359 1358/3216/1358 1360/3218/1360
vt 0.1015625000000000 0.2351074218750000
f 1358/3216/1358 1348/3214/1348 1361/3219/1361
vt 0.1015625000000000 0.3378906250000000
f 1361/3219/1361 1348/3214/1348 1354/3220/1354
vt 0.1030273437500000 0.8669433593750000
vt 0.1030273437500000 0.8186035156250000
vt 0.1274414062500000 0.8669433593750000
f 1349/3221/1349 1357/3222/1357 1351/3223/1351
vt 0.1274414062500000 0.7641601562500000
f 1351/3223/1351 1357/3222/1357 1362/3224/1362
vt 0.1030273437500000 0.7644042968750000
f 1362/3224/1362 1357/3222/1357 1359/3225/1359
vt 0.5078125000000000 0.7727050781250000
vt 0.5087890625000000 0.7709960937500000
vt 0.5263671875000000 0.7822265625000000
f 1359/3226/1359 1360/3227/1360 1363/3228/1363
vt 0.5253906250000000 0.7839355468750000
f 1359/3226/1359 1363/3228/1363 1362/3229/1362
vt 0.5270996093750000 0.7839355468750000
f 1362/3229/1362 1363/3228/1363 1364/3230/1364
vt 0.5219726562500000 0.8627929687500000
f 1362/3229/1362 1364/3230/1364 1351/3231/1351
vt 0.5236816406250000 0.8627929687500000
f 1351/3231/1351 1364/3230/1364 1353/3232/1353
vt 0.5441894531250000 0.7727050781250000
f 1364/3230/1364 1363/3228/1363 1365/3233/1365
vt 0.5434570312500000 0.7709960937500000
f 1365/3233/1365 1363/3228/1363 1366/3234/1366
vt 0.7285156250000000 0.9172363281250000
vt 0.7302246093750000 0.9162597656250000
vt 0.7424316406250000 0.9340820312500000
f 1352/3235/1352 1353/3236/1353 1367/3237/1367
vt 0.7404785156250000 0.9348144531250000
f 1352/3235/1352 1367/3237/1367 1368/3238/1368
vt 0.7421875000000000 0.9357910156250000
f 1368/3238/1368 1367/3237/1367 1369/3239/1369
vt 0.7285156250000000 0.9519042968750000
f 1368/3238/1368 1369/3239/1369 1355/3240/1355
vt 0.7302246093750000 0.9528808593750000
f 1355/3240/1355 1369/3239/1369 1356/3241/1356
vt 0.7788085937500000 0.9589843750000000
vt 0.8032226562500000 0.9589843750000000
vt 0.8032226562500000 0.9833984375000000
f 1368/3242/1368 1355/3243/1355 1350/3244/1350
vt 0.7788085937500000 0.9833984375000000
f 1368/3242/1368 1350/3244/1350 1352/3245/1352
vt 0.0346679687500000 0.1745605468750000
vt 0.0332031250000000 0.1745605468750000
vt 0.0346679687500000 0.0710449218750000
f 1369/3246/1369 1367/3247/1367 1365/3248/1365
vt 0.0637207031250000 0.7636718750000000
vt 0.0637207031250000 0.8669433593750000
vt 0.0388183593750000 0.8669433593750000
f 1365/3249/1365 1367/3250/1367 1353/3251/1353
vt 0.0393066406250000 0.7641601562500000
f 1365/3249/1365 1353/3251/1353 1364/3252/1364
vt 0.4860839843750000 0.8627929687500000
vt 0.4689941406250000 0.7849121093750000
vt 0.4707031250000000 0.7846679687500000
f 1369/3253/1369 1365/3254/1365 1370/3255/1370
vt 0.4694824218750000 0.7832031250000000
f 1370/3255/1370 1365/3254/1365 1366/3256/1366
vt 0.4860839843750000 0.7712402343750000
f 1370/3255/1370 1366/3256/1366 1371/3257/1371
vt 0.4848632812500000 0.7697753906250000
f 1371/3257/1371 1366/3256/1366 1372/3258/1372
vt 0.4814453125000000 0.7863769531250000
vt 0.4797363281250000 0.7866210937500000
vt 0.4804687500000000 0.7846679687500000
f 1361/3259/1361 1371/3260/1371 1372/3261/1372
vt 0.4985351562500000 0.8640136718750000
f 1371/3260/1371 1361/3259/1361 1354/3262/1354
vt 0.4968261718750000 0.8642578125000000
f 1371/3260/1371 1354/3262/1354 1356/3263/1356
vt 0.4985351562500000 0.7729492187500000
f 1361/3259/1361 1372/3261/1372 1358/3264/1358
vt 0.4973144531250000 0.7714843750000000
f 1358/3264/1358 1372/3261/1372 1360/3265/1360
vt 0.8161621093750000 0.9819335937500000
vt 0.8161621093750000 0.9572753906250000
vt 0.8405761718750000 0.9572753906250000
f 1360/3266/1360 1372/3267/1372 1366/3268/1366
vt 0.8408203125000000 0.9816894531250000
f 1360/3266/1360 1366/3268/1366 1363/3269/1363
vt 0.0317382812500000 0.8669433593750000
vt 0.0073242187500000 0.8669433593750000
vt 0.0073242187500000 0.7636718750000000
f 1356/3270/1356 1369/3271/1369 1370/3272/1370
vt 0.0317382812500000 0.7641601562500000
f 1356/3270/1356 1370/3272/1370 1371/3273/1371
vt 0.9824218750000000 0.8034667968750000
vt 0.9714355468750000 0.8046875000000000
vt 0.9716796875000000 0.8012695312500000
f 1373/3274/1373 1374/3275/1374 1375/3276/1375
vt 0.9726562500000000 0.8081054687500000
f 1374/3275/1374 1373/3274/1373 1376/3277/1376
vt 0.9726562500000000 0.7983398437500000
f 1373/3274/1373 1375/3276/1375 1377/3278/1377
vt 0.9746093750000000 0.8112792968750000
f 1376/3277/1376 1373/3274/1373 1378/3279/1378
vt 0.9746093750000000 0.7956542968750000
f 1373/3274/1373 1377/3278/1377 1379/3280/1379
vt 0.9772949218750000 0.8132324218750000
f 1378/3279/1378 1373/3274/1373 1380/3281/1380
vt 0.9775390625000000 0.7937011718750000
f 1373/3274/1373 1379/3280/1379 1381/3282/1381
vt 0.9804687500000000 0.8144531250000000
f 1380/3281/1380 1373/3274/1373 1382/3283/1382
vt 0.9809570312500000 0.7927246093750000
f 1373/3274/1373 1381/3282/1381 1383/3284/1383
vt 0.9838867187500000 0.8144531250000000
f 1382/3283/1382 1373/3274/1373 1384/3285/1384
vt 0.9843750000000000 0.7927246093750000
f 1373/3274/1373 1383/3284/1383 1385/3286/1385
vt 0.9870605468750000 0.8134765625000000
f 1384/3285/1384 1373/3274/1373 1386/3287/1386
vt 0.9877929687500000 0.7939453125000000
f 1373/3274/1373 1385/3286/1385 1387/3288/1387
vt 0.9897460937500000 0.8115234375000000
f 1386/3287/1386 1373/3274/1373 1388/3289/1388
vt 0.9902343750000000 0.7961425781250000
f 1373/3274/1373 1387/3288/1387 1389/3290/1389
vt 0.9919433593750000 0.8088378906250000
f 1388/3289/1388 1373/3274/1373 1390/3291/1390
vt 0.9924316406250000 0.7988281250000000
f 1373/3274/1373 1389/3290/1389 1391/3292/1391
vt 0.9931640625000000 0.8054199218750000
f 1390/3291/1390 1373/3274/1373 1392/3293/1392
vt 0.9931640625000000 0.8017578125000000
f 1373/3274/1373 1391/3292/1391 1393/3294/1393
f 1373/3274/1373 1393/3294/1393 1392/3293/1392
vt 0.8103027343750000 0.0878906250000000
vt 0.8103027343750000 0.0910644531250000
vt 0.8061523437500000 0.0881347656250000
f 1375/3295/1375 1374/3296/1374 1394/3297/1394
vt 0.8061523437500000 0.0913085937500000
f 1394/3297/1394 1374/3296/1374 1395/3298/1395
vt 0.8103027343750000 0.0847167968750000
f 1375/3295/1375 1394/3297/1394 1377/3299/1377
vt 0.8061523437500000 0.0847167968750000
f 1377/3299/1377 1394/3297/1394 1396/3300/1396
vt 0.8103027343750000 0.0815429687500000
f 1377/3299/1377 1396/3300/1396 1379/3301/1379
vt 0.8061523437500000 0.0812988281250000
f 1379/3301/1379 1396/3300/1396 1397/3302/1397
vt 0.8103027343750000 0.0786132812500000
f 1379/3301/1379 1397/3302/1397 1381/3303/1381
vt 0.8061523437500000 0.0781250000000000
f 1381/3303/1381 1397/3302/1397 1398/3304/1398
vt 0.9748535156250000 0.1245117187500000
vt 0.9748535156250000 0.1210937500000000
vt 0.9792480468750000 0.1247558593750000
f 1378/3305/1378 1380/3306/1380 1399/3307/1399
vt 0.9792480468750000 0.1210937500000000
f 1399/3307/1399 1380/3306/1380 1400/3308/1400
vt 0.9748535156250000 0.1179199218750000
f 1400/3308/1400 1380/3306/1380 1382/3309/1382
vt 0.9792480468750000 0.1176757812500000
f 1400/3308/1400 1382/3309/1382 1401/3310/1401
vt 0.9748535156250000 0.1147460937500000
f 1401/3310/1401 1382/3309/1382 1384/3311/1384
vt 0.9792480468750000 0.1145019531250000
f 1401/3310/1401 1384/3311/1384 1402/3312/1402
vt 0.8256835937500000 0.8110351562500000
vt 0.8281250000000000 0.8088378906250000
vt 0.8281250000000000 0.8144531250000000
f 1376/3313/1376 1378/3314/1378 1403/3315/1403
vt 0.4819335937500000 0.3417968750000000
vt 0.4782714843750000 0.3420410156250000
vt 0.4819335937500000 0.3381347656250000
f 1376/3316/1376 1403/3317/1403 1374/3318/1374
vt 0.4782714843750000 0.3383789062500000
f 1374/3318/1374 1403/3317/1403 1395/3319/1395
vt 0.4240722656250000 0.3420410156250000
vt 0.4279785156250000 0.3381347656250000
vt 0.4279785156250000 0.3420410156250000
f 1403/3320/1403 1378/3321/1378 1399/3322/1399
vt 0.4187011718750000 0.9580078125000000
vt 0.4174804687500000 0.9614257812500000
vt 0.4157714843750000 0.9565429687500000
f 1395/3323/1395 1403/3324/1403 1404/3325/1404
vt 0.4206542968750000 0.9548339843750000
f 1395/3323/1395 1404/3325/1404 1394/3326/1394
vt 0.4143066406250000 0.9611816406250000
f 1404/3325/1404 1403/3324/1403 1405/3327/1405
vt 0.4187011718750000 0.9526367187500000
f 1394/3326/1394 1404/3325/1404 1406/3328/1406
vt 0.4143066406250000 0.9658203125000000
f 1405/3327/1405 1403/3324/1403 1407/3329/1407
vt 0.4233398437500000 0.9528808593750000
f 1394/3326/1394 1406/3328/1406 1396/3330/1396
vt 0.4174804687500000 0.9653320312500000
f 1407/3329/1407 1403/3324/1403 1399/3331/1399
vt 0.4221191406250000 0.9501953125000000
f 1396/3330/1396 1406/3328/1406 1408/3332/1408
vt 0.4187011718750000 0.9687500000000000
f 1407/3329/1407 1399/3331/1399 1400/3333/1400
vt 0.4267578125000000 0.9516601562500000
f 1396/3330/1396 1408/3332/1408 1397/3334/1397
vt 0.4157714843750000 0.9699707031250000
f 1407/3329/1407 1400/3333/1400 1409/3335/1409
vt 0.4260253906250000 0.9487304687500000
f 1397/3334/1397 1408/3332/1408 1410/3336/1410
vt 0.4206542968750000 0.9714355468750000
f 1409/3335/1409 1400/3333/1400 1401/3337/1401
vt 0.4304199218750000 0.9516601562500000
f 1397/3334/1397 1410/3336/1410 1398/3338/1398
vt 0.4187011718750000 0.9738769531250000
f 1409/3335/1409 1401/3337/1401 1411/3339/1411
vt 0.4309082031250000 0.9487304687500000
f 1398/3338/1398 1410/3336/1410 1412/3340/1412
vt 0.4235839843750000 0.9736328125000000
f 1411/3339/1411 1401/3337/1401 1402/3341/1402
vt 0.4340820312500000 0.9528808593750000
f 1398/3338/1398 1412/3340/1412 1413/3342/1413
vt 0.4223632812500000 0.9763183593750000
f 1411/3339/1411 1402/3341/1402 1414/3343/1414
vt 0.4355468750000000 0.9501953125000000
f 1413/3342/1413 1412/3340/1412 1415/3344/1415
vt 0.4270019531250000 0.9748535156250000
f 1414/3343/1414 1402/3341/1402 1416/3345/1416
vt 0.4389648437500000 0.9526367187500000
f 1413/3342/1413 1415/3344/1415 1417/3346/1417
vt 0.4267578125000000 0.9777832031250000
f 1414/3343/1414 1416/3345/1416 1418/3347/1418
vt 0.4370117187500000 0.9548339843750000
f 1413/3342/1413 1417/3346/1417 1419/3348/1419
vt 0.4306640625000000 0.9746093750000000
f 1418/3347/1418 1416/3345/1416 1420/3349/1420
vt 0.4418945312500000 0.9565429687500000
f 1419/3348/1419 1417/3346/1417 1421/3350/1421
vt 0.4311523437500000 0.9777832031250000
f 1418/3347/1418 1420/3349/1420 1422/3351/1422
vt 0.4392089843750000 0.9580078125000000
f 1419/3348/1419 1421/3350/1421 1423/3352/1423
vt 0.4355468750000000 0.9760742187500000
f 1422/3351/1422 1420/3349/1420 1424/3353/1424
vt 0.4401855468750000 0.9614257812500000
f 1423/3352/1423 1421/3350/1421 1425/3354/1425
vt 0.4340820312500000 0.9733886718750000
f 1424/3353/1424 1420/3349/1420 1426/3355/1426
vt 0.4431152343750000 0.9609375000000000
f 1425/3354/1425 1421/3350/1421 1427/3356/1427
vt 0.4392089843750000 0.9733886718750000
f 1424/3353/1424 1426/3355/1426 1428/3357/1428
vt 0.4431152343750000 0.9655761718750000
f 1425/3354/1425 1427/3356/1427 1429/3358/1429
vt 0.4370117187500000 0.9714355468750000
f 1428/3357/1428 1426/3355/1426 1430/3359/1430
vt 0.4401855468750000 0.9648437500000000
f 1425/3354/1425 1429/3358/1429 1431/3360/1431
vt 0.4416503906250000 0.9702148437500000
f 1428/3357/1428 1430/3359/1430 1432/3361/1432
f 1431/3360/1431 1429/3358/1429 1432/3361/1432
vt 0.4389648437500000 0.9687500000000000
f 1432/3361/1432 1430/3359/1430 1433/3362/1433
f 1432/3361/1432 1433/3362/1433 1431/3360/1431
vt 0.9665527343750000 0.9062500000000000
vt 0.9667968750000000 0.9099121093750000
vt 0.9628906250000000 0.9099121093750000
f 1383/3363/1383 1381/3364/1381 1398/3365/1398
vt 0.9624023437500000 0.9062500000000000
f 1383/3363/1383 1398/3365/1398 1413/3366/1413
vt 0.9667968750000000 0.9028320312500000
f 1383/3363/1383 1413/3366/1413 1385/3367/1385
vt 0.9628906250000000 0.9025878906250000
f 1385/3367/1385 1413/3366/1413 1419/3368/1419
vt 0.9709472656250000 0.2507324218750000
vt 0.9709472656250000 0.2539062500000000
vt 0.9665527343750000 0.2504882812500000
f 1389/3369/1389 1387/3370/1387 1425/3371/1425
vt 0.9709472656250000 0.2475585937500000
f 1389/3369/1389 1425/3371/1425 1391/3372/1391
vt 0.9665527343750000 0.2473144531250000
f 1391/3372/1391 1425/3371/1425 1431/3373/1431
vt 0.9665527343750000 0.2539062500000000
f 1425/3371/1425 1387/3370/1387 1423/3374/1423
vt 0.9665527343750000 0.2575683593750000
f 1423/3374/1423 1387/3370/1387 1419/3375/1419
vt 0.9709472656250000 0.2573242187500000
f 1419/3375/1419 1387/3370/1387 1385/3376/1385
vt 0.6088867187500000 0.8447265625000000
vt 0.6088867187500000 0.8415527343750000
vt 0.6120605468750000 0.8449707031250000
f 1384/3377/1384 1386/3378/1386 1402/3379/1402
vt 0.6120605468750000 0.8413085937500000
f 1402/3379/1402 1386/3378/1386 1416/3380/1416
vt 0.7792968750000000 0.1020507812500000
vt 0.7795410156250000 0.0988769531250000
vt 0.7834472656250000 0.1025390625000000
f 1386/3381/1386 1388/3382/1388 1416/3383/1416
vt 0.7839355468750000 0.0991210937500000
f 1416/3383/1416 1388/3382/1388 1420/3384/1420
vt 0.7795410156250000 0.0954589843750000
f 1420/3384/1420 1388/3382/1388 1390/3385/1390
vt 0.7839355468750000 0.0954589843750000
f 1420/3384/1420 1390/3385/1390 1426/3386/1426
vt 0.7795410156250000 0.0920410156250000
f 1426/3386/1426 1390/3385/1390 1392/3387/1392
vt 0.7839355468750000 0.0920410156250000
f 1426/3386/1426 1392/3387/1392 1430/3388/1430
vt 0.7792968750000000 0.0888671875000000
f 1430/3388/1430 1392/3387/1392 1393/3389/1393
vt 0.7836914062500000 0.0891113281250000
f 1430/3388/1430 1393/3389/1393 1433/3390/1433
vt 0.1110839843750000 0.3437500000000000
vt 0.1149902343750000 0.3437500000000000
vt 0.1110839843750000 0.3466796875000000
f 1391/3391/1391 1431/3392/1431 1393/3393/1393
vt 0.1149902343750000 0.3476562500000000
f 1393/3393/1393 1431/3392/1431 1433/3394/1433
vt 0.9916992187500000 0.6662597656250000
vt 0.9916992187500000 0.6696777343750000
vt 0.9807128906250000 0.6677246093750000
f 1434/3395/1434 1435/3396/1435 1436/3397/1436
vt 0.9904785156250000 0.6730957031250000
f 1436/3397/1436 1435/3396/1435 1437/3398/1437
vt 0.9907226562500000 0.6628417968750000
f 1434/3395/1434 1436/3397/1436 1438/3399/1438
vt 0.9882812500000000 0.6757812500000000
f 1436/3397/1436 1437/3398/1437 1439/3400/1439
vt 0.9890136718750000 0.6601562500000000
f 1438/3399/1438 1436/3397/1436 1440/3401/1440
vt 0.9853515625000000 0.6777343750000000
f 1436/3397/1436 1439/3400/1439 1441/3402/1441
vt 0.9860839843750000 0.6582031250000000
f 1440/3401/1440 1436/3397/1436 1442/3403/1442
vt 0.9821777343750000 0.6787109375000000
f 1436/3397/1436 1441/3402/1441 1443/3404/1443
vt 0.9826660156250000 0.6569824218750000
f 1442/3403/1442 1436/3397/1436 1444/3405/1444
vt 0.9787597656250000 0.6787109375000000
f 1436/3397/1436 1443/3404/1443 1445/3406/1445
vt 0.9790039062500000 0.6569824218750000
f 1444/3405/1444 1436/3397/1436 1446/3407/1446
vt 0.9755859375000000 0.6774902343750000
f 1436/3397/1436 1445/3406/1445 1447/3408/1447
vt 0.9758300781250000 0.6579589843750000
f 1446/3407/1446 1436/3397/1436 1448/3409/1448
vt 0.9729003906250000 0.6752929687500000
f 1436/3397/1436 1447/3408/1447 1449/3410/1449
vt 0.9731445312500000 0.6599121093750000
f 1448/3409/1448 1436/3397/1436 1450/3411/1450
vt 0.9709472656250000 0.6726074218750000
f 1436/3397/1436 1449/3410/1449 1451/3412/1451
vt 0.9711914062500000 0.6625976562500000
f 1450/3411/1450 1436/3397/1436 1452/3413/1452
vt 0.9699707031250000 0.6689453125000000
f 1436/3397/1436 1451/3412/1451 1453/3414/1453
vt 0.9702148437500000 0.6655273437500000
f 1452/3413/1452 1436/3397/1436 1454/3415/1454
f 1454/3415/1454 1436/3397/1436 1453/3414/1453
vt 0.5139160156250000 0.8000488281250000
vt 0.5139160156250000 0.7971191406250000
vt 0.5178222656250000 0.8005371093750000
f 1435/3416/1435 1434/3417/1434 1455/3418/1455
vt 0.5180664062500000 0.7971191406250000
f 1455/3418/1455 1434/3417/1434 1456/3419/1456
vt 0.5180664062500000 0.7937011718750000
f 1456/3419/1456 1434/3417/1434 1457/3420/1457
vt 0.5136718750000000 0.7937011718750000
f 1457/3420/1457 1434/3417/1434 1438/3421/1438
vt 0.5180664062500000 0.7902832031250000
f 1457/3420/1457 1438/3421/1438 1458/3422/1458
vt 0.5136718750000000 0.7905273437500000
f 1458/3422/1458 1438/3421/1438 1440/3423/1440
vt 0.5180664062500000 0.7871093750000000
f 1458/3422/1458 1440/3423/1440 1459/3424/1459
vt 0.5136718750000000 0.7873535156250000
f 1459/3424/1459 1440/3423/1440 1442/3425/1442
vt 0.5068359375000000 0.3381347656250000
vt 0.5068359375000000 0.3417968750000000
vt 0.5031738281250000 0.3383789062500000
f 1435/3426/1435 1455/3427/1455 1437/3428/1437
vt 0.5031738281250000 0.3420410156250000
f 1437/3428/1437 1455/3427/1455 1460/3429/1460
vt 0.5417480468750000 0.9553222656250000
vt 0.5395507812500000 0.9521484375000000
vt 0.5444335937500000 0.9538574218750000
f 1455/3430/1455 1456/3431/1456 1461/3432/1461
vt 0.5427246093750000 0.9587402343750000
f 1455/3430/1455 1461/3432/1461 1460/3433/1460
vt 0.5417480468750000 0.9499511718750000
f 1461/3432/1461 1456/3431/1456 1462/3434/1462
vt 0.5456542968750000 0.9582519531250000
f 1460/3433/1460 1461/3432/1461 1463/3435/1463
vt 0.5366210937500000 0.9501953125000000
f 1462/3434/1462 1456/3431/1456 1457/3436/1457
vt 0.5456542968750000 0.9631347656250000
f 1460/3433/1460 1463/3435/1463 1464/3437/1464
vt 0.5380859375000000 0.9472656250000000
f 1462/3434/1462 1457/3436/1457 1465/3438/1465
vt 0.5427246093750000 0.9626464843750000
f 1460/3433/1460 1464/3437/1464 1466/3439/1466
vt 0.5334472656250000 0.9489746093750000
f 1465/3438/1465 1457/3436/1457 1458/3440/1458
vt 0.5417480468750000 0.9660644531250000
f 1466/3439/1466 1464/3437/1464 1467/3441/1467
vt 0.5339355468750000 0.9460449218750000
f 1465/3438/1465 1458/3440/1458 1468/3442/1468
vt 0.5444335937500000 0.9672851562500000
f 1467/3441/1467 1464/3437/1464 1469/3443/1469
vt 0.5295410156250000 0.9489746093750000
f 1468/3442/1468 1458/3440/1458 1459/3444/1459
vt 0.5395507812500000 0.9687500000000000
f 1467/3441/1467 1469/3443/1469 1470/3445/1470
vt 0.5292968750000000 0.9460449218750000
f 1468/3442/1468 1459/3444/1459 1471/3446/1471
vt 0.5417480468750000 0.9711914062500000
f 1470/3445/1470 1469/3443/1469 1472/3447/1472
vt 0.5261230468750000 0.9499511718750000
f 1471/3446/1471 1459/3444/1459 1473/3448/1473
vt 0.5366210937500000 0.9709472656250000
f 1470/3445/1470 1472/3447/1472 1474/3449/1474
vt 0.5246582031250000 0.9472656250000000
f 1471/3446/1471 1473/3448/1473 1475/3450/1475
vt 0.5378417968750000 0.9736328125000000
f 1474/3449/1474 1472/3447/1472 1476/3451/1476
vt 0.5207519531250000 0.9501953125000000
f 1475/3450/1475 1473/3448/1473 1477/3452/1477
vt 0.5334472656250000 0.9750976562500000
f 1474/3449/1474 1476/3451/1476 1478/3453/1478
vt 0.5229492187500000 0.9523925781250000
f 1477/3452/1477 1473/3448/1473 1479/3454/1479
vt 0.5329589843750000 0.9721679687500000
f 1474/3449/1474 1478/3453/1478 1480/3455/1480
vt 0.5209960937500000 0.9553222656250000
f 1477/3452/1477 1479/3454/1479 1481/3456/1481
vt 0.5292968750000000 0.9719238281250000
f 1480/3455/1480 1478/3453/1478 1482/3457/1482
vt 0.5180664062500000 0.9538574218750000
f 1477/3452/1477 1481/3456/1481 1483/3458/1483
vt 0.5290527343750000 0.9748535156250000
f 1482/3457/1482 1478/3453/1478 1484/3459/1484
vt 0.5168457031250000 0.9582519531250000
f 1483/3458/1483 1481/3456/1481 1485/3460/1485
vt 0.5246582031250000 0.9733886718750000
f 1482/3457/1482 1484/3459/1484 1486/3461/1486
vt 0.5200195312500000 0.9584960937500000
f 1485/3460/1485 1481/3456/1481 1487/3462/1487
vt 0.5258789062500000 0.9707031250000000
f 1482/3457/1482 1486/3461/1486 1488/3463/1488
vt 0.5197753906250000 0.9621582031250000
f 1485/3460/1485 1487/3462/1487 1489/3464/1489
vt 0.5207519531250000 0.9707031250000000
f 1488/3463/1488 1486/3461/1486 1490/3465/1490
vt 0.5166015625000000 0.9628906250000000
f 1485/3460/1485 1489/3464/1489 1491/3466/1491
vt 0.5231933593750000 0.9685058593750000
f 1488/3463/1488 1490/3465/1490 1492/3467/1492
vt 0.5178222656250000 0.9667968750000000
f 1491/3466/1491 1489/3464/1489 1493/3468/1493
f 1492/3467/1492 1490/3465/1490 1493/3468/1493
vt 0.5209960937500000 0.9655761718750000
f 1493/3468/1493 1489/3464/1489 1494/3469/1494
f 1493/3468/1493 1494/3469/1494 1492/3467/1492
vt 0.9570312500000000 0.7541503906250000
vt 0.9570312500000000 0.7570800781250000
vt 0.9528808593750000 0.7541503906250000
f 1439/3470/1439 1437/3471/1437 1466/3472/1466
vt 0.9528808593750000 0.7575683593750000
f 1466/3472/1466 1437/3471/1437 1460/3473/1460
vt 0.9528808593750000 0.7507324218750000
f 1439/3470/1439 1466/3472/1466 1467/3474/1467
vt 0.9570312500000000 0.7507324218750000
f 1439/3470/1439 1467/3474/1467 1441/3475/1441
vt 0.9528808593750000 0.7473144531250000
f 1441/3475/1441 1467/3474/1467 1470/3476/1470
vt 0.9570312500000000 0.7473144531250000
f 1441/3475/1441 1470/3476/1470 1443/3477/1443
vt 0.9792480468750000 0.5046386718750000
vt 0.9790039062500000 0.5009765625000000
vt 0.9831542968750000 0.5009765625000000
f 1444/3478/1444 1446/3479/1446 1479/3480/1479
vt 0.9833984375000000 0.5046386718750000
f 1444/3478/1444 1479/3480/1479 1473/3481/1473
vt 0.9790039062500000 0.5083007812500000
f 1444/3478/1444 1473/3481/1473 1442/3482/1442
vt 0.9829101562500000 0.5083007812500000
f 1442/3482/1442 1473/3481/1473 1459/3483/1459
vt 0.0451660156250000 0.0959472656250000
vt 0.0456542968750000 0.0991210937500000
vt 0.0410156250000000 0.0961914062500000
f 1445/3484/1445 1443/3485/1443 1474/3486/1474
vt 0.0417480468750000 0.0996093750000000
f 1474/3486/1474 1443/3485/1443 1470/3487/1470
vt 0.0410156250000000 0.0925292968750000
f 1445/3484/1445 1474/3486/1474 1480/3488/1480
vt 0.0451660156250000 0.0925292968750000
f 1445/3484/1445 1480/3488/1480 1447/3489/1447
vt 0.0417480468750000 0.0891113281250000
f 1447/3489/1447 1480/3488/1480 1482/3490/1482
vt 0.0456542968750000 0.0893554687500000
f 1447/3489/1447 1482/3490/1482 1449/3491/1449
vt 0.4970703125000000 0.9899902343750000
vt 0.4970703125000000 0.9868164062500000
vt 0.5014648437500000 0.9868164062500000
f 1446/3492/1446 1448/3493/1448 1481/3494/1481
vt 0.5014648437500000 0.9902343750000000
f 1446/3492/1446 1481/3494/1481 1479/3495/1479
vt 0.4970703125000000 0.9836425781250000
f 1481/3494/1481 1448/3493/1448 1450/3496/1450
vt 0.5014648437500000 0.9833984375000000
f 1481/3494/1481 1450/3496/1450 1487/3497/1487
vt 0.8669433593750000 0.1779785156250000
vt 0.8666992187500000 0.1813964843750000
vt 0.8625488281250000 0.1811523437500000
f 1450/3498/1450 1452/3499/1452 1489/3500/1489
vt 0.8627929687500000 0.1779785156250000
f 1450/3498/1450 1489/3500/1489 1487/3501/1487
vt 0.8666992187500000 0.1843261718750000
f 1489/3500/1489 1452/3499/1452 1454/3502/1454
vt 0.8625488281250000 0.1850585937500000
f 1489/3500/1489 1454/3502/1454 1494/3503/1494
vt 0.8627929687500000 0.1884765625000000
f 1494/3503/1494 1454/3502/1454 1492/3504/1492
vt 0.8669433593750000 0.1877441406250000
f 1492/3504/1492 1454/3502/1454 1453/3505/1453
vt 0.9846191406250000 0.5317382812500000
vt 0.9887695312500000 0.5317382812500000
vt 0.9890136718750000 0.5354003906250000
f 1492/3506/1492 1453/3507/1453 1451/3508/1451
vt 0.9848632812500000 0.5351562500000000
f 1492/3506/1492 1451/3508/1451 1488/3509/1488
vt 0.9887695312500000 0.5385742187500000
f 1488/3509/1488 1451/3508/1451 1449/3510/1449
vt 0.9846191406250000 0.5388183593750000
f 1488/3509/1488 1449/3510/1449 1482/3511/1482
vt 0.1496582031250000 0.9377441406250000
vt 0.1452636718750000 0.9377441406250000
vt 0.1452636718750000 0.8701171875000000
f 1407/3512/1407 1409/3513/1409 1469/3514/1469
vt 0.1496582031250000 0.8701171875000000
f 1407/3512/1407 1469/3514/1469 1464/3515/1464
vt 0.1406250000000000 0.8701171875000000
f 1469/3514/1469 1409/3513/1409 1472/3516/1472
vt 0.1406250000000000 0.9377441406250000
f 1472/3516/1472 1409/3513/1409 1411/3517/1411
vt 0.1364746093750000 0.8701171875000000
f 1472/3516/1472 1411/3517/1411 1476/3518/1476
vt 0.1367187500000000 0.9377441406250000
f 1476/3518/1476 1411/3517/1411 1414/3519/1414
vt 0.0998535156250000 0.9384765625000000
vt 0.0998535156250000 0.8747558593750000
vt 0.1042480468750000 0.8752441406250000
f 1407/3520/1407 1464/3521/1464 1463/3522/1463
vt 0.1042480468750000 0.9389648437500000
f 1407/3520/1407 1463/3522/1463 1405/3523/1405
vt 0.1091308593750000 0.9389648437500000
f 1405/3523/1405 1463/3522/1463 1404/3524/1404
vt 0.1091308593750000 0.8752441406250000
f 1404/3524/1404 1463/3522/1463 1461/3525/1461
vt 0.1135253906250000 0.8747558593750000
f 1404/3524/1404 1461/3525/1461 1462/3526/1462
vt 0.1135253906250000 0.9384765625000000
f 1404/3524/1404 1462/3526/1462 1406/3527/1406
vt 0.0163574218750000 0.3432617187500000
vt 0.0161132812500000 0.2768554687500000
vt 0.0205078125000000 0.2768554687500000
f 1406/3528/1406 1462/3529/1462 1465/3530/1465
vt 0.0205078125000000 0.3430175781250000
f 1406/3528/1406 1465/3530/1465 1408/3531/1408
vt 0.0249023437500000 0.2768554687500000
f 1408/3531/1408 1465/3530/1465 1468/3532/1468
vt 0.0249023437500000 0.3430175781250000
f 1408/3531/1408 1468/3532/1468 1410/3533/1410
vt 0.0290527343750000 0.2773437500000000
f 1410/3533/1410 1468/3532/1468 1471/3534/1471
vt 0.0290527343750000 0.3435058593750000
f 1410/3533/1410 1471/3534/1471 1412/3535/1412
vt 0.5048828125000000 0.9375000000000000
vt 0.5048828125000000 0.8786621093750000
vt 0.5097656250000000 0.8786621093750000
f 1475/3536/1475 1415/3537/1415 1412/3538/1412
vt 0.5097656250000000 0.9377441406250000
f 1475/3536/1475 1412/3538/1412 1471/3539/1471
vt 0.9460449218750000 0.0622558593750000
vt 0.9414062500000000 0.0620117187500000
vt 0.9414062500000000 0.0034179687500000
f 1414/3540/1414 1418/3541/1418 1478/3542/1478
vt 0.9458007812500000 0.0036621093750000
f 1414/3540/1414 1478/3542/1478 1476/3543/1476
vt 0.2451171875000000 0.9389648437500000
vt 0.2412109375000000 0.9389648437500000
vt 0.2412109375000000 0.8715820312500000
f 1418/3544/1418 1422/3545/1422 1484/3546/1484
vt 0.2451171875000000 0.8715820312500000
f 1418/3544/1418 1484/3546/1484 1478/3547/1478
vt 0.2365722656250000 0.8715820312500000
f 1484/3546/1484 1422/3545/1422 1486/3548/1486
vt 0.2365722656250000 0.9389648437500000
f 1486/3548/1486 1422/3545/1422 1424/3549/1424
vt 0.2319335937500000 0.8715820312500000
f 1486/3548/1486 1424/3549/1424 1490/3550/1490
vt 0.2321777343750000 0.9389648437500000
f 1490/3550/1490 1424/3549/1424 1428/3551/1428
vt 0.2275390625000000 0.8715820312500000
f 1490/3550/1490 1428/3551/1428 1493/3552/1493
vt 0.2282714843750000 0.9389648437500000
f 1493/3552/1493 1428/3551/1428 1432/3553/1432
vt 0.5769042968750000 0.0078125000000000
vt 0.5817871093750000 0.0078125000000000
vt 0.5783691406250000 0.0637207031250000
f 1432/3554/1432 1429/3555/1429 1491/3556/1491
vt 0.4045410156250000 0.8701171875000000
vt 0.4045410156250000 0.9377441406250000
vt 0.4001464843750000 0.9375000000000000
f 1491/3557/1491 1429/3558/1429 1427/3559/1427
vt 0.4001464843750000 0.8701171875000000
f 1491/3557/1491 1427/3559/1427 1485/3560/1485
vt 0.3957519531250000 0.9375000000000000
f 1485/3560/1485 1427/3559/1427 1421/3561/1421
vt 0.3957519531250000 0.8703613281250000
f 1485/3560/1485 1421/3561/1421 1483/3562/1483
vt 0.3908691406250000 0.9375000000000000
f 1483/3562/1483 1421/3561/1421 1417/3563/1417
vt 0.3913574218750000 0.8703613281250000
f 1483/3562/1483 1417/3563/1417 1477/3564/1477
vt 0.3869628906250000 0.9377441406250000
f 1477/3564/1477 1417/3563/1417 1415/3565/1415
vt 0.3869628906250000 0.8703613281250000
f 1477/3564/1477 1415/3565/1415 1475/3566/1475
vt 0.0649414062500000 0.0859375000000000
vt 0.0649414062500000 0.0292968750000000
vt 0.0693359375000000 0.0300292968750000
f 1432/3567/1432 1491/3568/1491 1493/3569/1493
vt 0.5834960937500000 0.5427246093750000
vt 0.5827636718750000 0.5466308593750000
vt 0.5812988281250000 0.5449218750000000
f 1495/3570/1495 1496/3571/1496 1497/3572/1497
vt 0.5798339843750000 0.5429687500000000
f 1495/3570/1495 1497/3572/1497 1498/3573/1498
vt 0.5822753906250000 0.5405273437500000
f 1495/3570/1495 1498/3573/1498 1499/3574/1499
vt 0.5854492187500000 0.5424804687500000
f 1495/3570/1495 1499/3574/1499 1500/3575/1500
f 1495/3570/1495 1500/3575/1500 1496/3571/1496
vt 0.5859375000000000 0.5402832031250000
f 1500/3575/1500 1499/3574/1499 1501/3576/1501
vt 0.5891113281250000 0.5417480468750000
f 1500/3575/1500 1501/3576/1501 1502/3577/1502
vt 0.5874023437500000 0.5434570312500000
f 1500/3575/1500 1502/3577/1502 1503/3578/1503
f 1500/3575/1500 1503/3578/1503 1496/3571/1496
vt 0.6064453125000000 0.5598144531250000
f 1503/3578/1503 1502/3577/1502 1504/3579/1504
vt 0.5881347656250000 0.5485839843750000
f 1496/3571/1496 1503/3578/1503 1505/3580/1505
vt 0.5847167968750000 0.5488281250000000
f 1496/3571/1496 1505/3580/1505 1506/3581/1506
vt 0.5998535156250000 0.5625000000000000
f 1505/3580/1505 1503/3578/1503 1507/3582/1507
vt 0.6044921875000000 0.5617675781250000
f 1503/3578/1503 1504/3579/1504 1508/3583/1508
f 1503/3578/1503 1508/3583/1508 1507/3582/1507
vt 0.6054687500000000 0.5632324218750000
f 1508/3583/1508 1504/3579/1504 1509/3584/1509
vt 0.6079101562500000 0.5625000000000000
f 1509/3584/1509 1504/3579/1504 1510/3585/1510
vt 0.6079101562500000 0.5661621093750000
f 1509/3584/1509 1510/3585/1510 1511/3586/1511
vt 0.6037597656250000 0.5646972656250000
f 1507/3582/1507 1508/3583/1508 1512/3587/1512
f 1512/3587/1512 1508/3583/1508 1509/3584/1509
vt 0.6005859375000000 0.5644531250000000
f 1507/3582/1507 1512/3587/1512 1513/3588/1513
vt 0.6054687500000000 0.5656738281250000
f 1509/3584/1509 1511/3586/1511 1514/3589/1514
f 1509/3584/1509 1514/3589/1514 1512/3587/1512
vt 0.6044921875000000 0.5676269531250000
f 1514/3589/1514 1511/3586/1511 1515/3590/1515
f 1514/3589/1514 1515/3590/1515 1512/3587/1512
f 1512/3587/1512 1515/3590/1515 1513/3588/1513
vt 0.6064453125000000 0.5693359375000000
f 1515/3590/1515 1511/3586/1511 1516/3591/1516
vt 0.5998535156250000 0.5664062500000000
f 1513/3588/1513 1515/3590/1515 1517/3592/1517
vt 0.5871582031250000 0.5854492187500000
f 1515/3590/1515 1516/3591/1516 1518/3593/1518
f 1515/3590/1515 1518/3593/1518 1517/3592/1517
vt 0.5891113281250000 0.5874023437500000
f 1518/3593/1518 1516/3591/1516 1519/3594/1519
vt 0.5878906250000000 0.5808105468750000
f 1517/3592/1517 1518/3593/1518 1520/3595/1520
vt 0.5854492187500000 0.5861816406250000
f 1518/3593/1518 1519/3594/1519 1521/3596/1521
vt 0.5859375000000000 0.5886230468750000
f 1521/3596/1521 1519/3594/1519 1522/3597/1522
vt 0.5827636718750000 0.5883789062500000
f 1521/3596/1521 1522/3597/1522 1523/3598/1523
vt 0.5844726562500000 0.5859375000000000
f 1518/3593/1518 1521/3596/1521 1524/3599/1524
vt 0.5834960937500000 0.5859375000000000
f 1521/3596/1521 1523/3598/1523 1525/3600/1525
vt 0.5798339843750000 0.5856933593750000
f 1525/3600/1525 1523/3598/1523 1526/3601/1526
vt 0.5812988281250000 0.5834960937500000
f 1525/3600/1525 1526/3601/1526 1527/3602/1527
vt 0.5825195312500000 0.5817871093750000
f 1525/3600/1525 1527/3602/1527 1528/3603/1528
f 1525/3600/1525 1528/3603/1528 1524/3599/1524
f 1524/3599/1524 1528/3603/1528 1518/3593/1518
f 1518/3593/1518 1528/3603/1528 1520/3595/1520
vt 0.5844726562500000 0.5795898437500000
f 1520/3595/1520 1528/3603/1528 1529/3604/1529
vt 0.9819335937500000 0.5852050781250000
vt 0.9790039062500000 0.5854492187500000
vt 0.9819335937500000 0.5764160156250000
f 1501/3605/1501 1499/3606/1499 1530/3607/1530
vt 0.9787597656250000 0.5769042968750000
f 1530/3607/1530 1499/3606/1499 1531/3608/1531
vt 0.9758300781250000 0.5859375000000000
f 1531/3608/1531 1499/3606/1499 1498/3609/1498
vt 0.9741210937500000 0.5771484375000000
f 1531/3608/1531 1498/3609/1498 1532/3610/1532
vt 0.9724121093750000 0.5773925781250000
f 1532/3610/1532 1498/3609/1498 1533/3611/1533
vt 0.9726562500000000 0.5837402343750000
f 1533/3611/1533 1498/3609/1498 1534/3612/1534
vt 0.9741210937500000 0.5759277343750000
f 1532/3610/1532 1533/3611/1533 1535/3613/1535
vt 0.9731445312500000 0.5759277343750000
f 1535/3613/1535 1533/3611/1533 1536/3614/1536
vt 0.9509277343750000 0.8432617187500000
vt 0.9423828125000000 0.8435058593750000
vt 0.9423828125000000 0.8395996093750000
f 1501/3615/1501 1530/3616/1530 1537/3617/1537
vt 0.9511718750000000 0.8398437500000000
f 1501/3615/1501 1537/3617/1537 1502/3618/1502
vt 0.9423828125000000 0.8139648437500000
f 1502/3618/1502 1537/3617/1537 1538/3619/1538
vt 0.9514160156250000 0.8146972656250000
f 1502/3618/1502 1538/3619/1538 1504/3620/1504
vt 0.9411621093750000 0.8142089843750000
f 1538/3619/1538 1537/3617/1537 1539/3621/1539
vt 0.9411621093750000 0.8393554687500000
f 1539/3621/1539 1537/3617/1537 1540/3622/1540
vt 0.9423828125000000 0.8115234375000000
f 1504/3620/1504 1538/3619/1538 1541/3623/1541
vt 0.9514160156250000 0.8120117187500000
f 1504/3620/1504 1541/3623/1541 1510/3624/1510
vt 0.9423828125000000 0.8085937500000000
f 1510/3624/1510 1541/3623/1541 1542/3625/1542
vt 0.9514160156250000 0.8090820312500000
f 1510/3624/1510 1542/3625/1542 1511/3626/1511
vt 0.2441406250000000 0.5612792968750000
vt 0.2443847656250000 0.5581054687500000
vt 0.2534179687500000 0.5581054687500000
f 1516/3627/1516 1511/3628/1511 1542/3629/1542
vt 0.2534179687500000 0.5610351562500000
f 1516/3627/1516 1542/3629/1542 1543/3630/1543
vt 0.2438964843750000 0.5864257812500000
f 1516/3627/1516 1543/3630/1543 1519/3631/1519
vt 0.2534179687500000 0.5866699218750000
f 1519/3631/1519 1543/3630/1543 1544/3632/1544
vt 0.2441406250000000 0.5893554687500000
f 1519/3631/1519 1544/3632/1544 1522/3633/1522
vt 0.2531738281250000 0.5900878906250000
f 1522/3633/1522 1544/3632/1544 1545/3634/1545
vt 0.6342773437500000 0.8259277343750000
vt 0.6413574218750000 0.8266601562500000
vt 0.6340332031250000 0.8291015625000000
f 1522/3635/1522 1545/3636/1545 1523/3637/1523
vt 0.6413574218750000 0.8293457031250000
f 1523/3637/1523 1545/3636/1545 1546/3638/1546
vt 0.6440429687500000 0.8237304687500000
vt 0.6423339843750000 0.8232421875000000
f 1547/3639/1547 1545/3636/1545 1544/3640/1544
vt 0.6430664062500000 0.8269042968750000
f 1545/3636/1545 1547/3639/1547 1548/3641/1548
f 1545/3636/1545 1548/3641/1548 1546/3638/1546
vt 0.6428222656250000 0.8291015625000000
f 1546/3638/1546 1548/3641/1548 1549/3642/1549
vt 0.6423339843750000 0.8325195312500000
f 1546/3638/1546 1549/3642/1549 1550/3643/1550
vt 0.6440429687500000 0.8327636718750000
f 1550/3643/1550 1549/3642/1549 1551/3644/1551
vt 0.6435546875000000 0.8352050781250000
f 1550/3643/1550 1551/3644/1551 1552/3645/1552
vt 0.8171386718750000 0.0205078125000000
vt 0.8171386718750000 0.0222167968750000
vt 0.8171386718750000 0.0214843750000000
f 1521/3646/1521 1525/3647/1525 1524/3648/1524
vt 0.9113769531250000 0.9885253906250000
vt 0.9091796875000000 0.9887695312500000
vt 0.9096679687500000 0.9843750000000000
f 1528/3649/1528 1527/3650/1527 1553/3651/1553
vt 0.9113769531250000 0.9841308593750000
f 1528/3649/1528 1553/3651/1553 1554/3652/1554
vt 0.9074707031250000 0.9846191406250000
f 1553/3651/1553 1527/3650/1527 1555/3653/1555
vt 0.9069824218750000 0.9890136718750000
f 1555/3653/1555 1527/3650/1527 1526/3654/1526
vt 0.6333007812500000 0.9428710937500000
vt 0.6308593750000000 0.9431152343750000
vt 0.6330566406250000 0.9404296875000000
f 1556/3655/1556 1557/3656/1557 1558/3657/1558
vt 0.6357421875000000 0.9426269531250000
f 1556/3655/1556 1558/3657/1558 1559/3658/1559
vt 0.6354980468750000 0.9394531250000000
f 1559/3658/1559 1558/3657/1558 1560/3659/1560
vt 0.6357421875000000 0.9458007812500000
f 1556/3655/1556 1559/3658/1559 1561/3660/1561
vt 0.6318359375000000 0.9387207031250000
f 1560/3659/1560 1558/3657/1558 1562/3661/1562
vt 0.6337890625000000 0.9467773437500000
f 1556/3655/1556 1561/3660/1561 1563/3662/1563
f 1556/3655/1556 1563/3662/1563 1557/3656/1557
f 1562/3661/1562 1558/3657/1558 1557/3656/1557
vt 0.6318359375000000 0.9472656250000000
f 1557/3656/1557 1563/3662/1563 1564/3663/1564
vt 0.6293945312500000 0.9379882812500000
f 1562/3661/1562 1557/3656/1557 1565/3664/1565
vt 0.6296386718750000 0.9355468750000000
f 1562/3661/1562 1565/3664/1565 1566/3665/1566
vt 0.6254882812500000 0.9411621093750000
vt 0.6279296875000000 0.9438476562500000
f 1567/3666/1567 1557/3656/1557 1568/3667/1568
f 1557/3656/1557 1567/3666/1567 1565/3664/1565
vt 0.6074218750000000 0.9431152343750000
f 1565/3664/1565 1567/3666/1567 1569/3668/1569
vt 0.6042480468750000 0.9367675781250000
f 1566/3665/1566 1565/3664/1565 1570/3669/1570
vt 0.6044921875000000 0.9392089843750000
f 1565/3664/1565 1569/3668/1569 1571/3670/1571
f 1565/3664/1565 1571/3670/1571 1570/3669/1570
vt 0.6032714843750000 0.9418945312500000
f 1571/3670/1571 1569/3668/1569 1572/3671/1572
vt 0.6057128906250000 0.9440917968750000
f 1572/3671/1572 1569/3668/1569 1573/3672/1573
vt 0.6027832031250000 0.9396972656250000
f 1570/3669/1570 1571/3670/1571 1574/3673/1574
f 1574/3673/1574 1571/3670/1571 1572/3671/1572
vt 0.6015625000000000 0.9375000000000000
f 1570/3669/1570 1574/3673/1574 1575/3674/1575
vt 0.6047363281250000 0.9460449218750000
f 1572/3671/1572 1573/3672/1573 1576/3675/1576
vt 0.5988769531250000 0.9401855468750000
f 1575/3674/1575 1574/3673/1574 1577/3676/1577
vt 0.6013183593750000 0.9414062500000000
f 1574/3673/1574 1572/3671/1572 1578/3677/1578
f 1574/3673/1574 1578/3677/1578 1577/3676/1577
vt 0.6005859375000000 0.9436035156250000
f 1572/3671/1572 1576/3675/1576 1579/3678/1579
f 1572/3671/1572 1579/3678/1579 1578/3677/1578
f 1578/3677/1578 1579/3678/1579 1577/3676/1577
vt 0.5981445312500000 0.9436035156250000
f 1577/3676/1577 1579/3678/1579 1580/3679/1580
vt 0.6037597656250000 0.9643554687500000
f 1579/3678/1579 1576/3675/1576 1581/3680/1581
vt 0.5979003906250000 0.9685058593750000
f 1580/3679/1580 1579/3678/1579 1582/3681/1582
vt 0.6005859375000000 0.9682617187500000
f 1579/3678/1579 1581/3680/1581 1583/3682/1583
f 1579/3678/1579 1583/3682/1583 1582/3681/1582
vt 0.6066894531250000 0.9689941406250000
f 1583/3682/1583 1581/3680/1581 1584/3683/1584
vt 0.6066894531250000 0.9660644531250000
f 1584/3683/1584 1581/3680/1581 1585/3684/1585
vt 0.6015625000000000 0.9702148437500000
f 1582/3681/1582 1583/3682/1583 1586/3685/1586
f 1586/3685/1586 1583/3682/1583 1584/3683/1584
vt 0.5991210937500000 0.9716796875000000
f 1582/3681/1582 1586/3685/1586 1587/3686/1587
vt 0.6018066406250000 0.9736328125000000
f 1587/3686/1587 1586/3685/1586 1588/3687/1588
vt 0.6027832031250000 0.9711914062500000
f 1586/3685/1586 1584/3683/1584 1589/3688/1589
f 1586/3685/1586 1589/3688/1589 1588/3687/1588
vt 0.6064453125000000 0.9714355468750000
f 1589/3688/1589 1584/3683/1584 1590/3689/1590
vt 0.6059570312500000 0.9736328125000000
f 1588/3687/1588 1589/3688/1589 1591/3690/1591
f 1591/3690/1591 1589/3688/1589 1590/3689/1590
vt 0.6093750000000000 0.9736328125000000
f 1591/3690/1591 1590/3689/1590 1592/3691/1592
vt 0.6103515625000000 0.9714355468750000
f 1592/3691/1592 1590/3689/1590 1593/3692/1593
vt 0.6970214843750000 0.9018554687500000
vt 0.6994628906250000 0.9045410156250000
vt 0.6970214843750000 0.9052734375000000
f 1560/3693/1560 1562/3694/1562 1594/3695/1594
vt 0.6987304687500000 0.9084472656250000
f 1594/3695/1594 1562/3694/1562 1566/3696/1566
vt 0.9738769531250000 0.3920898437500000
vt 0.9738769531250000 0.3891601562500000
vt 0.9819335937500000 0.3925781250000000
f 1560/3697/1560 1594/3698/1594 1595/3699/1595
vt 0.9816894531250000 0.3891601562500000
f 1595/3699/1595 1594/3698/1594 1596/3700/1596
vt 0.9819335937500000 0.3969726562500000
f 1560/3697/1560 1595/3699/1595 1597/3701/1597
vt 0.9736328125000000 0.3952636718750000
f 1560/3697/1560 1597/3701/1597 1559/3702/1559
vt 0.9819335937500000 0.3989257812500000
f 1559/3702/1559 1597/3701/1597 1598/3703/1598
vt 0.9758300781250000 0.3984375000000000
f 1559/3702/1559 1598/3703/1598 1561/3704/1561
vt 0.0612792968750000 0.2416992187500000
vt 0.0607910156250000 0.2382812500000000
vt 0.0693359375000000 0.2424316406250000
f 1594/3705/1594 1566/3706/1566 1596/3707/1596
vt 0.0690917968750000 0.2385253906250000
f 1596/3707/1596 1566/3706/1566 1599/3708/1599
vt 0.0598144531250000 0.2131347656250000
f 1599/3708/1599 1566/3706/1566 1570/3709/1570
vt 0.0690917968750000 0.2128906250000000
f 1599/3708/1599 1570/3709/1570 1600/3710/1600
vt 0.0598144531250000 0.2102050781250000
f 1600/3710/1600 1570/3709/1570 1575/3711/1575
vt 0.0693359375000000 0.2102050781250000
f 1600/3710/1600 1575/3711/1575 1601/3712/1601
vt 0.8430175781250000 0.5202636718750000
vt 0.8447265625000000 0.5168457031250000
vt 0.8461914062500000 0.5175781250000000
f 1596/3713/1596 1599/3714/1599 1540/3715/1540
vt 0.8449707031250000 0.5207519531250000
f 1596/3713/1596 1540/3715/1540 1602/3716/1602
vt 0.8430175781250000 0.5241699218750000
f 1596/3713/1596 1602/3716/1602 1595/3717/1595
vt 0.8447265625000000 0.5236816406250000
f 1595/3717/1595 1602/3716/1602 1603/3718/1603
vt 0.8447265625000000 0.5275878906250000
f 1595/3717/1595 1603/3718/1603 1597/3719/1597
vt 0.8461914062500000 0.5270996093750000
f 1597/3719/1597 1603/3718/1603 1535/3720/1535
vt 0.9487304687500000 0.5505371093750000
vt 0.9472656250000000 0.5512695312500000
vt 0.9348144531250000 0.5324707031250000
f 1540/3721/1540 1599/3722/1599 1600/3723/1600
vt 0.9365234375000000 0.5319824218750000
f 1540/3721/1540 1600/3723/1600 1539/3724/1539
vt 0.9340820312500000 0.5300292968750000
f 1539/3724/1539 1600/3723/1600 1601/3725/1601
vt 0.9357910156250000 0.5297851562500000
f 1539/3724/1539 1601/3725/1601 1604/3726/1604
vt 0.9355468750000000 0.5263671875000000
f 1604/3726/1604 1601/3725/1601 1605/3727/1605
vt 0.9338378906250000 0.5261230468750000
f 1605/3727/1605 1601/3725/1601 1606/3728/1606
vt 0.9348144531250000 0.5231933593750000
f 1605/3727/1605 1606/3728/1606 1607/3729/1607
vt 0.9365234375000000 0.5239257812500000
f 1605/3727/1605 1607/3729/1607 1608/3730/1608
vt 0.9487304687500000 0.5061035156250000
f 1608/3730/1608 1607/3729/1607 1547/3731/1547
vt 0.9475097656250000 0.5048828125000000
f 1547/3731/1547 1607/3729/1607 1609/3732/1609
vt 0.0974121093750000 0.0358886718750000
vt 0.0974121093750000 0.0285644531250000
vt 0.1010742187500000 0.0285644531250000
f 1601/3733/1601 1575/3734/1575 1577/3735/1577
vt 0.1010742187500000 0.0358886718750000
f 1601/3733/1601 1577/3735/1577 1606/3736/1606
vt 0.7626953125000000 0.8605957031250000
vt 0.7668457031250000 0.8615722656250000
vt 0.7666015625000000 0.8706054687500000
f 1588/3737/1588 1591/3738/1591 1610/3739/1610
vt 0.7629394531250000 0.8701171875000000
f 1588/3737/1588 1610/3739/1610 1611/3740/1611
vt 0.7700195312500000 0.8710937500000000
f 1610/3739/1610 1591/3738/1591 1612/3741/1612
vt 0.7700195312500000 0.8647460937500000
f 1612/3741/1612 1591/3738/1591 1592/3742/1592
vt 0.7778320312500000 0.1088867187500000
vt 0.7812500000000000 0.1091308593750000
vt 0.7812500000000000 0.1164550781250000
f 1587/3743/1587 1588/3744/1588 1611/3745/1611
vt 0.7785644531250000 0.1162109375000000
f 1587/3743/1587 1611/3745/1611 1613/3746/1613
vt 0.9472656250000000 0.3518066406250000
vt 0.9450683593750000 0.3518066406250000
vt 0.9453125000000000 0.3474121093750000
f 1498/3747/1498 1497/3748/1497 1614/3749/1614
vt 0.9436035156250000 0.3471679687500000
f 1614/3749/1614 1497/3748/1497 1615/3750/1615
vt 0.9472656250000000 0.3479003906250000
f 1498/3747/1498 1614/3749/1614 1534/3751/1534
vt 0.0776367187500000 0.1464843750000000
vt 0.0788574218750000 0.1508789062500000
vt 0.0769042968750000 0.1508789062500000
f 1615/3752/1615 1497/3753/1497 1496/3754/1496
vt 0.6125488281250000 0.0109863281250000
vt 0.6105957031250000 0.0109863281250000
vt 0.6108398437500000 0.0043945312500000
f 1614/3755/1614 1615/3756/1615 1616/3757/1616
vt 0.6127929687500000 0.0046386718750000
f 1614/3755/1614 1616/3757/1616 1617/3758/1617
vt 0.6105957031250000 0.0031738281250000
f 1617/3758/1617 1616/3757/1616 1618/3759/1618
vt 0.6147460937500000 0.0109863281250000
f 1614/3755/1614 1617/3758/1617 1534/3760/1534
vt 0.6130371093750000 0.0031738281250000
f 1617/3758/1617 1618/3759/1618 1619/3761/1619
vt 0.6149902343750000 0.0046386718750000
f 1534/3760/1534 1617/3758/1617 1533/3762/1533
f 1533/3762/1533 1617/3758/1617 1619/3761/1619
vt 0.6142578125000000 0.0031738281250000
f 1533/3762/1533 1619/3761/1619 1536/3763/1536
vt 0.5925292968750000 0.8205566406250000
vt 0.5925292968750000 0.8168945312500000
vt 0.5942382812500000 0.8203125000000000
f 1530/3764/1530 1531/3765/1531 1602/3766/1602
vt 0.5954589843750000 0.8234863281250000
f 1530/3764/1530 1602/3766/1602 1540/3767/1540
vt 0.5939941406250000 0.8239746093750000
f 1530/3764/1530 1540/3767/1540 1537/3768/1537
vt 0.5942382812500000 0.8171386718750000
f 1602/3766/1602 1531/3765/1531 1603/3769/1603
vt 0.5939941406250000 0.8129882812500000
f 1603/3769/1603 1531/3765/1531 1532/3770/1532
vt 0.5954589843750000 0.8139648437500000
f 1603/3769/1603 1532/3770/1532 1535/3771/1535
vt 0.6281738281250000 0.7050781250000000
vt 0.6267089843750000 0.7041015625000000
vt 0.6289062500000000 0.7031250000000000
f 1597/3772/1597 1535/3773/1535 1598/3774/1598
vt 0.6271972656250000 0.7031250000000000
f 1598/3774/1598 1535/3773/1535 1536/3775/1536
vt 0.6267089843750000 0.7019042968750000
f 1598/3774/1598 1536/3775/1536 1619/3776/1619
vt 0.6281738281250000 0.7011718750000000
f 1598/3774/1598 1619/3776/1619 1620/3777/1620
vt 0.8017578125000000 0.4260253906250000
vt 0.8032226562500000 0.4257812500000000
vt 0.8032226562500000 0.4279785156250000
f 1620/3778/1620 1619/3779/1619 1618/3780/1618
vt 0.6037597656250000 0.3269042968750000
vt 0.6037597656250000 0.3295898437500000
vt 0.6027832031250000 0.3283691406250000
f 1620/3781/1620 1618/3782/1618 1621/3783/1621
vt 0.1911621093750000 0.9902343750000000
vt 0.1889648437500000 0.9902343750000000
vt 0.1889648437500000 0.9838867187500000
f 1598/3784/1598 1620/3785/1620 1563/3786/1563
vt 0.1911621093750000 0.9841308593750000
f 1598/3784/1598 1563/3786/1563 1561/3787/1561
vt 0.1870117187500000 0.9836425781250000
f 1563/3786/1563 1620/3785/1620 1564/3788/1564
vt 0.1870117187500000 0.9902343750000000
f 1564/3788/1564 1620/3785/1620 1621/3789/1621
vt 0.9521484375000000 0.9570312500000000
vt 0.9509277343750000 0.9560546875000000
vt 0.9523925781250000 0.9541015625000000
f 1538/3790/1538 1539/3791/1539 1604/3792/1604
vt 0.9536132812500000 0.9550781250000000
f 1538/3790/1538 1604/3792/1604 1541/3793/1541
vt 0.9536132812500000 0.9511718750000000
f 1541/3793/1541 1604/3792/1604 1605/3794/1605
vt 0.9553222656250000 0.9516601562500000
f 1541/3793/1541 1605/3794/1605 1542/3795/1542
vt 0.9555664062500000 0.9484863281250000
f 1542/3795/1542 1605/3794/1605 1543/3796/1543
vt 0.9541015625000000 0.9484863281250000
f 1543/3796/1543 1605/3794/1605 1608/3797/1608
vt 0.9526367187500000 0.9267578125000000
f 1543/3796/1543 1608/3797/1608 1544/3798/1544
vt 0.9509277343750000 0.9272460937500000
f 1544/3798/1544 1608/3797/1608 1547/3799/1547
vt 0.3298339843750000 0.0039062500000000
vt 0.3391113281250000 0.0039062500000000
vt 0.3298339843750000 0.0070800781250000
f 1606/3800/1606 1577/3801/1577 1607/3802/1607
vt 0.3393554687500000 0.0070800781250000
f 1607/3802/1607 1577/3801/1577 1580/3803/1580
vt 0.3300781250000000 0.0327148437500000
f 1607/3802/1607 1580/3803/1580 1609/3804/1609
vt 0.3393554687500000 0.0322265625000000
f 1609/3804/1609 1580/3803/1580 1582/3805/1582
vt 0.3298339843750000 0.0358886718750000
f 1609/3804/1609 1582/3805/1582 1613/3806/1613
vt 0.3391113281250000 0.0354003906250000
f 1613/3806/1613 1582/3805/1582 1587/3807/1587
vt 0.9335937500000000 0.9836425781250000
vt 0.9299316406250000 0.9860839843750000
vt 0.9299316406250000 0.9770507812500000
f 1555/3808/1555 1526/3809/1526 1550/3810/1550
vt 0.9333496093750000 0.9772949218750000
f 1555/3808/1555 1550/3810/1550 1552/3811/1552
vt 0.9262695312500000 0.9768066406250000
f 1550/3810/1550 1526/3809/1526 1546/3812/1546
vt 0.9262695312500000 0.9860839843750000
f 1546/3812/1546 1526/3809/1526 1523/3813/1523
vt 0.2890625000000000 0.5996093750000000
vt 0.2871093750000000 0.5996093750000000
vt 0.2890625000000000 0.5930175781250000
f 1553/3814/1553 1555/3815/1555 1622/3816/1622
vt 0.2871093750000000 0.5930175781250000
f 1622/3816/1622 1555/3815/1555 1552/3817/1552
vt 0.2893066406250000 0.5917968750000000
f 1622/3816/1622 1552/3817/1552 1623/3818/1623
vt 0.2907714843750000 0.5930175781250000
f 1553/3814/1553 1622/3816/1622 1624/3819/1624
vt 0.2907714843750000 0.5996093750000000
f 1553/3814/1553 1624/3819/1624 1554/3820/1554
vt 0.2333984375000000 0.6010742187500000
vt 0.2333984375000000 0.5983886718750000
vt 0.2341308593750000 0.6000976562500000
f 1552/3821/1552 1551/3822/1551 1625/3823/1625
vt 0.2353515625000000 0.6000976562500000
f 1552/3821/1552 1625/3823/1625 1623/3824/1623
vt 0.5727539062500000 0.8203125000000000
vt 0.5734863281250000 0.8188476562500000
vt 0.5742187500000000 0.8212890625000000
f 1625/3825/1625 1551/3826/1551 1612/3827/1612
vt 0.5751953125000000 0.8181152343750000
f 1612/3827/1612 1551/3826/1551 1610/3828/1610
vt 0.5747070312500000 0.8144531250000000
f 1610/3828/1610 1551/3826/1551 1549/3829/1549
vt 0.5761718750000000 0.8144531250000000
f 1610/3828/1610 1549/3829/1549 1611/3830/1611
vt 0.5742187500000000 0.8122558593750000
f 1611/3830/1611 1549/3829/1549 1548/3831/1548
vt 0.5756835937500000 0.8117675781250000
f 1611/3830/1611 1548/3831/1548 1613/3832/1613
vt 0.5727539062500000 0.8098144531250000
f 1613/3832/1613 1548/3831/1548 1547/3833/1547
vt 0.5742187500000000 0.8088378906250000
f 1613/3832/1613 1547/3833/1547 1609/3834/1609
vt 0.3598632812500000 0.3388671875000000
vt 0.3613281250000000 0.3378906250000000
vt 0.3598632812500000 0.3400878906250000
f 1625/3835/1625 1612/3836/1612 1623/3837/1623
vt 0.3615722656250000 0.3400878906250000
f 1623/3837/1623 1612/3836/1612 1626/3838/1626
vt 0.3598632812500000 0.3420410156250000
f 1623/3837/1623 1626/3838/1626 1627/3839/1627
vt 0.3613281250000000 0.3417968750000000
f 1627/3839/1627 1626/3838/1626 1628/3840/1628
vt 0.7075195312500000 0.8447265625000000
vt 0.7077636718750000 0.8432617187500000
vt 0.7092285156250000 0.8449707031250000
f 1624/3841/1624 1622/3842/1622 1627/3843/1627
vt 0.7092285156250000 0.8432617187500000
f 1627/3843/1627 1622/3842/1622 1623/3844/1623
vt 0.5224609375000000 0.9890136718750000
vt 0.5224609375000000 0.9824218750000000
vt 0.5246582031250000 0.9824218750000000
f 1612/3845/1612 1592/3846/1592 1593/3847/1593
vt 0.5246582031250000 0.9890136718750000
f 1612/3845/1612 1593/3847/1593 1626/3848/1626
vt 0.5263671875000000 0.9824218750000000
f 1626/3848/1626 1593/3847/1593 1629/3849/1629
vt 0.5263671875000000 0.9890136718750000
f 1626/3848/1626 1629/3849/1629 1628/3850/1628
vt 0.6201171875000000 0.3269042968750000
vt 0.6201171875000000 0.3217773437500000
vt 0.6218261718750000 0.3220214843750000
f 1593/3851/1593 1590/3852/1590 1584/3853/1584
vt 0.4704589843750000 0.3420410156250000
vt 0.4721679687500000 0.3381347656250000
vt 0.4721679687500000 0.3420410156250000
f 1593/3854/1593 1584/3855/1584 1629/3856/1629
vt 0.3486328125000000 0.5781250000000000
vt 0.3457031250000000 0.5803222656250000
vt 0.3403320312500000 0.5700683593750000
f 1630/3857/1630 1631/3858/1631 1632/3859/1632
vt 0.3422851562500000 0.5815429687500000
f 1632/3859/1632 1631/3858/1631 1633/3860/1633
vt 0.3508300781250000 0.5751953125000000
f 1630/3857/1630 1632/3859/1632 1634/3861/1634
vt 0.3388671875000000 0.5817871093750000
f 1632/3859/1632 1633/3860/1633 1635/3862/1635
vt 0.3518066406250000 0.5715332031250000
f 1634/3861/1634 1632/3859/1632 1636/3863/1636
vt 0.3352050781250000 0.5805664062500000
f 1632/3859/1632 1635/3862/1635 1637/3864/1637
vt 0.3518066406250000 0.5676269531250000
f 1636/3863/1636 1632/3859/1632 1638/3865/1638
vt 0.3322753906250000 0.5786132812500000
f 1632/3859/1632 1637/3864/1637 1639/3866/1639
vt 0.3503417968750000 0.5639648437500000
f 1638/3865/1638 1632/3859/1632 1640/3867/1640
vt 0.3303222656250000 0.5759277343750000
f 1632/3859/1632 1639/3866/1639 1641/3868/1641
vt 0.3481445312500000 0.5612792968750000
f 1640/3867/1640 1632/3859/1632 1642/3869/1642
vt 0.3291015625000000 0.5725097656250000
f 1632/3859/1632 1641/3868/1641 1643/3870/1643
vt 0.3452148437500000 0.5593261718750000
f 1642/3869/1642 1632/3859/1632 1644/3871/1644
vt 0.3291015625000000 0.5686035156250000
f 1632/3859/1632 1643/3870/1643 1645/3872/1645
vt 0.3417968750000000 0.5583496093750000
f 1644/3871/1644 1632/3859/1632 1646/3873/1646
vt 0.3300781250000000 0.5649414062500000
f 1632/3859/1632 1645/3872/1645 1647/3874/1647
vt 0.3378906250000000 0.5583496093750000
f 1646/3873/1646 1632/3859/1632 1648/3875/1648
vt 0.3320312500000000 0.5617675781250000
f 1632/3859/1632 1647/3874/1647 1649/3876/1649
vt 0.3347167968750000 0.5595703125000000
f 1648/3875/1648 1632/3859/1632 1650/3877/1650
f 1650/3877/1650 1632/3859/1632 1649/3876/1649
vt 0.0207519531250000 0.9580078125000000
vt 0.0205078125000000 0.9614257812500000
vt 0.0173339843750000 0.9616699218750000
f 1631/3878/1631 1630/3879/1630 1651/3880/1651
vt 0.0175781250000000 0.9580078125000000
f 1631/3878/1631 1651/3880/1651 1652/3881/1652
vt 0.0207519531250000 0.9653320312500000
f 1651/3880/1651 1630/3879/1630 1634/3882/1634
vt 0.0178222656250000 0.9653320312500000
f 1651/3880/1651 1634/3882/1634 1653/3883/1653
vt 0.4687500000000000 0.8391113281250000
vt 0.4687500000000000 0.8354492187500000
vt 0.4721679687500000 0.8393554687500000
f 1634/3884/1634 1636/3885/1636 1653/3886/1653
vt 0.4721679687500000 0.8354492187500000
f 1653/3886/1653 1636/3885/1636 1654/3887/1654
vt 0.4687500000000000 0.8315429687500000
f 1654/3887/1654 1636/3885/1636 1638/3888/1638
vt 0.4721679687500000 0.8315429687500000
f 1654/3887/1654 1638/3888/1638 1655/3889/1655
vt 0.4687500000000000 0.8281250000000000
f 1655/3889/1655 1638/3888/1638 1640/3890/1640
vt 0.4721679687500000 0.8278808593750000
f 1655/3889/1655 1640/3890/1640 1656/3891/1656
vt 0.1535644531250000 0.9670410156250000
vt 0.1547851562500000 0.9631347656250000
vt 0.1579589843750000 0.9636230468750000
f 1653/3892/1653 1654/3893/1654 1657/3894/1657
vt 0.1547851562500000 0.9592285156250000
f 1657/3894/1657 1654/3893/1654 1655/3895/1655
vt 0.1564941406250000 0.9682617187500000
f 1653/3892/1653 1657/3894/1657 1658/3896/1658
vt 0.1579589843750000 0.9587402343750000
f 1657/3894/1657 1655/3895/1655 1659/3897/1659
vt 0.1538085937500000 0.9721679687500000
f 1653/3892/1653 1658/3896/1658 1660/3898/1660
vt 0.1564941406250000 0.9541015625000000
f 1659/3897/1659 1655/3895/1655 1661/3899/1661
vt 0.1513671875000000 0.9699707031250000
f 1653/3892/1653 1660/3898/1660 1651/3900/1651
vt 0.1535644531250000 0.9555664062500000
f 1661/3899/1661 1655/3895/1655 1656/3901/1656
vt 0.1496582031250000 0.9750976562500000
f 1651/3900/1651 1660/3898/1660 1662/3902/1662
vt 0.1513671875000000 0.9523925781250000
f 1661/3899/1661 1656/3901/1656 1663/3903/1663
vt 0.1484375000000000 0.9721679687500000
f 1651/3900/1651 1662/3902/1662 1652/3904/1652
vt 0.1535644531250000 0.9501953125000000
f 1661/3899/1661 1663/3903/1663 1664/3905/1664
vt 0.1447753906250000 0.9733886718750000
f 1652/3904/1652 1662/3902/1662 1665/3906/1665
vt 0.1481933593750000 0.9504394531250000
f 1664/3905/1664 1663/3903/1663 1666/3907/1666
vt 0.1452636718750000 0.9763183593750000
f 1665/3906/1665 1662/3902/1662 1667/3908/1667
vt 0.1494140625000000 0.9475097656250000
f 1664/3905/1664 1666/3907/1666 1668/3909/1668
vt 0.1408691406250000 0.9733886718750000
f 1665/3906/1665 1667/3908/1667 1669/3910/1669
vt 0.1447753906250000 0.9460449218750000
f 1668/3909/1668 1666/3907/1666 1670/3911/1670
vt 0.1403808593750000 0.9763183593750000
f 1669/3910/1669 1667/3908/1667 1671/3912/1671
vt 0.1445312500000000 0.9492187500000000
f 1670/3911/1670 1666/3907/1666 1672/3913/1672
vt 0.1372070312500000 0.9724121093750000
f 1669/3910/1669 1671/3912/1671 1673/3914/1673
vt 0.1401367187500000 0.9460449218750000
f 1670/3911/1670 1672/3913/1672 1674/3915/1674
vt 0.1359863281250000 0.9750976562500000
f 1673/3914/1673 1671/3912/1671 1675/3916/1675
vt 0.1406250000000000 0.9492187500000000
f 1674/3915/1674 1672/3913/1672 1676/3917/1676
vt 0.1342773437500000 0.9699707031250000
f 1673/3914/1673 1675/3916/1675 1677/3918/1677
vt 0.1357421875000000 0.9477539062500000
f 1674/3915/1674 1676/3917/1676 1678/3919/1678
vt 0.1320800781250000 0.9724121093750000
f 1677/3918/1677 1675/3916/1675 1679/3920/1679
vt 0.1372070312500000 0.9504394531250000
f 1678/3919/1678 1676/3917/1676 1680/3921/1680
vt 0.1320800781250000 0.9672851562500000
f 1677/3918/1677 1679/3920/1679 1681/3922/1681
vt 0.1342773437500000 0.9526367187500000
f 1678/3919/1678 1680/3921/1680 1682/3923/1682
vt 0.1293945312500000 0.9689941406250000
f 1681/3922/1681 1679/3920/1679 1683/3924/1683
vt 0.1320800781250000 0.9504394531250000
f 1678/3919/1678 1682/3923/1682 1684/3925/1684
vt 0.1276855468750000 0.9641113281250000
f 1681/3922/1681 1683/3924/1683 1685/3926/1685
vt 0.1293945312500000 0.9543457031250000
f 1684/3925/1684 1682/3923/1682 1686/3927/1686
vt 0.1308593750000000 0.9636230468750000
f 1681/3922/1681 1685/3926/1685 1687/3928/1687
vt 0.1320800781250000 0.9558105468750000
f 1686/3927/1686 1682/3923/1682 1688/3929/1688
vt 0.1276855468750000 0.9592285156250000
f 1687/3928/1687 1685/3926/1685 1689/3930/1689
vt 0.1308593750000000 0.9594726562500000
f 1686/3927/1686 1688/3929/1688 1690/3931/1690
f 1687/3928/1687 1689/3930/1689 1690/3931/1690
f 1690/3931/1690 1689/3930/1689 1686/3927/1686
vt 0.8461914062500000 0.3232421875000000
vt 0.8461914062500000 0.3264160156250000
vt 0.8427734375000000 0.3269042968750000
f 1633/3932/1633 1631/3933/1631 1652/3934/1652
vt 0.8427734375000000 0.3232421875000000
f 1633/3932/1633 1652/3934/1652 1665/3935/1665
vt 0.8461914062500000 0.3195800781250000
f 1633/3932/1633 1665/3935/1665 1635/3936/1635
vt 0.8427734375000000 0.3195800781250000
f 1635/3936/1635 1665/3935/1665 1669/3937/1669
vt 0.8461914062500000 0.3159179687500000
f 1635/3936/1635 1669/3937/1669 1637/3938/1637
vt 0.8427734375000000 0.3159179687500000
f 1637/3938/1637 1669/3937/1669 1673/3939/1673
vt 0.6882324218750000 0.8571777343750000
vt 0.6850585937500000 0.8574218750000000
vt 0.6877441406250000 0.8540039062500000
f 1637/3940/1637 1673/3941/1673 1639/3942/1639
vt 0.6845703125000000 0.8540039062500000
f 1639/3942/1639 1673/3941/1673 1677/3943/1677
vt 0.6877441406250000 0.8505859375000000
f 1639/3942/1639 1677/3943/1677 1641/3944/1641
vt 0.6845703125000000 0.8503417968750000
f 1641/3944/1641 1677/3943/1677 1681/3945/1681
vt 0.6882324218750000 0.8469238281250000
f 1641/3944/1641 1681/3945/1681 1643/3946/1643
vt 0.6850585937500000 0.8466796875000000
f 1643/3946/1643 1681/3945/1681 1687/3947/1687
vt 0.6264648437500000 0.6921386718750000
vt 0.6264648437500000 0.6889648437500000
vt 0.6298828125000000 0.6926269531250000
f 1642/3948/1642 1644/3949/1644 1663/3950/1663
vt 0.6301269531250000 0.6892089843750000
f 1663/3950/1663 1644/3949/1644 1666/3951/1666
vt 0.6267089843750000 0.6853027343750000
f 1666/3951/1666 1644/3949/1644 1646/3952/1646
vt 0.6301269531250000 0.6853027343750000
f 1666/3951/1666 1646/3952/1646 1672/3953/1672
vt 0.6264648437500000 0.6816406250000000
f 1672/3953/1672 1646/3952/1646 1648/3954/1648
vt 0.6301269531250000 0.6813964843750000
f 1672/3953/1672 1648/3954/1648 1676/3955/1676
vt 0.6264648437500000 0.6787109375000000
f 1676/3955/1676 1648/3954/1648 1650/3956/1650
vt 0.6298828125000000 0.6782226562500000
f 1676/3955/1676 1650/3956/1650 1680/3957/1680
vt 0.5554199218750000 0.3288574218750000
vt 0.5581054687500000 0.3286132812500000
vt 0.5581054687500000 0.3325195312500000
f 1642/3958/1642 1663/3959/1663 1656/3960/1656
vt 0.5554199218750000 0.3322753906250000
f 1642/3958/1642 1656/3960/1656 1640/3961/1640
vt 0.6440429687500000 0.2563476562500000
vt 0.6440429687500000 0.2602539062500000
vt 0.6406250000000000 0.2604980468750000
f 1645/3962/1645 1643/3963/1643 1687/3964/1687
vt 0.6406250000000000 0.2563476562500000
f 1645/3962/1645 1687/3964/1687 1690/3965/1690
vt 0.6440429687500000 0.2526855468750000
f 1645/3962/1645 1690/3965/1690 1647/3966/1647
vt 0.6406250000000000 0.2524414062500000
f 1647/3966/1647 1690/3965/1690 1688/3967/1688
vt 0.4272460937500000 0.9665527343750000
vt 0.4274902343750000 0.9631347656250000
vt 0.4306640625000000 0.9631347656250000
f 1650/3968/1650 1649/3969/1649 1682/3970/1682
vt 0.4304199218750000 0.9667968750000000
f 1650/3968/1650 1682/3970/1682 1680/3971/1680
vt 0.4272460937500000 0.9594726562500000
f 1682/3970/1682 1649/3969/1649 1647/3972/1647
vt 0.4304199218750000 0.9592285156250000
f 1682/3970/1682 1647/3972/1647 1688/3973/1688
vt 0.1533203125000000 0.7119140625000000
vt 0.1499023437500000 0.7109375000000000
vt 0.1550292968750000 0.7004394531250000
f 1691/3974/1691 1692/3975/1692 1693/3976/1693
vt 0.1469726562500000 0.7089843750000000
f 1693/3976/1693 1692/3975/1692 1694/3977/1694
vt 0.1572265625000000 0.7116699218750000
f 1691/3974/1691 1693/3976/1693 1695/3978/1695
vt 0.1447753906250000 0.7060546875000000
f 1693/3976/1693 1694/3977/1694 1696/3979/1696
vt 0.1604003906250000 0.7106933593750000
f 1695/3978/1695 1693/3976/1693 1697/3980/1697
vt 0.1433105468750000 0.7023925781250000
f 1693/3976/1693 1696/3979/1696 1698/3981/1698
vt 0.1633300781250000 0.7084960937500000
f 1697/3980/1697 1693/3976/1693 1699/3982/1699
vt 0.1433105468750000 0.6984863281250000
f 1693/3976/1693 1698/3981/1698 1700/3983/1700
vt 0.1652832031250000 0.7055664062500000
f 1699/3982/1699 1693/3976/1693 1701/3984/1701
vt 0.1445312500000000 0.6948242187500000
f 1693/3976/1693 1700/3983/1700 1702/3985/1702
vt 0.1662597656250000 0.7021484375000000
f 1701/3984/1701 1693/3976/1693 1703/3986/1703
vt 0.1464843750000000 0.6921386718750000
f 1693/3976/1693 1702/3985/1702 1704/3987/1704
vt 0.1662597656250000 0.6982421875000000
f 1703/3986/1703 1693/3976/1693 1705/3988/1705
vt 0.1494140625000000 0.6899414062500000
f 1693/3976/1693 1704/3987/1704 1706/3989/1706
vt 0.1647949218750000 0.6948242187500000
f 1705/3988/1705 1693/3976/1693 1707/3990/1707
vt 0.1528320312500000 0.6887207031250000
f 1693/3976/1693 1706/3989/1706 1708/3991/1708
vt 0.1625976562500000 0.6918945312500000
f 1707/3990/1707 1693/3976/1693 1709/3992/1709
vt 0.1564941406250000 0.6884765625000000
f 1693/3976/1693 1708/3991/1708 1710/3993/1710
vt 0.1599121093750000 0.6896972656250000
f 1709/3992/1709 1693/3976/1693 1711/3994/1711
f 1711/3994/1711 1693/3976/1693 1710/3993/1710
vt 0.9497070312500000 0.9714355468750000
vt 0.9492187500000000 0.9677734375000000
vt 0.9528808593750000 0.9711914062500000
f 1694/3995/1694 1692/3996/1692 1712/3997/1712
vt 0.9523925781250000 0.9675292968750000
f 1712/3997/1712 1692/3996/1692 1713/3998/1713
vt 0.9523925781250000 0.9750976562500000
f 1694/3995/1694 1712/3997/1712 1714/3999/1714
vt 0.9492187500000000 0.9748535156250000
f 1694/3995/1694 1714/3999/1714 1696/4000/1696
vt 0.1240234375000000 0.7072753906250000
vt 0.1240234375000000 0.7041015625000000
vt 0.1274414062500000 0.7077636718750000
f 1692/4001/1692 1691/4002/1691 1713/4003/1713
vt 0.1274414062500000 0.7043457031250000
f 1713/4003/1713 1691/4002/1691 1715/4004/1715
vt 0.1271972656250000 0.7004394531250000
f 1715/4004/1715 1691/4002/1691 1716/4005/1716
vt 0.1237792968750000 0.7004394531250000
f 1716/4005/1716 1691/4002/1691 1695/4006/1695
vt 0.1274414062500000 0.6967773437500000
f 1716/4005/1716 1695/4006/1695 1717/4007/1717
vt 0.1240234375000000 0.6970214843750000
f 1717/4007/1717 1695/4006/1695 1697/4008/1697
vt 0.1274414062500000 0.6933593750000000
f 1717/4007/1717 1697/4008/1697 1718/4009/1718
vt 0.4912109375000000 0.9719238281250000
vt 0.4951171875000000 0.9719238281250000
vt 0.4907226562500000 0.9750976562500000
f 1715/4010/1715 1716/4011/1716 1719/4012/1719
vt 0.4877929687500000 0.9707031250000000
f 1715/4010/1715 1719/4012/1719 1713/4013/1713
vt 0.4956054687500000 0.9750976562500000
f 1719/4012/1719 1716/4011/1716 1720/4014/1720
vt 0.4863281250000000 0.9733886718750000
f 1713/4013/1713 1719/4012/1719 1721/4015/1721
vt 0.4987792968750000 0.9707031250000000
f 1720/4014/1720 1716/4011/1716 1717/4016/1717
vt 0.4846191406250000 0.9685058593750000
f 1713/4013/1713 1721/4015/1721 1712/4017/1712
vt 0.5000000000000000 0.9736328125000000
f 1720/4014/1720 1717/4016/1717 1722/4018/1722
vt 0.4824218750000000 0.9707031250000000
f 1712/4017/1712 1721/4015/1721 1723/4019/1723
vt 0.5017089843750000 0.9687500000000000
f 1722/4018/1722 1717/4016/1717 1718/4020/1718
vt 0.4824218750000000 0.9655761718750000
f 1712/4017/1712 1723/4019/1723 1714/4021/1714
vt 0.5039062500000000 0.9709472656250000
f 1722/4018/1722 1718/4020/1718 1724/4022/1724
vt 0.4797363281250000 0.9665527343750000
f 1714/4021/1714 1723/4019/1723 1725/4023/1725
vt 0.5039062500000000 0.9658203125000000
f 1724/4022/1724 1718/4020/1718 1726/4024/1726
vt 0.4812011718750000 0.9619140625000000
f 1714/4021/1714 1725/4023/1725 1727/4025/1727
vt 0.5065917968750000 0.9672851562500000
f 1724/4022/1724 1726/4024/1726 1728/4026/1728
vt 0.4780273437500000 0.9621582031250000
f 1727/4025/1727 1725/4023/1725 1729/4027/1729
vt 0.5083007812500000 0.9628906250000000
f 1728/4026/1728 1726/4024/1726 1730/4028/1730
vt 0.4812011718750000 0.9577636718750000
f 1727/4025/1727 1729/4027/1729 1731/4029/1731
vt 0.5051269531250000 0.9621582031250000
f 1730/4028/1730 1726/4024/1726 1732/4030/1732
vt 0.4780273437500000 0.9572753906250000
f 1731/4029/1731 1729/4027/1729 1733/4031/1733
vt 0.5083007812500000 0.9577636718750000
f 1730/4028/1730 1732/4030/1732 1734/4032/1734
vt 0.4824218750000000 0.9541015625000000
f 1731/4029/1731 1733/4031/1733 1735/4033/1735
vt 0.5051269531250000 0.9582519531250000
f 1734/4032/1734 1732/4030/1732 1736/4034/1736
vt 0.4797363281250000 0.9526367187500000
f 1735/4033/1735 1733/4031/1733 1737/4035/1737
vt 0.5068359375000000 0.9528808593750000
f 1734/4032/1734 1736/4034/1736 1738/4036/1738
vt 0.4848632812500000 0.9511718750000000
f 1735/4033/1735 1737/4035/1737 1739/4037/1739
vt 0.5039062500000000 0.9541015625000000
f 1738/4036/1738 1736/4034/1736 1740/4038/1740
vt 0.4824218750000000 0.9487304687500000
f 1739/4037/1739 1737/4035/1737 1741/4039/1741
vt 0.5019531250000000 0.9511718750000000
f 1738/4036/1738 1740/4038/1740 1742/4040/1742
vt 0.4865722656250000 0.9460449218750000
f 1739/4037/1739 1741/4039/1741 1743/4041/1743
vt 0.5041503906250000 0.9487304687500000
f 1738/4036/1738 1742/4040/1742 1744/4042/1744
vt 0.4880371093750000 0.9489746093750000
f 1739/4037/1739 1743/4041/1743 1745/4043/1745
vt 0.4987792968750000 0.9489746093750000
f 1744/4042/1744 1742/4040/1742 1746/4044/1746
vt 0.4912109375000000 0.9445800781250000
f 1745/4043/1745 1743/4041/1743 1747/4045/1747
vt 0.5002441406250000 0.9460449218750000
f 1744/4042/1744 1746/4044/1746 1748/4046/1748
vt 0.4914550781250000 0.9477539062500000
f 1745/4043/1745 1747/4045/1747 1749/4047/1749
vt 0.4960937500000000 0.9445800781250000
f 1748/4046/1748 1746/4044/1746 1750/4048/1750
f 1749/4047/1749 1747/4045/1747 1750/4048/1750
vt 0.4953613281250000 0.9477539062500000
f 1750/4048/1750 1746/4044/1746 1751/4049/1751
f 1750/4048/1750 1751/4049/1751 1749/4047/1749
vt 0.8757324218750000 0.3808593750000000
vt 0.8759765625000000 0.3776855468750000
vt 0.8793945312500000 0.3774414062500000
f 1697/4050/1697 1699/4051/1699 1718/4052/1718
vt 0.8793945312500000 0.3740234375000000
f 1718/4052/1718 1699/4051/1699 1726/4053/1726
vt 0.8762207031250000 0.3742675781250000
f 1726/4053/1726 1699/4051/1699 1701/4054/1701
vt 0.8789062500000000 0.3703613281250000
f 1726/4053/1726 1701/4054/1701 1732/4055/1732
vt 0.8757324218750000 0.3706054687500000
f 1732/4055/1732 1701/4054/1701 1703/4056/1703
vt 0.8378906250000000 0.6125488281250000
vt 0.8378906250000000 0.6162109375000000
vt 0.8344726562500000 0.6125488281250000
f 1698/4057/1698 1696/4058/1696 1727/4059/1727
vt 0.8344726562500000 0.6162109375000000
f 1727/4059/1727 1696/4058/1696 1714/4060/1714
vt 0.8344726562500000 0.6083984375000000
f 1698/4057/1698 1727/4059/1727 1731/4061/1731
vt 0.8378906250000000 0.6086425781250000
f 1698/4057/1698 1731/4061/1731 1700/4062/1700
vt 0.8344726562500000 0.6049804687500000
f 1700/4062/1700 1731/4061/1731 1735/4063/1735
vt 0.8378906250000000 0.6049804687500000
f 1700/4062/1700 1735/4063/1735 1702/4064/1702
vt 0.9626464843750000 0.5285644531250000
vt 0.9594726562500000 0.5290527343750000
vt 0.9589843750000000 0.5253906250000000
f 1702/4065/1702 1735/4066/1735 1739/4067/1739
vt 0.9621582031250000 0.5249023437500000
f 1702/4065/1702 1739/4067/1739 1704/4068/1704
vt 0.9594726562500000 0.5214843750000000
f 1704/4068/1704 1739/4067/1739 1745/4069/1745
vt 0.9626464843750000 0.5214843750000000
f 1704/4068/1704 1745/4069/1745 1706/4070/1706
vt 0.2145996093750000 0.6010742187500000
vt 0.2111816406250000 0.6008300781250000
vt 0.2145996093750000 0.5969238281250000
f 1732/4071/1732 1703/4072/1703 1736/4073/1736
vt 0.2111816406250000 0.5969238281250000
f 1736/4073/1736 1703/4072/1703 1705/4074/1705
vt 0.2145996093750000 0.5930175781250000
f 1736/4073/1736 1705/4074/1705 1740/4075/1740
vt 0.2111816406250000 0.5932617187500000
f 1740/4075/1740 1705/4074/1705 1707/4076/1707
vt 0.8017578125000000 0.0109863281250000
vt 0.7983398437500000 0.0109863281250000
vt 0.7983398437500000 0.0073242187500000
f 1706/4077/1706 1745/4078/1745 1749/4079/1749
vt 0.8017578125000000 0.0075683593750000
f 1706/4077/1706 1749/4079/1749 1708/4080/1708
vt 0.8020019531250000 0.0039062500000000
f 1708/4080/1708 1749/4079/1749 1710/4081/1710
vt 0.7983398437500000 0.0036621093750000
f 1710/4081/1710 1749/4079/1749 1751/4082/1751
vt 0.4038085937500000 0.8286132812500000
vt 0.4072265625000000 0.8288574218750000
vt 0.4069824218750000 0.8322753906250000
f 1740/4083/1740 1707/4084/1707 1709/4085/1709
vt 0.4033203125000000 0.8320312500000000
f 1740/4083/1740 1709/4085/1709 1742/4086/1742
vt 0.4033203125000000 0.8356933593750000
f 1742/4086/1742 1709/4085/1709 1746/4087/1746
vt 0.4067382812500000 0.8359375000000000
f 1746/4087/1746 1709/4085/1709 1711/4088/1711
vt 0.4035644531250000 0.8393554687500000
f 1746/4087/1746 1711/4088/1711 1751/4089/1751
vt 0.4072265625000000 0.8391113281250000
f 1751/4089/1751 1711/4088/1711 1710/4090/1710
vt 0.0444335937500000 0.1088867187500000
vt 0.0446777343750000 0.1767578125000000
vt 0.0405273437500000 0.1772460937500000
f 1719/4091/1719 1667/4092/1667 1662/4093/1662
vt 0.0402832031250000 0.1093750000000000
f 1719/4091/1719 1662/4093/1662 1721/4094/1721
vt 0.0493164062500000 0.1088867187500000
f 1667/4092/1667 1719/4091/1719 1720/4095/1720
vt 0.0495605468750000 0.1770019531250000
f 1667/4092/1667 1720/4095/1720 1671/4096/1671
vt 0.0539550781250000 0.1088867187500000
f 1671/4096/1671 1720/4095/1720 1722/4097/1722
vt 0.0541992187500000 0.1767578125000000
f 1671/4096/1671 1722/4097/1722 1675/4098/1675
vt 0.0581054687500000 0.1091308593750000
f 1675/4098/1675 1722/4097/1722 1724/4099/1724
vt 0.0581054687500000 0.1772460937500000
f 1675/4098/1675 1724/4099/1724 1679/4100/1679
vt 0.5581054687500000 0.8725585937500000
vt 0.5581054687500000 0.9362792968750000
vt 0.5532226562500000 0.8725585937500000
f 1721/4101/1721 1662/4102/1662 1723/4103/1723
vt 0.5532226562500000 0.9362792968750000
f 1723/4103/1723 1662/4102/1662 1660/4104/1660
vt 0.5485839843750000 0.8720703125000000
f 1723/4103/1723 1660/4104/1660 1725/4105/1725
vt 0.5485839843750000 0.9357910156250000
f 1725/4105/1725 1660/4104/1660 1658/4106/1658
vt 0.0512695312500000 0.2458496093750000
vt 0.0512695312500000 0.3142089843750000
vt 0.0463867187500000 0.3142089843750000
f 1725/4107/1725 1658/4108/1658 1657/4109/1657
vt 0.0466308593750000 0.2458496093750000
f 1725/4107/1725 1657/4109/1657 1729/4110/1729
vt 0.0417480468750000 0.2458496093750000
f 1729/4110/1729 1657/4109/1657 1733/4111/1733
vt 0.0415039062500000 0.3144531250000000
f 1733/4111/1733 1657/4109/1657 1659/4112/1659
vt 0.0373535156250000 0.2458496093750000
f 1733/4111/1733 1659/4112/1659 1737/4113/1737
vt 0.0371093750000000 0.3144531250000000
f 1737/4113/1737 1659/4112/1659 1661/4114/1661
vt 0.9414062500000000 0.4194335937500000
vt 0.9414062500000000 0.3608398437500000
vt 0.9458007812500000 0.3608398437500000
f 1728/4115/1728 1683/4116/1683 1679/4117/1679
vt 0.9460449218750000 0.4196777343750000
f 1728/4115/1728 1679/4117/1679 1724/4118/1724
vt 0.7888183593750000 0.8276367187500000
vt 0.7890625000000000 0.8959960937500000
vt 0.7846679687500000 0.8959960937500000
f 1730/4119/1730 1685/4120/1685 1683/4121/1683
vt 0.7846679687500000 0.8276367187500000
f 1730/4119/1730 1683/4121/1683 1728/4122/1728
vt 0.7939453125000000 0.8276367187500000
f 1685/4120/1685 1730/4119/1730 1734/4123/1734
vt 0.7939453125000000 0.8959960937500000
f 1685/4120/1685 1734/4123/1734 1689/4124/1689
vt 0.7988281250000000 0.8276367187500000
f 1689/4124/1689 1734/4123/1734 1738/4125/1738
vt 0.7990722656250000 0.8959960937500000
f 1689/4124/1689 1738/4125/1738 1686/4126/1686
vt 0.8032226562500000 0.8276367187500000
f 1686/4126/1686 1738/4125/1738 1744/4127/1744
vt 0.8032226562500000 0.8959960937500000
f 1686/4126/1686 1744/4127/1744 1684/4128/1684
vt 0.9472656250000000 0.4277343750000000
vt 0.9472656250000000 0.4858398437500000
vt 0.9428710937500000 0.4277343750000000
f 1684/4129/1684 1744/4130/1744 1678/4131/1678
vt 0.9426269531250000 0.4860839843750000
f 1678/4131/1678 1744/4130/1744 1748/4132/1748
vt 0.7451171875000000 0.9182128906250000
vt 0.7402343750000000 0.9179687500000000
vt 0.7402343750000000 0.8574218750000000
f 1661/4133/1661 1664/4134/1664 1741/4135/1741
vt 0.7451171875000000 0.8576660156250000
f 1661/4133/1661 1741/4135/1741 1737/4136/1737
vt 0.8103027343750000 0.8288574218750000
vt 0.8144531250000000 0.8291015625000000
vt 0.8144531250000000 0.8974609375000000
f 1664/4137/1664 1668/4138/1668 1743/4139/1743
vt 0.8103027343750000 0.8974609375000000
f 1664/4137/1664 1743/4139/1743 1741/4140/1741
vt 0.8193359375000000 0.8974609375000000
f 1743/4139/1743 1668/4138/1668 1747/4141/1747
vt 0.8193359375000000 0.8291015625000000
f 1747/4141/1747 1668/4138/1668 1670/4142/1670
vt 0.8242187500000000 0.8974609375000000
f 1747/4141/1747 1670/4142/1670 1750/4143/1750
vt 0.8239746093750000 0.8291015625000000
f 1750/4143/1750 1670/4142/1670 1674/4144/1674
vt 0.8281250000000000 0.8291015625000000
f 1750/4143/1750 1674/4144/1674 1678/4145/1678
vt 0.8281250000000000 0.8974609375000000
f 1750/4143/1750 1678/4145/1678 1748/4146/1748
vt 0.9760742187500000 0.6240234375000000
vt 0.9785156250000000 0.6220703125000000
vt 0.9836425781250000 0.6318359375000000
f 1752/4147/1752 1753/4148/1753 1754/4149/1754
vt 0.9816894531250000 0.6210937500000000
f 1754/4149/1754 1753/4148/1753 1755/4150/1755
vt 0.9738769531250000 0.6269531250000000
f 1752/4147/1752 1754/4149/1754 1756/4151/1756
vt 0.9851074218750000 0.6210937500000000
f 1754/4149/1754 1755/4150/1755 1757/4152/1757
vt 0.9731445312500000 0.6303710937500000
f 1756/4151/1756 1754/4149/1754 1758/4153/1758
vt 0.9882812500000000 0.6220703125000000
f 1754/4149/1754 1757/4152/1757 1759/4154/1759
vt 0.9731445312500000 0.6337890625000000
f 1758/4153/1758 1754/4149/1754 1760/4155/1760
vt 0.9912109375000000 0.6240234375000000
f 1754/4149/1754 1759/4154/1759 1761/4156/1761
vt 0.9743652343750000 0.6372070312500000
f 1760/4155/1760 1754/4149/1754 1762/4157/1762
vt 0.9934082031250000 0.6267089843750000
f 1754/4149/1754 1761/4156/1761 1763/4158/1763
vt 0.9763183593750000 0.6398925781250000
f 1762/4157/1762 1754/4149/1754 1764/4159/1764
vt 0.9943847656250000 0.6298828125000000
f 1754/4149/1754 1763/4158/1763 1765/4160/1765
vt 0.9790039062500000 0.6416015625000000
f 1764/4159/1764 1754/4149/1754 1766/4161/1766
vt 0.9943847656250000 0.6333007812500000
f 1754/4149/1754 1765/4160/1765 1767/4162/1767
vt 0.9821777343750000 0.6425781250000000
f 1766/4161/1766 1754/4149/1754 1768/4163/1768
vt 0.9936523437500000 0.6362304687500000
f 1754/4149/1754 1767/4162/1767 1769/4164/1769
vt 0.9855957031250000 0.6425781250000000
f 1768/4163/1768 1754/4149/1754 1770/4165/1770
vt 0.9916992187500000 0.6391601562500000
f 1754/4149/1754 1769/4164/1769 1771/4166/1771
vt 0.9887695312500000 0.6413574218750000
f 1770/4165/1770 1754/4149/1754 1772/4167/1772
f 1772/4167/1772 1754/4149/1754 1771/4166/1771
vt 0.5388183593750000 0.8012695312500000
vt 0.5388183593750000 0.8041992187500000
vt 0.5344238281250000 0.8012695312500000
f 1752/4168/1752 1756/4169/1756 1773/4170/1773
vt 0.5344238281250000 0.8046875000000000
f 1773/4170/1773 1756/4169/1756 1774/4171/1774
vt 0.5388183593750000 0.7980957031250000
f 1752/4168/1752 1773/4170/1773 1753/4172/1753
vt 0.5344238281250000 0.7980957031250000
f 1753/4172/1753 1773/4170/1773 1775/4173/1775
vt 0.5388183593750000 0.7949218750000000
f 1753/4172/1753 1775/4173/1775 1755/4174/1755
vt 0.5344238281250000 0.7946777343750000
f 1755/4174/1755 1775/4173/1775 1776/4175/1776
vt 0.5388183593750000 0.7917480468750000
f 1755/4174/1755 1776/4175/1776 1757/4176/1757
vt 0.5344238281250000 0.7915039062500000
f 1757/4176/1757 1776/4175/1776 1777/4177/1777
vt 0.9545898437500000 0.9013671875000000
vt 0.9533691406250000 0.9047851562500000
vt 0.9506835937500000 0.9042968750000000
f 1773/4178/1773 1774/4179/1774 1778/4180/1778
vt 0.9536132812500000 0.9086914062500000
f 1778/4180/1778 1774/4179/1774 1779/4181/1779
vt 0.9519042968750000 0.8999023437500000
f 1773/4178/1773 1778/4180/1778 1780/4182/1780
vt 0.9506835937500000 0.9091796875000000
f 1778/4180/1778 1779/4181/1779 1781/4183/1781
vt 0.9562988281250000 0.8984375000000000
f 1773/4178/1773 1780/4182/1780 1775/4184/1775
vt 0.9521484375000000 0.9135742187500000
f 1781/4183/1781 1779/4181/1779 1782/4185/1782
vt 0.9543457031250000 0.8964843750000000
f 1775/4184/1775 1780/4182/1780 1783/4186/1783
vt 0.9548339843750000 0.9123535156250000
f 1782/4185/1782 1779/4181/1779 1784/4187/1784
vt 0.9592285156250000 0.8962402343750000
f 1775/4184/1775 1783/4186/1783 1776/4188/1776
vt 0.9570312500000000 0.9150390625000000
f 1782/4185/1782 1784/4187/1784 1785/4189/1785
vt 0.9577636718750000 0.8937988281250000
f 1776/4188/1776 1783/4186/1783 1786/4190/1786
vt 0.9548339843750000 0.9172363281250000
f 1782/4185/1782 1785/4189/1785 1787/4191/1787
vt 0.9626464843750000 0.8952636718750000
f 1776/4188/1776 1786/4190/1786 1777/4192/1777
vt 0.9599609375000000 0.9169921875000000
f 1787/4191/1787 1785/4189/1785 1788/4193/1788
vt 0.9621582031250000 0.8923339843750000
f 1777/4192/1777 1786/4190/1786 1789/4194/1789
vt 0.9587402343750000 0.9196777343750000
f 1787/4191/1787 1788/4193/1788 1790/4195/1790
vt 0.9663085937500000 0.8950195312500000
f 1777/4192/1777 1789/4194/1789 1791/4196/1791
vt 0.9631347656250000 0.9211425781250000
f 1790/4195/1790 1788/4193/1788 1792/4197/1792
vt 0.9667968750000000 0.8923339843750000
f 1791/4196/1791 1789/4194/1789 1793/4198/1793
vt 0.9633789062500000 0.9179687500000000
f 1792/4197/1792 1788/4193/1788 1794/4199/1794
vt 0.9709472656250000 0.8935546875000000
f 1791/4196/1791 1793/4198/1793 1795/4200/1795
vt 0.9675292968750000 0.9208984375000000
f 1792/4197/1792 1794/4199/1794 1796/4201/1796
vt 0.9697265625000000 0.8959960937500000
f 1791/4196/1791 1795/4200/1795 1797/4202/1797
vt 0.9670410156250000 0.9179687500000000
f 1796/4201/1796 1794/4199/1794 1798/4203/1798
vt 0.9750976562500000 0.8959960937500000
f 1797/4202/1797 1795/4200/1795 1799/4204/1799
vt 0.9704589843750000 0.9167480468750000
f 1796/4201/1796 1798/4203/1798 1800/4205/1800
vt 0.9729003906250000 0.8981933593750000
f 1797/4202/1797 1799/4204/1799 1801/4206/1801
vt 0.9719238281250000 0.9194335937500000
f 1796/4201/1796 1800/4205/1800 1802/4207/1802
vt 0.9777832031250000 0.8999023437500000
f 1801/4206/1801 1799/4204/1799 1803/4208/1803
vt 0.9755859375000000 0.9165039062500000
f 1802/4207/1802 1800/4205/1800 1804/4209/1804
vt 0.9750976562500000 0.9011230468750000
f 1801/4206/1801 1803/4208/1803 1805/4210/1805
vt 0.9731445312500000 0.9145507812500000
f 1804/4209/1804 1800/4205/1800 1806/4211/1806
vt 0.9760742187500000 0.9042968750000000
f 1805/4210/1805 1803/4208/1803 1807/4212/1807
vt 0.9750976562500000 0.9113769531250000
f 1804/4209/1804 1806/4211/1806 1808/4213/1808
vt 0.9792480468750000 0.9040527343750000
f 1807/4212/1807 1803/4208/1803 1809/4214/1809
vt 0.9780273437500000 0.9130859375000000
f 1804/4209/1804 1808/4213/1808 1810/4215/1810
vt 0.9792480468750000 0.9089355468750000
f 1807/4212/1807 1809/4214/1809 1811/4216/1811
f 1810/4215/1810 1808/4213/1808 1811/4216/1811
vt 0.9760742187500000 0.9084472656250000
f 1807/4212/1807 1811/4216/1811 1812/4217/1812
f 1812/4217/1812 1811/4216/1811 1808/4213/1808
vt 0.5747070312500000 0.7783203125000000
vt 0.5708007812500000 0.7783203125000000
vt 0.5744628906250000 0.7749023437500000
f 1757/4218/1757 1777/4219/1777 1759/4220/1759
vt 0.5705566406250000 0.7746582031250000
f 1759/4220/1759 1777/4219/1777 1791/4221/1791
vt 0.5747070312500000 0.7714843750000000
f 1759/4220/1759 1791/4221/1791 1761/4222/1761
vt 0.5708007812500000 0.7712402343750000
f 1761/4222/1761 1791/4221/1791 1797/4223/1797
vt 0.9626464843750000 0.8015136718750000
vt 0.9624023437500000 0.8051757812500000
vt 0.9584960937500000 0.8049316406250000
f 1756/4224/1756 1758/4225/1758 1779/4226/1779
vt 0.9587402343750000 0.8012695312500000
f 1756/4224/1756 1779/4226/1779 1774/4227/1774
vt 0.9626464843750000 0.8085937500000000
f 1779/4226/1779 1758/4225/1758 1760/4228/1760
vt 0.9587402343750000 0.8088378906250000
f 1779/4226/1779 1760/4228/1760 1784/4229/1784
vt 0.9748535156250000 0.7824707031250000
vt 0.9748535156250000 0.7790527343750000
vt 0.9792480468750000 0.7824707031250000
f 1760/4230/1760 1762/4231/1762 1784/4232/1784
vt 0.9792480468750000 0.7790527343750000
f 1784/4232/1784 1762/4231/1762 1785/4233/1785
vt 0.9748535156250000 0.7758789062500000
f 1785/4233/1785 1762/4231/1762 1764/4234/1764
vt 0.9792480468750000 0.7756347656250000
f 1785/4233/1785 1764/4234/1764 1788/4235/1788
vt 0.9748535156250000 0.7729492187500000
f 1788/4235/1788 1764/4234/1764 1766/4236/1766
vt 0.9792480468750000 0.7724609375000000
f 1788/4235/1788 1766/4236/1766 1794/4237/1794
vt 0.9804687500000000 0.2036132812500000
vt 0.9804687500000000 0.2067871093750000
vt 0.9763183593750000 0.2031250000000000
f 1765/4238/1765 1763/4239/1763 1805/4240/1805
vt 0.9763183593750000 0.2067871093750000
f 1805/4240/1805 1763/4239/1763 1801/4241/1801
vt 0.9763183593750000 0.2104492187500000
f 1801/4241/1801 1763/4239/1763 1797/4242/1797
vt 0.9804687500000000 0.2104492187500000
f 1797/4242/1797 1763/4239/1763 1761/4243/1761
vt 0.0783691406250000 0.7077636718750000
vt 0.0783691406250000 0.7043457031250000
vt 0.0817871093750000 0.7077636718750000
f 1766/4244/1766 1768/4245/1768 1794/4246/1794
vt 0.0817871093750000 0.7041015625000000
f 1794/4246/1794 1768/4245/1768 1798/4247/1798
vt 0.6054687500000000 0.9858398437500000
vt 0.6052246093750000 0.9824218750000000
vt 0.6093750000000000 0.9858398437500000
f 1767/4248/1767 1765/4249/1765 1807/4250/1807
vt 0.6091308593750000 0.9824218750000000
f 1807/4250/1807 1765/4249/1765 1805/4251/1805
vt 0.6052246093750000 0.9890136718750000
f 1767/4248/1767 1807/4250/1807 1769/4252/1769
vt 0.4018554687500000 0.3381347656250000
vt 0.4057617187500000 0.3413085937500000
vt 0.4018554687500000 0.3420410156250000
f 1769/4253/1769 1807/4254/1807 1812/4255/1812
vt 0.0952148437500000 0.2045898437500000
vt 0.0954589843750000 0.2016601562500000
vt 0.0996093750000000 0.2050781250000000
f 1768/4256/1768 1770/4257/1770 1798/4258/1798
vt 0.0996093750000000 0.2016601562500000
f 1798/4258/1798 1770/4257/1770 1800/4259/1800
vt 0.0954589843750000 0.1982421875000000
f 1800/4259/1800 1770/4257/1770 1772/4260/1772
vt 0.0996093750000000 0.1982421875000000
f 1800/4259/1800 1772/4260/1772 1806/4261/1806
vt 0.0996093750000000 0.1948242187500000
f 1806/4261/1806 1772/4260/1772 1808/4262/1808
vt 0.0952148437500000 0.1948242187500000
f 1808/4262/1808 1772/4260/1772 1771/4263/1771
vt 0.8149414062500000 0.3999023437500000
vt 0.8171386718750000 0.3974609375000000
vt 0.8171386718750000 0.4030761718750000
f 1771/4264/1771 1769/4265/1769 1808/4266/1808
vt 0.8259277343750000 0.8032226562500000
vt 0.8259277343750000 0.7978515625000000
vt 0.8281250000000000 0.8015136718750000
f 1808/4267/1808 1769/4268/1769 1812/4269/1812
vt 0.9851074218750000 0.1857910156250000
vt 0.9868164062500000 0.1967773437500000
vt 0.9836425781250000 0.1967773437500000
f 1813/4270/1813 1814/4271/1814 1815/4272/1815
vt 0.9897460937500000 0.1958007812500000
f 1814/4271/1814 1813/4270/1813 1816/4273/1816
vt 0.9802246093750000 0.1955566406250000
f 1813/4270/1813 1815/4272/1815 1817/4274/1817
vt 0.9926757812500000 0.1936035156250000
f 1816/4273/1816 1813/4270/1813 1818/4275/1818
vt 0.9775390625000000 0.1933593750000000
f 1813/4270/1813 1817/4274/1817 1819/4276/1819
vt 0.9948730468750000 0.1906738281250000
f 1818/4275/1818 1813/4270/1813 1820/4277/1820
vt 0.9753417968750000 0.1904296875000000
f 1813/4270/1813 1819/4276/1819 1821/4278/1821
vt 0.9958496093750000 0.1875000000000000
f 1820/4277/1820 1813/4270/1813 1822/4279/1822
vt 0.9743652343750000 0.1872558593750000
f 1813/4270/1813 1821/4278/1821 1823/4280/1823
vt 0.9958496093750000 0.1840820312500000
f 1822/4279/1822 1813/4270/1813 1824/4281/1824
vt 0.9743652343750000 0.1838378906250000
f 1813/4270/1813 1823/4280/1823 1825/4282/1825
vt 0.9948730468750000 0.1809082031250000
f 1824/4281/1824 1813/4270/1813 1826/4283/1826
vt 0.9753417968750000 0.1806640625000000
f 1813/4270/1813 1825/4282/1825 1827/4284/1827
vt 0.9929199218750000 0.1782226562500000
f 1826/4283/1826 1813/4270/1813 1828/4285/1828
vt 0.9775390625000000 0.1779785156250000
f 1813/4270/1813 1827/4284/1827 1829/4286/1829
vt 0.9904785156250000 0.1765136718750000
f 1828/4285/1828 1813/4270/1813 1830/4287/1830
vt 0.9802246093750000 0.1760253906250000
f 1813/4270/1813 1829/4286/1829 1831/4288/1831
vt 0.9870605468750000 0.1752929687500000
f 1830/4287/1830 1813/4270/1813 1832/4289/1832
vt 0.9833984375000000 0.1750488281250000
f 1813/4270/1813 1831/4288/1831 1833/4290/1833
f 1813/4270/1813 1833/4290/1833 1832/4289/1832
vt 0.5898437500000000 0.7971191406250000
vt 0.5898437500000000 0.7937011718750000
vt 0.5942382812500000 0.7939453125000000
f 1815/4291/1815 1814/4292/1814 1834/4293/1834
vt 0.5942382812500000 0.7905273437500000
f 1834/4293/1834 1814/4292/1814 1835/4294/1835
vt 0.5942382812500000 0.7971191406250000
f 1815/4291/1815 1834/4293/1834 1836/4295/1836
vt 0.5942382812500000 0.8005371093750000
f 1815/4291/1815 1836/4295/1836 1837/4296/1837
vt 0.5898437500000000 0.8000488281250000
f 1815/4291/1815 1837/4296/1837 1817/4297/1817
vt 0.5898437500000000 0.7907714843750000
f 1835/4294/1835 1814/4292/1814 1816/4298/1816
vt 0.5942382812500000 0.7871093750000000
f 1835/4294/1835 1816/4298/1816 1838/4299/1838
vt 0.5898437500000000 0.7875976562500000
f 1838/4299/1838 1816/4298/1816 1818/4300/1818
vt 0.9609375000000000 0.1662597656250000
vt 0.9645996093750000 0.1672363281250000
vt 0.9597167968750000 0.1687011718750000
f 1837/4301/1837 1836/4302/1836 1839/4303/1839
vt 0.9580078125000000 0.1638183593750000
f 1837/4301/1837 1839/4303/1839 1840/4304/1840
vt 0.9641113281250000 0.1704101562500000
f 1839/4303/1839 1836/4302/1836 1841/4305/1841
vt 0.9558105468750000 0.1657714843750000
f 1840/4304/1840 1839/4303/1839 1842/4306/1842
vt 0.9680175781250000 0.1672363281250000
f 1841/4305/1841 1836/4302/1836 1834/4307/1834
vt 0.9531250000000000 0.1621093750000000
f 1840/4304/1840 1842/4306/1842 1843/4308/1843
vt 0.9685058593750000 0.1704101562500000
f 1841/4305/1841 1834/4307/1834 1844/4309/1844
vt 0.9560546875000000 0.1606445312500000
f 1840/4304/1840 1843/4308/1843 1845/4310/1845
vt 0.9711914062500000 0.1662597656250000
f 1844/4309/1844 1834/4307/1834 1835/4311/1835
vt 0.9548339843750000 0.1572265625000000
f 1845/4310/1845 1843/4308/1843 1846/4312/1846
vt 0.9724121093750000 0.1689453125000000
f 1844/4309/1844 1835/4311/1835 1847/4313/1847
vt 0.9519042968750000 0.1577148437500000
f 1846/4312/1846 1843/4308/1843 1848/4314/1848
vt 0.9741210937500000 0.1640625000000000
f 1847/4313/1847 1835/4311/1835 1838/4315/1838
vt 0.9550781250000000 0.1538085937500000
f 1846/4312/1846 1848/4314/1848 1849/4316/1849
vt 0.9763183593750000 0.1662597656250000
f 1847/4313/1847 1838/4315/1838 1850/4317/1850
vt 0.9519042968750000 0.1533203125000000
f 1849/4316/1849 1848/4314/1848 1851/4318/1851
vt 0.9763183593750000 0.1611328125000000
f 1850/4317/1850 1838/4315/1838 1852/4319/1852
vt 0.9560546875000000 0.1503906250000000
f 1849/4316/1849 1851/4318/1851 1853/4320/1853
vt 0.9792480468750000 0.1623535156250000
f 1850/4317/1850 1852/4319/1852 1854/4321/1854
vt 0.9533691406250000 0.1489257812500000
f 1853/4320/1853 1851/4318/1851 1855/4322/1855
vt 0.9804687500000000 0.1579589843750000
f 1854/4321/1854 1852/4319/1852 1856/4323/1856
vt 0.9560546875000000 0.1452636718750000
f 1853/4320/1853 1855/4322/1855 1857/4324/1857
vt 0.9775390625000000 0.1577148437500000
f 1856/4323/1856 1852/4319/1852 1858/4325/1858
vt 0.9582519531250000 0.1474609375000000
f 1853/4320/1853 1857/4324/1857 1859/4326/1859
vt 0.9804687500000000 0.1535644531250000
f 1856/4323/1856 1858/4325/1858 1860/4327/1860
vt 0.9611816406250000 0.1455078125000000
f 1859/4326/1859 1857/4324/1857 1861/4328/1861
vt 0.9777832031250000 0.1540527343750000
f 1860/4327/1860 1858/4325/1858 1862/4329/1862
vt 0.9597167968750000 0.1428222656250000
f 1861/4328/1861 1857/4324/1857 1863/4330/1863
vt 0.9792480468750000 0.1491699218750000
f 1860/4327/1860 1862/4329/1862 1864/4331/1864
vt 0.9641113281250000 0.1416015625000000
f 1861/4328/1861 1863/4330/1863 1865/4332/1865
vt 0.9765625000000000 0.1506347656250000
f 1864/4331/1864 1862/4329/1862 1866/4333/1866
vt 0.9645996093750000 0.1442871093750000
f 1861/4328/1861 1865/4332/1865 1867/4334/1867
vt 0.9743652343750000 0.1477050781250000
f 1864/4331/1864 1866/4333/1866 1868/4335/1868
vt 0.9682617187500000 0.1445312500000000
f 1867/4334/1867 1865/4332/1865 1869/4336/1869
vt 0.9765625000000000 0.1455078125000000
f 1864/4331/1864 1868/4335/1868 1870/4337/1870
vt 0.9689941406250000 0.1416015625000000
f 1869/4336/1869 1865/4332/1865 1871/4338/1871
vt 0.9731445312500000 0.1428222656250000
f 1870/4337/1870 1868/4335/1868 1872/4339/1872
f 1869/4336/1869 1871/4338/1871 1872/4339/1872
vt 0.9716796875000000 0.1457519531250000
f 1872/4339/1872 1868/4335/1868 1873/4340/1873
f 1872/4339/1872 1873/4340/1873 1869/4336/1869
vt 0.4589843750000000 0.3383789062500000
vt 0.4624023437500000 0.3381347656250000
vt 0.4626464843750000 0.3420410156250000
f 1819/4341/1819 1817/4342/1817 1837/4343/1837
vt 0.4587402343750000 0.3420410156250000
f 1819/4341/1819 1837/4343/1837 1840/4344/1840
vt 0.6772460937500000 0.9411621093750000
vt 0.6772460937500000 0.9443359375000000
vt 0.6730957031250000 0.9414062500000000
f 1821/4345/1821 1819/4346/1819 1845/4347/1845
vt 0.6730957031250000 0.9445800781250000
f 1845/4347/1845 1819/4346/1819 1840/4348/1840
vt 0.6730957031250000 0.9377441406250000
f 1821/4345/1821 1845/4347/1845 1846/4349/1846
vt 0.6770019531250000 0.9377441406250000
f 1821/4345/1821 1846/4349/1846 1823/4350/1823
vt 0.6730957031250000 0.9340820312500000
f 1823/4350/1823 1846/4349/1846 1849/4351/1849
vt 0.6770019531250000 0.9343261718750000
f 1823/4350/1823 1849/4351/1849 1825/4352/1825
vt 0.0043945312500000 0.9838867187500000
vt 0.0041503906250000 0.9804687500000000
vt 0.0080566406250000 0.9802246093750000
f 1820/4353/1820 1822/4354/1822 1858/4355/1858
vt 0.0083007812500000 0.9838867187500000
f 1820/4353/1820 1858/4355/1858 1852/4356/1852
vt 0.0041503906250000 0.9875488281250000
f 1820/4353/1820 1852/4356/1852 1818/4357/1818
vt 0.0080566406250000 0.9875488281250000
f 1818/4357/1818 1852/4356/1852 1838/4358/1838
vt 0.1159667968750000 0.9855957031250000
vt 0.1164550781250000 0.9887695312500000
vt 0.1123046875000000 0.9855957031250000
f 1827/4359/1827 1825/4360/1825 1853/4361/1853
vt 0.1125488281250000 0.9890136718750000
f 1853/4361/1853 1825/4360/1825 1849/4362/1849
vt 0.1125488281250000 0.9819335937500000
f 1827/4359/1827 1853/4361/1853 1859/4363/1859
vt 0.1164550781250000 0.9821777343750000
f 1827/4359/1827 1859/4363/1859 1829/4364/1829
vt 0.1440429687500000 0.0908203125000000
vt 0.1437988281250000 0.0942382812500000
vt 0.1396484375000000 0.0942382812500000
f 1826/4365/1826 1828/4366/1828 1868/4367/1868
vt 0.1398925781250000 0.0908203125000000
f 1826/4365/1826 1868/4367/1868 1866/4368/1866
vt 0.1437988281250000 0.0969238281250000
f 1868/4367/1868 1828/4366/1828 1830/4369/1830
vt 0.1396484375000000 0.0976562500000000
f 1868/4367/1868 1830/4369/1830 1873/4370/1873
vt 0.1398925781250000 0.1010742187500000
f 1873/4370/1873 1830/4369/1830 1869/4371/1869
vt 0.1440429687500000 0.1005859375000000
f 1869/4371/1869 1830/4369/1830 1832/4372/1832
vt 0.3918457031250000 0.9853515625000000
vt 0.3918457031250000 0.9821777343750000
vt 0.3959960937500000 0.9819335937500000
f 1824/4373/1824 1826/4374/1826 1866/4375/1866
vt 0.3959960937500000 0.9853515625000000
f 1824/4373/1824 1866/4375/1866 1862/4376/1862
vt 0.3918457031250000 0.9887695312500000
f 1824/4373/1824 1862/4376/1862 1822/4377/1822
vt 0.3959960937500000 0.9890136718750000
f 1822/4377/1822 1862/4376/1862 1858/4378/1858
vt 0.4072265625000000 0.8532714843750000
vt 0.4072265625000000 0.8564453125000000
vt 0.4030761718750000 0.8532714843750000
f 1833/4379/1833 1831/4380/1831 1867/4381/1867
vt 0.4030761718750000 0.8496093750000000
f 1833/4379/1833 1867/4381/1867 1869/4382/1869
vt 0.4069824218750000 0.8498535156250000
f 1833/4379/1833 1869/4382/1869 1832/4383/1832
vt 0.4030761718750000 0.8566894531250000
f 1867/4381/1867 1831/4380/1831 1861/4384/1861
vt 0.4069824218750000 0.8596191406250000
f 1861/4384/1861 1831/4380/1831 1829/4385/1829
vt 0.4030761718750000 0.8601074218750000
f 1861/4384/1861 1829/4385/1829 1859/4386/1859
vt 0.9335937500000000 0.2021484375000000
vt 0.9289550781250000 0.2021484375000000
vt 0.9289550781250000 0.1342773437500000
f 1782/4387/1782 1787/4388/1787 1848/4389/1848
vt 0.9335937500000000 0.1342773437500000
f 1782/4387/1782 1848/4389/1848 1843/4390/1843
vt 0.9245605468750000 0.1342773437500000
f 1848/4389/1848 1787/4388/1787 1851/4391/1851
vt 0.9245605468750000 0.2021484375000000
f 1851/4391/1851 1787/4388/1787 1790/4392/1790
vt 0.9206542968750000 0.1342773437500000
f 1851/4391/1851 1790/4392/1790 1855/4393/1855
vt 0.9206542968750000 0.2021484375000000
f 1855/4393/1855 1790/4392/1790 1792/4394/1792
vt 0.5595703125000000 0.6032714843750000
vt 0.5595703125000000 0.5390625000000000
vt 0.5642089843750000 0.5397949218750000
f 1782/4395/1782 1843/4396/1843 1842/4397/1842
vt 0.5642089843750000 0.6037597656250000
f 1782/4395/1782 1842/4397/1842 1781/4398/1781
vt 0.5688476562500000 0.6037597656250000
f 1781/4398/1781 1842/4397/1842 1778/4399/1778
vt 0.5688476562500000 0.5397949218750000
f 1778/4399/1778 1842/4397/1842 1839/4400/1839
vt 0.5734863281250000 0.5395507812500000
f 1778/4399/1778 1839/4400/1839 1841/4401/1841
vt 0.5734863281250000 0.6035156250000000
f 1778/4399/1778 1841/4401/1841 1780/4402/1780
vt 0.5178222656250000 0.9387207031250000
vt 0.5178222656250000 0.8720703125000000
vt 0.5219726562500000 0.8720703125000000
f 1780/4403/1780 1841/4404/1841 1844/4405/1844
vt 0.5219726562500000 0.9387207031250000
f 1780/4403/1780 1844/4405/1844 1783/4406/1783
vt 0.5261230468750000 0.8720703125000000
f 1783/4406/1783 1844/4405/1844 1847/4407/1847
vt 0.5261230468750000 0.9387207031250000
f 1783/4406/1783 1847/4407/1847 1786/4408/1786
vt 0.5305175781250000 0.8723144531250000
f 1786/4408/1786 1847/4407/1847 1850/4409/1850
vt 0.5305175781250000 0.9389648437500000
f 1786/4408/1786 1850/4409/1850 1789/4410/1789
vt 0.3415527343750000 0.9321289062500000
vt 0.3415527343750000 0.8725585937500000
vt 0.3461914062500000 0.8728027343750000
f 1854/4411/1854 1793/4412/1793 1789/4413/1789
vt 0.3461914062500000 0.9321289062500000
f 1854/4411/1854 1789/4413/1789 1850/4414/1850
vt 0.6560058593750000 0.8588867187500000
vt 0.6557617187500000 0.9265136718750000
vt 0.6518554687500000 0.9265136718750000
f 1856/4415/1856 1795/4416/1795 1793/4417/1793
vt 0.6518554687500000 0.8588867187500000
f 1856/4415/1856 1793/4417/1793 1854/4418/1854
vt 0.6604003906250000 0.8588867187500000
f 1795/4416/1795 1856/4415/1856 1860/4419/1860
vt 0.6604003906250000 0.9265136718750000
f 1795/4416/1795 1860/4419/1860 1799/4420/1799
vt 0.6647949218750000 0.8588867187500000
f 1799/4420/1799 1860/4419/1860 1864/4421/1864
vt 0.6650390625000000 0.9265136718750000
f 1799/4420/1799 1864/4421/1864 1803/4422/1803
vt 0.6689453125000000 0.8588867187500000
f 1803/4422/1803 1864/4421/1864 1870/4423/1870
vt 0.6689453125000000 0.9265136718750000
f 1803/4422/1803 1870/4423/1870 1809/4424/1809
vt 0.0830078125000000 0.0502929687500000
vt 0.0825195312500000 0.1064453125000000
vt 0.0781250000000000 0.0502929687500000
f 1809/4425/1809 1870/4426/1870 1811/4427/1811
vt 0.0781250000000000 0.1066894531250000
f 1811/4427/1811 1870/4426/1870 1872/4428/1872
vt 0.5942382812500000 0.9306640625000000
vt 0.5898437500000000 0.9304199218750000
vt 0.5898437500000000 0.8715820312500000
f 1792/4429/1792 1796/4430/1796 1857/4431/1857
vt 0.5942382812500000 0.8718261718750000
f 1792/4429/1792 1857/4431/1857 1855/4432/1855
vt 0.7055664062500000 0.8559570312500000
vt 0.7097167968750000 0.8559570312500000
vt 0.7097167968750000 0.9238281250000000
f 1796/4433/1796 1802/4434/1802 1863/4435/1863
vt 0.7055664062500000 0.9238281250000000
f 1796/4433/1796 1863/4435/1863 1857/4436/1857
vt 0.7143554687500000 0.9238281250000000
f 1863/4435/1863 1802/4434/1802 1865/4437/1865
vt 0.7141113281250000 0.8559570312500000
f 1865/4437/1865 1802/4434/1802 1804/4438/1804
vt 0.7185058593750000 0.8559570312500000
f 1865/4437/1865 1804/4438/1804 1810/4439/1810
vt 0.7189941406250000 0.9238281250000000
f 1865/4437/1865 1810/4439/1810 1871/4440/1871
vt 0.7229003906250000 0.9238281250000000
f 1871/4440/1871 1810/4439/1810 1872/4441/1872
vt 0.7221679687500000 0.8559570312500000
f 1872/4441/1872 1810/4439/1810 1811/4442/1811
vt 0.8615722656250000 0.1716308593750000
vt 0.8615722656250000 0.0036621093750000
vt 0.8669433593750000 0.1713867187500000
f 1187/4443/1187 1874/4444/1874 1875/4445/1875
vt 0.2106933593750000 0.5527343750000000
vt 0.2106933593750000 0.3583984375000000
vt 0.2158203125000000 0.5527343750000000
f 1875/4446/1875 1874/4447/1874 1876/4448/1876
vt 0.2158203125000000 0.5554199218750000
f 1875/4446/1875 1876/4448/1876 1877/4449/1877
vt 0.2106933593750000 0.5554199218750000
f 1875/4446/1875 1877/4449/1877 1878/4450/1878
vt 0.2158203125000000 0.3583984375000000
f 1876/4448/1876 1874/4447/1874 1879/4451/1879
vt 0.2106933593750000 0.3557128906250000
f 1879/4451/1879 1874/4447/1874 1880/4452/1880
vt 0.2180175781250000 0.5527343750000000
f 1876/4448/1876 1879/4451/1879 1881/4453/1881
vt 0.2158203125000000 0.3557128906250000
f 1879/4451/1879 1880/4452/1880 1882/4454/1882
vt 0.2187500000000000 0.3583984375000000
f 1881/4453/1881 1879/4451/1879 1883/4455/1883
f 1883/4455/1883 1879/4451/1879 1882/4454/1882
vt 0.7583007812500000 0.4028320312500000
vt 0.7602539062500000 0.3999023437500000
vt 0.7602539062500000 0.4030761718750000
f 1884/4456/1884 1882/4457/1882 1885/4458/1885
vt 0.7575683593750000 0.3996582031250000
f 1882/4457/1882 1884/4456/1884 1883/4459/1883
vt 0.3491210937500000 0.3464355468750000
vt 0.3464355468750000 0.3488769531250000
vt 0.3464355468750000 0.3464355468750000
f 1883/4460/1883 1884/4461/1884 1886/4462/1886
vt 0.1599121093750000 0.3461914062500000
f 1886/4462/1886 1884/4461/1884 1887/4463/1887
vt 0.1601562500000000 0.3491210937500000
f 1887/4463/1887 1884/4461/1884 1888/4464/1888
vt 0.3464355468750000 0.1520996093750000
f 1883/4460/1883 1886/4462/1886 1889/4465/1889
vt 0.3491210937500000 0.1520996093750000
f 1883/4460/1883 1889/4465/1889 1881/4466/1881
vt 0.3464355468750000 0.1494140625000000
f 1881/4466/1881 1889/4465/1889 1890/4467/1890
vt 0.1601562500000000 0.1491699218750000
f 1890/4467/1890 1889/4465/1889 1891/4468/1891
vt 0.1601562500000000 0.1518554687500000
f 1891/4468/1891 1889/4465/1889 1892/4469/1892
f 1892/4469/1892 1889/4465/1889 1886/4462/1886
f 1892/4469/1892 1886/4462/1886 1887/4463/1887
vt 0.1574707031250000 0.3464355468750000
f 1892/4469/1892 1887/4463/1887 1893/4470/1893
vt 0.1574707031250000 0.1518554687500000
f 1892/4469/1892 1893/4470/1893 1894/4471/1894
vt 0.9113769531250000 0.6779785156250000
vt 0.9089355468750000 0.6828613281250000
vt 0.9089355468750000 0.6774902343750000
f 1895/4472/1895 1896/4473/1896 1897/4474/1897
vt 0.0029296875000000 0.2285156250000000
vt 0.0029296875000000 0.2258300781250000
vt 0.0080566406250000 0.2258300781250000
f 1895/4475/1895 1897/4476/1897 1898/4477/1898
vt 0.0083007812500000 0.2285156250000000
f 1895/4475/1895 1898/4477/1898 1899/4478/1899
vt 0.0080566406250000 0.0314941406250000
f 1898/4477/1898 1897/4476/1897 1900/4479/1900
vt 0.0029296875000000 0.0314941406250000
f 1900/4479/1900 1897/4476/1897 1901/4480/1901
vt 0.0109863281250000 0.0314941406250000
f 1898/4477/1898 1900/4479/1900 1894/4481/1894
vt 0.0109863281250000 0.2258300781250000
f 1898/4477/1898 1894/4481/1894 1893/4482/1893
vt 0.0083007812500000 0.0288085937500000
f 1900/4479/1900 1901/4480/1901 1902/4483/1902
vt 0.0029296875000000 0.0288085937500000
f 1902/4483/1902 1901/4480/1901 1903/4484/1903
vt 0.7517089843750000 0.9113769531250000
vt 0.7517089843750000 0.9077148437500000
vt 0.7548828125000000 0.9101562500000000
f 1881/4485/1881 1890/4486/1890 1877/4487/1877
vt 0.7543945312500000 0.9072265625000000
f 1877/4487/1877 1890/4486/1890 1904/4488/1904
vt 0.7536621093750000 0.9128417968750000
f 1881/4485/1881 1877/4487/1877 1876/4489/1876
vt 0.7714843750000000 0.5837402343750000
vt 0.7714843750000000 0.7700195312500000
vt 0.7685546875000000 0.5837402343750000
f 1890/4490/1890 1891/4491/1891 1904/4492/1904
vt 0.7685546875000000 0.7700195312500000
f 1904/4492/1904 1891/4491/1891 1905/4493/1905
vt 0.7634277343750000 0.5810546875000000
vt 0.7685546875000000 0.5810546875000000
f 1878/4494/1878 1877/4495/1877 1904/4492/1904
vt 0.7634277343750000 0.5837402343750000
f 1878/4494/1878 1904/4492/1904 1906/4496/1906
f 1906/4496/1906 1904/4492/1904 1905/4493/1905
vt 0.7634277343750000 0.7700195312500000
f 1906/4496/1906 1905/4493/1905 1907/4497/1907
vt 0.7685546875000000 0.7729492187500000
f 1907/4497/1907 1905/4493/1905 1902/4498/1902
vt 0.7634277343750000 0.7729492187500000
f 1907/4497/1907 1902/4498/1902 1903/4499/1903
vt 0.5803222656250000 0.8320312500000000
vt 0.5803222656250000 0.8359375000000000
vt 0.5776367187500000 0.8364257812500000
f 1888/4500/1888 1899/4501/1899 1898/4502/1898
vt 0.5769042968750000 0.8337402343750000
f 1888/4500/1888 1898/4502/1898 1893/4503/1893
vt 0.5776367187500000 0.8310546875000000
f 1888/4500/1888 1893/4503/1893 1887/4504/1887
vt 0.8872070312500000 0.7119140625000000
vt 0.8898925781250000 0.7126464843750000
vt 0.8872070312500000 0.7175292968750000
f 1875/4505/1875 1878/4506/1878 1187/4507/1187
vt 0.8918457031250000 0.7148437500000000
f 1187/4507/1187 1878/4506/1878 1906/4508/1906
vt 0.0598144531250000 0.0065917968750000
vt 0.0644531250000000 0.0039062500000000
vt 0.1569824218750000 0.1362304687500000
f 1187/4509/1187 1906/4510/1906 1907/4511/1907
vt 0.1523437500000000 0.1389160156250000
f 1187/4509/1187 1907/4511/1907 1196/4512/1196
vt 0.1579589843750000 0.1389160156250000
f 1196/4512/1196 1907/4511/1907 1903/4513/1903
vt 0.1572265625000000 0.1416015625000000
f 1196/4512/1196 1903/4513/1903 1901/4514/1901
vt 0.0598144531250000 0.2756347656250000
f 1196/4512/1196 1901/4514/1901 1896/4515/1896
vt 0.0644531250000000 0.2783203125000000
f 1896/4515/1896 1901/4514/1901 1897/4516/1897
vt 0.8698730468750000 0.1940917968750000
vt 0.8710937500000000 0.1965332031250000
vt 0.8674316406250000 0.1955566406250000
f 1892/4517/1892 1894/4518/1894 1891/4519/1891
vt 0.8684082031250000 0.1992187500000000
f 1891/4519/1891 1894/4518/1894 1902/4520/1902
vt 0.8710937500000000 0.1994628906250000
f 1902/4520/1902 1894/4518/1894 1900/4521/1900
vt 0.8659667968750000 0.1977539062500000
f 1891/4519/1891 1902/4520/1902 1905/4522/1905
vt 0.9084472656250000 0.0034179687500000
vt 0.9060058593750000 0.1662597656250000
vt 0.9060058593750000 0.0031738281250000
f 1885/4523/1885 1888/4524/1888 1884/4525/1884
vt 0.2990722656250000 0.5998535156250000
vt 0.2966308593750000 0.6010742187500000
vt 0.2966308593750000 0.5983886718750000
f 1908/4526/1908 1909/4527/1909 1910/4528/1910
vt 0.6135253906250000 0.8337402343750000
vt 0.6110839843750000 0.8337402343750000
vt 0.6135253906250000 0.7888183593750000
f 1910/4529/1910 1909/4530/1909 1911/4531/1911
vt 0.6135253906250000 0.6542968750000000
f 1911/4531/1911 1909/4530/1909 1912/4532/1912
vt 0.6110839843750000 0.6542968750000000
f 1912/4532/1912 1909/4530/1909 1913/4533/1913
vt 0.6125488281250000 0.6518554687500000
f 1912/4532/1912 1913/4533/1913 1914/4534/1914
vt 0.1928710937500000 0.7180175781250000
vt 0.1953125000000000 0.7175292968750000
vt 0.1928710937500000 0.7333984375000000
f 1909/4535/1909 1908/4536/1908 1915/4537/1915
vt 0.1953125000000000 0.7341308593750000
f 1915/4537/1915 1908/4536/1908 1916/4538/1916
vt 0.0029296875000000 0.7338867187500000
f 1909/4535/1909 1915/4537/1915 1917/4539/1917
vt 0.0029296875000000 0.7180175781250000
f 1909/4535/1909 1917/4539/1917 1913/4540/1913
vt 0.6916503906250000 0.7949218750000000
vt 0.6918945312500000 0.7922363281250000
vt 0.7185058593750000 0.7922363281250000
f 1908/4541/1908 1910/4542/1910 1918/4543/1918
vt 0.7187500000000000 0.7946777343750000
f 1908/4541/1908 1918/4543/1918 1919/4544/1919
vt 0.7216796875000000 0.7927246093750000
f 1919/4544/1919 1918/4543/1918 1920/4545/1920
vt 0.7211914062500000 0.7949218750000000
f 1919/4544/1919 1920/4545/1920 1921/4546/1921
vt 0.7185058593750000 0.7456054687500000
f 1918/4543/1918 1910/4542/1910 1922/4547/1922
vt 0.6918945312500000 0.7456054687500000
f 1922/4547/1922 1910/4542/1910 1911/4548/1911
vt 0.7187500000000000 0.6054687500000000
f 1922/4547/1922 1911/4548/1911 1923/4549/1923
vt 0.6921386718750000 0.6054687500000000
f 1923/4549/1923 1911/4548/1911 1912/4550/1912
vt 0.6870117187500000 0.8117675781250000
vt 0.6848144531250000 0.8129882812500000
vt 0.6848144531250000 0.8100585937500000
f 1924/4551/1924 1915/4552/1915 1916/4553/1916
vt 0.6562500000000000 0.6679687500000000
vt 0.6564941406250000 0.6704101562500000
vt 0.6296386718750000 0.6677246093750000
f 1924/4554/1924 1916/4555/1916 1925/4556/1925
vt 0.6293945312500000 0.6701660156250000
f 1925/4556/1925 1916/4555/1916 1926/4557/1926
vt 0.6296386718750000 0.6203613281250000
f 1924/4554/1924 1925/4556/1925 1927/4558/1927
vt 0.6564941406250000 0.6203613281250000
f 1924/4554/1924 1927/4558/1927 1928/4559/1928
vt 0.6298828125000000 0.4780273437500000
f 1928/4559/1928 1927/4558/1927 1929/4560/1929
vt 0.6562500000000000 0.4780273437500000
f 1928/4559/1928 1929/4560/1929 1930/4561/1930
vt 0.6564941406250000 0.4758300781250000
f 1930/4561/1930 1929/4560/1929 1931/4562/1931
vt 0.6293945312500000 0.4758300781250000
f 1931/4562/1931 1929/4560/1929 1932/4563/1932
vt 0.8586425781250000 0.3752441406250000
vt 0.8562011718750000 0.3752441406250000
vt 0.8532714843750000 0.3342285156250000
f 1915/4564/1915 1924/4565/1924 1928/4566/1928
vt 0.8439941406250000 0.2111816406250000
f 1915/4564/1915 1928/4566/1928 1930/4567/1930
vt 0.8464355468750000 0.2111816406250000
f 1915/4564/1915 1930/4567/1930 1917/4568/1917
vt 0.8452148437500000 0.2087402343750000
f 1917/4568/1917 1930/4567/1930 1931/4569/1931
vt 0.8586425781250000 0.2055664062500000
f 1917/4568/1917 1931/4569/1931 1913/4570/1913
vt 0.8581542968750000 0.2026367187500000
f 1913/4570/1913 1931/4569/1931 1914/4571/1914
vt 0.8642578125000000 0.9458007812500000
vt 0.8620605468750000 0.9460449218750000
vt 0.8620605468750000 0.9189453125000000
f 1912/4572/1912 1914/4573/1914 1933/4574/1933
vt 0.6979980468750000 0.3989257812500000
vt 0.6972656250000000 0.3967285156250000
vt 0.7092285156250000 0.3967285156250000
f 1921/4575/1921 1920/4576/1920 1934/4577/1934
vt 0.7089843750000000 0.3989257812500000
f 1921/4575/1921 1934/4577/1934 1935/4578/1935
vt 0.7089843750000000 0.3493652343750000
f 1934/4577/1934 1920/4576/1920 1936/4579/1936
vt 0.6975097656250000 0.3493652343750000
f 1936/4579/1936 1920/4576/1920 1937/4580/1937
vt 0.7092285156250000 0.2070312500000000
f 1936/4579/1936 1937/4580/1937 1938/4581/1938
vt 0.6979980468750000 0.2070312500000000
f 1938/4581/1938 1937/4580/1937 1939/4582/1939
vt 0.7089843750000000 0.2050781250000000
f 1938/4581/1938 1939/4582/1939 1940/4583/1940
vt 0.6982421875000000 0.2050781250000000
f 1940/4583/1940 1939/4582/1939 1941/4584/1941
vt 0.6252441406250000 0.8420410156250000
vt 0.6425781250000000 0.8532714843750000
vt 0.6240234375000000 0.8444824218750000
f 1923/4585/1923 1912/4586/1912 1933/4587/1933
vt 0.6203613281250000 0.8437500000000000
f 1923/4585/1923 1933/4587/1933 1941/4588/1941
vt 0.6201171875000000 0.8417968750000000
f 1923/4585/1923 1941/4588/1941 1939/4589/1939
vt 0.6384277343750000 0.7180175781250000
f 1923/4585/1923 1939/4589/1939 1922/4590/1922
vt 0.6337890625000000 0.7175292968750000
f 1922/4590/1922 1939/4589/1939 1937/4591/1937
vt 0.6425781250000000 0.6765136718750000
f 1922/4590/1922 1937/4591/1937 1918/4592/1918
vt 0.6384277343750000 0.6760253906250000
f 1918/4592/1918 1937/4591/1937 1920/4593/1920
vt 0.2436523437500000 0.6010742187500000
vt 0.2414550781250000 0.6000976562500000
vt 0.2436523437500000 0.5959472656250000
f 1925/4594/1925 1926/4595/1926 1934/4596/1934
vt 0.2416992187500000 0.5959472656250000
f 1934/4596/1934 1926/4595/1926 1935/4597/1935
vt 0.9125976562500000 0.6716308593750000
vt 0.9111328125000000 0.6694335937500000
vt 0.9167480468750000 0.6713867187500000
f 1932/4598/1932 1929/4599/1929 1940/4600/1940
vt 0.9169921875000000 0.6696777343750000
f 1940/4600/1940 1929/4599/1929 1938/4601/1938
vt 0.9113769531250000 0.5512695312500000
f 1938/4601/1938 1929/4599/1929 1927/4602/1927
vt 0.9169921875000000 0.5515136718750000
f 1938/4601/1938 1927/4602/1927 1936/4603/1936
vt 0.9116210937500000 0.5117187500000000
f 1936/4603/1936 1927/4602/1927 1925/4604/1925
vt 0.9167480468750000 0.5119628906250000
f 1936/4603/1936 1925/4604/1925 1934/4605/1934
vt 0.8698730468750000 0.5764160156250000
vt 0.8666992187500000 0.5764160156250000
vt 0.8686523437500000 0.5739746093750000
f 1942/4606/1942 1943/4607/1943 1944/4608/1944
vt 0.8664550781250000 0.7409667968750000
f 1943/4607/1943 1942/4606/1942 1945/4609/1945
vt 0.8698730468750000 0.7409667968750000
f 1945/4609/1945 1942/4606/1942 1946/4610/1946
vt 0.0705566406250000 0.3254394531250000
vt 0.0678710937500000 0.3239746093750000
vt 0.0705566406250000 0.3085937500000000
f 1944/4611/1944 1943/4612/1943 1947/4613/1947
vt 0.0676269531250000 0.3093261718750000
f 1947/4613/1947 1943/4612/1943 1948/4614/1948
vt 0.2285156250000000 0.3576660156250000
vt 0.2275390625000000 0.3547363281250000
vt 0.2548828125000000 0.3547363281250000
f 1942/4615/1942 1944/4616/1944 1949/4617/1949
vt 0.2543945312500000 0.3576660156250000
f 1942/4615/1942 1949/4617/1949 1950/4618/1950
vt 0.2543945312500000 0.5483398437500000
f 1942/4615/1942 1950/4618/1950 1951/4619/1951
vt 0.2285156250000000 0.5483398437500000
f 1942/4615/1942 1951/4619/1951 1946/4620/1946
vt 0.2546386718750000 0.5512695312500000
f 1946/4620/1946 1951/4619/1951 1952/4621/1952
vt 0.2277832031250000 0.5512695312500000
f 1946/4620/1946 1952/4621/1952 1953/4622/1953
vt 0.1345214843750000 0.7050781250000000
vt 0.1345214843750000 0.7016601562500000
vt 0.1372070312500000 0.7031250000000000
f 1945/4623/1945 1946/4624/1946 1953/4625/1953
vt 0.1967773437500000 0.6940917968750000
vt 0.1940917968750000 0.6953125000000000
vt 0.1940917968750000 0.6784667968750000
f 1945/4626/1945 1953/4627/1953 1954/4628/1954
vt 0.1967773437500000 0.6796875000000000
f 1945/4626/1945 1954/4628/1954 1955/4629/1955
vt 0.3876953125000000 0.6945800781250000
f 1945/4626/1945 1955/4629/1955 1943/4630/1943
vt 0.3876953125000000 0.6791992187500000
f 1943/4630/1943 1955/4629/1955 1948/4631/1948
vt 0.8769531250000000 0.1704101562500000
vt 0.8752441406250000 0.1684570312500000
vt 0.8781738281250000 0.1682128906250000
f 1947/4632/1947 1948/4633/1948 1956/4634/1956
vt 0.8781738281250000 0.0061035156250000
f 1956/4634/1956 1948/4633/1948 1957/4635/1957
vt 0.8747558593750000 0.0061035156250000
f 1957/4635/1957 1948/4633/1948 1955/4636/1955
vt 0.8767089843750000 0.0034179687500000
f 1957/4635/1957 1955/4636/1955 1954/4637/1954
vt 0.5512695312500000 0.2341308593750000
vt 0.5485839843750000 0.2333984375000000
vt 0.5485839843750000 0.2077636718750000
f 1947/4638/1947 1956/4639/1956 1958/4640/1958
vt 0.5512695312500000 0.2072753906250000
f 1947/4638/1947 1958/4640/1958 1959/4641/1959
vt 0.3579101562500000 0.2077636718750000
f 1958/4640/1958 1956/4639/1956 1960/4642/1960
vt 0.3579101562500000 0.2333984375000000
f 1960/4642/1960 1956/4639/1956 1957/4643/1957
vt 0.3549804687500000 0.2341308593750000
f 1960/4642/1960 1957/4643/1957 1954/4644/1954
vt 0.3549804687500000 0.2072753906250000
f 1960/4642/1960 1954/4644/1954 1961/4645/1961
vt 0.6135253906250000 0.6113281250000000
vt 0.6113281250000000 0.6120605468750000
vt 0.6113281250000000 0.6069335937500000
f 1959/4646/1959 1958/4647/1958 1962/4648/1962
vt 0.6135253906250000 0.6071777343750000
f 1959/4646/1959 1962/4648/1962 1963/4649/1963
vt 0.4016113281250000 0.6479492187500000
vt 0.3991699218750000 0.6481933593750000
vt 0.4016113281250000 0.6364746093750000
f 1963/4650/1963 1962/4651/1962 1964/4652/1964
vt 0.3991699218750000 0.6362304687500000
f 1964/4652/1964 1962/4651/1962 1965/4653/1965
vt 0.3991699218750000 0.6323242187500000
f 1964/4652/1964 1965/4653/1965 1950/4654/1950
vt 0.2084960937500000 0.6479492187500000
f 1965/4653/1965 1962/4651/1962 1966/4655/1966
vt 0.2084960937500000 0.6362304687500000
f 1965/4653/1965 1966/4655/1966 1967/4656/1967
vt 0.2058105468750000 0.6474609375000000
f 1967/4656/1967 1966/4655/1966 1968/4657/1968
vt 0.2058105468750000 0.6364746093750000
f 1967/4656/1967 1968/4657/1968 1969/4658/1969
vt 0.5900878906250000 0.0664062500000000
vt 0.5881347656250000 0.0646972656250000
vt 0.5900878906250000 0.0612792968750000
f 1950/4659/1950 1949/4660/1949 1964/4661/1964
vt 0.8757324218750000 0.4089355468750000
vt 0.8808593750000000 0.4089355468750000
vt 0.8806152343750000 0.5717773437500000
f 1950/4662/1950 1965/4663/1965 1967/4664/1967
vt 0.8757324218750000 0.5720214843750000
f 1950/4662/1950 1967/4664/1967 1951/4665/1951
vt 0.8806152343750000 0.5744628906250000
f 1951/4665/1951 1967/4664/1967 1969/4666/1969
vt 0.8767089843750000 0.5747070312500000
f 1951/4665/1951 1969/4666/1969 1952/4667/1952
vt 0.8979492187500000 0.5261230468750000
vt 0.8979492187500000 0.3649902343750000
vt 0.9030761718750000 0.3652343750000000
f 1966/4668/1966 1962/4669/1962 1958/4670/1958
vt 0.9030761718750000 0.5263671875000000
f 1966/4668/1966 1958/4670/1958 1960/4671/1960
vt 0.9018554687500000 0.5290527343750000
f 1966/4668/1966 1960/4671/1960 1961/4672/1961
vt 0.8981933593750000 0.5288085937500000
f 1966/4668/1966 1961/4672/1961 1968/4673/1968
vt 0.1679687500000000 0.9479980468750000
vt 0.1689453125000000 0.9497070312500000
vt 0.1669921875000000 0.9497070312500000
f 1970/4674/1970 1971/4675/1971 1972/4676/1972
vt 0.1689453125000000 0.9707031250000000
f 1972/4676/1972 1971/4675/1971 1973/4677/1973
vt 0.1669921875000000 0.9709472656250000
f 1972/4676/1972 1973/4677/1973 1974/4678/1974
vt 0.9667968750000000 0.9528808593750000
vt 0.9648437500000000 0.9528808593750000
vt 0.9667968750000000 0.9316406250000000
f 1970/4679/1970 1972/4680/1972 1975/4681/1975
vt 0.9648437500000000 0.9316406250000000
f 1975/4681/1975 1972/4680/1972 1976/4682/1976
vt 0.9658203125000000 0.9299316406250000
f 1975/4681/1975 1976/4682/1976 1977/4683/1977
vt 0.9594726562500000 0.9833984375000000
vt 0.9594726562500000 0.9589843750000000
vt 0.9819335937500000 0.9589843750000000
f 1972/4684/1972 1974/4685/1974 1978/4686/1978
vt 0.9819335937500000 0.9833984375000000
f 1972/4684/1972 1978/4686/1978 1976/4687/1976
vt 0.8449707031250000 0.4934082031250000
vt 0.8432617187500000 0.4943847656250000
vt 0.8432617187500000 0.4924316406250000
f 1974/4688/1974 1973/4689/1973 1979/4690/1979
vt 0.9411621093750000 0.0725097656250000
vt 0.9428710937500000 0.0715332031250000
vt 0.9541015625000000 0.0874023437500000
f 1974/4691/1974 1979/4692/1979 1980/4693/1980
vt 0.9526367187500000 0.0883789062500000
f 1974/4691/1974 1980/4693/1980 1978/4694/1978
vt 0.9543457031250000 0.0893554687500000
f 1978/4694/1978 1980/4693/1980 1981/4695/1981
vt 0.9411621093750000 0.1057128906250000
f 1978/4694/1978 1981/4695/1981 1976/4696/1976
vt 0.9428710937500000 0.1066894531250000
f 1976/4696/1976 1981/4695/1981 1977/4697/1977
vt 0.0942382812500000 0.7653808593750000
vt 0.0925292968750000 0.7653808593750000
vt 0.0927734375000000 0.7639160156250000
f 1982/4698/1982 1983/4699/1983 1984/4700/1984
vt 0.0942382812500000 0.8669433593750000
f 1983/4699/1983 1982/4698/1982 1971/4701/1971
vt 0.0925292968750000 0.8669433593750000
f 1983/4699/1983 1971/4701/1971 1970/4702/1970
vt 0.0700683593750000 0.7656250000000000
f 1983/4699/1983 1970/4702/1970 1985/4703/1985
vt 0.0703125000000000 0.8669433593750000
f 1985/4703/1985 1970/4702/1970 1975/4704/1975
vt 0.5944824218750000 0.7731933593750000
vt 0.5954589843750000 0.7746582031250000
vt 0.5786132812500000 0.7858886718750000
f 1984/4705/1984 1983/4706/1983 1986/4707/1986
vt 0.5798339843750000 0.7873535156250000
f 1986/4707/1986 1983/4706/1983 1985/4708/1985
vt 0.5778808593750000 0.7875976562500000
f 1986/4707/1986 1985/4708/1985 1987/4709/1987
vt 0.5954589843750000 0.8640136718750000
f 1987/4709/1987 1985/4708/1985 1975/4710/1975
vt 0.5937500000000000 0.8642578125000000
f 1987/4709/1987 1975/4710/1975 1977/4711/1977
vt 0.5532226562500000 0.7734375000000000
vt 0.5544433593750000 0.7719726562500000
vt 0.5700683593750000 0.7858886718750000
f 1982/4712/1982 1984/4713/1984 1988/4714/1988
vt 0.5688476562500000 0.7873535156250000
f 1982/4712/1982 1988/4714/1988 1989/4715/1989
vt 0.5705566406250000 0.7878417968750000
f 1989/4715/1989 1988/4714/1988 1990/4716/1990
vt 0.5532226562500000 0.8640136718750000
f 1989/4715/1989 1990/4716/1990 1973/4717/1973
vt 0.5551757812500000 0.8642578125000000
f 1973/4717/1973 1990/4716/1990 1979/4718/1979
vt 0.1984863281250000 0.8642578125000000
vt 0.1984863281250000 0.7626953125000000
vt 0.2229003906250000 0.7626953125000000
f 1971/4719/1971 1982/4720/1982 1989/4721/1989
vt 0.2229003906250000 0.8642578125000000
f 1971/4719/1971 1989/4721/1989 1973/4722/1973
vt 0.7780761718750000 0.8876953125000000
vt 0.7761230468750000 0.8876953125000000
vt 0.7766113281250000 0.8093261718750000
f 1981/4723/1981 1980/4724/1980 1991/4725/1991
vt 0.7783203125000000 0.8093261718750000
f 1981/4723/1981 1991/4725/1991 1992/4726/1992
vt 0.7609863281250000 0.7988281250000000
vt 0.7619628906250000 0.7973632812500000
f 1990/4727/1990 1988/4728/1988 1991/4725/1991
vt 0.7775878906250000 0.8076171875000000
f 1991/4725/1991 1988/4728/1988 1993/4729/1993
f 1991/4725/1991 1993/4729/1993 1992/4726/1992
vt 0.7954101562500000 0.7973632812500000
f 1992/4726/1992 1993/4729/1993 1986/4730/1986
vt 0.7963867187500000 0.7990722656250000
f 1992/4726/1992 1986/4730/1986 1987/4731/1987
vt 0.2824707031250000 0.7626953125000000
vt 0.2824707031250000 0.8642578125000000
vt 0.2600097656250000 0.8642578125000000
f 1991/4732/1991 1980/4733/1980 1979/4734/1979
vt 0.2600097656250000 0.7626953125000000
f 1991/4732/1991 1979/4734/1979 1990/4735/1990
vt 0.2534179687500000 0.8642578125000000
vt 0.2290039062500000 0.8642578125000000
vt 0.2290039062500000 0.7626953125000000
f 1977/4736/1977 1981/4737/1981 1992/4738/1992
vt 0.2534179687500000 0.7626953125000000
f 1977/4736/1977 1992/4738/1992 1987/4739/1987
vt 0.8471679687500000 0.9602050781250000
vt 0.8698730468750000 0.9602050781250000
vt 0.8698730468750000 0.9846191406250000
f 1993/4740/1993 1988/4741/1988 1984/4742/1984
vt 0.8469238281250000 0.9848632812500000
f 1993/4740/1993 1984/4742/1984 1986/4743/1986
vt 0.8808593750000000 0.1833496093750000
vt 0.8774414062500000 0.1833496093750000
vt 0.8789062500000000 0.1799316406250000
f 1994/4744/1994 1995/4745/1995 1996/4746/1996
vt 0.8803710937500000 0.3459472656250000
f 1995/4745/1995 1994/4744/1994 1997/4747/1997
vt 0.8774414062500000 0.3461914062500000
f 1995/4745/1995 1997/4747/1997 1998/4748/1998
vt 0.5478515625000000 0.2802734375000000
vt 0.5512695312500000 0.2797851562500000
vt 0.5478515625000000 0.3293457031250000
f 1994/4749/1994 1996/4750/1996 1999/4751/1999
vt 0.3596191406250000 0.3295898437500000
f 1994/4749/1994 1999/4751/1999 2000/4752/2000
vt 0.3593750000000000 0.2800292968750000
f 1994/4749/1994 2000/4752/2000 1997/4753/1997
vt 0.3593750000000000 0.3325195312500000
f 2000/4752/2000 1999/4751/1999 2001/4754/2001
vt 0.5478515625000000 0.3315429687500000
f 2001/4754/2001 1999/4751/1999 2002/4755/2002
vt 0.3562011718750000 0.3298339843750000
f 1997/4753/1997 2000/4752/2000 2003/4756/2003
vt 0.3562011718750000 0.2797851562500000
f 1997/4753/1997 2003/4756/2003 2004/4757/2004
vt 0.5747070312500000 0.2827148437500000
vt 0.5747070312500000 0.3325195312500000
vt 0.5720214843750000 0.2832031250000000
f 1999/4758/1999 1996/4759/1996 2005/4760/2005
vt 0.5737304687500000 0.2805175781250000
f 1999/4758/1999 2005/4760/2005 2002/4761/2002
vt 0.2922363281250000 0.1398925781250000
vt 0.2885742187500000 0.1394042968750000
vt 0.2885742187500000 0.1254882812500000
f 1996/4762/1996 1995/4763/1995 2006/4764/2006
vt 0.2922363281250000 0.1254882812500000
f 1996/4762/1996 2006/4764/2006 2007/4765/2007
vt 0.2902832031250000 0.1225585937500000
f 2007/4765/2007 2006/4764/2006 2008/4766/2008
vt 0.8620605468750000 0.7509765625000000
vt 0.8657226562500000 0.9108886718750000
vt 0.8620605468750000 0.9113769531250000
f 2009/4767/2009 2008/4768/2008 2006/4769/2006
vt 0.6313476562500000 0.0729980468750000
vt 0.6315917968750000 0.2617187500000000
vt 0.5805664062500000 0.2614746093750000
f 2008/4770/2008 2009/4771/2009 2010/4772/2010
vt 0.6303710937500000 0.2641601562500000
f 2010/4772/2010 2009/4771/2009 2011/4773/2011
vt 0.5805664062500000 0.2646484375000000
f 2010/4772/2010 2011/4773/2011 2012/4774/2012
vt 0.5820312500000000 0.0727539062500000
f 2008/4770/2008 2010/4772/2010 2013/4775/2013
vt 0.6315917968750000 0.0700683593750000
f 2008/4770/2008 2013/4775/2013 2007/4776/2007
vt 0.5786132812500000 0.2614746093750000
f 2013/4775/2013 2010/4772/2010 2014/4777/2014
vt 0.5803222656250000 0.0727539062500000
f 2013/4775/2013 2014/4777/2014 2015/4778/2015
vt 0.6398925781250000 0.2202148437500000
vt 0.6374511718750000 0.2172851562500000
vt 0.6411132812500000 0.2182617187500000
f 2010/4779/2010 2012/4780/2012 2014/4781/2014
vt 0.6413574218750000 0.2045898437500000
f 2014/4781/2014 2012/4780/2012 2001/4782/2001
vt 0.6372070312500000 0.2045898437500000
f 2001/4782/2001 2012/4780/2012 2003/4783/2003
vt 0.1218261718750000 0.6721191406250000
vt 0.1247558593750000 0.6745605468750000
vt 0.1218261718750000 0.6757812500000000
f 2004/4784/2004 1998/4785/1998 1997/4786/1997
vt 0.0539550781250000 0.6882324218750000
vt 0.0502929687500000 0.6882324218750000
vt 0.0502929687500000 0.6740722656250000
f 1998/4787/1998 2004/4788/2004 2011/4789/2011
vt 0.7778320312500000 0.3999023437500000
vt 0.7939453125000000 0.3972167968750000
vt 0.7949218750000000 0.3999023437500000
f 1998/4790/1998 2011/4791/2011 2009/4792/2009
vt 0.7778320312500000 0.5886230468750000
f 1998/4790/1998 2009/4792/2009 1995/4793/1995
vt 0.7927246093750000 0.5886230468750000
f 1995/4793/1995 2009/4792/2009 2006/4794/2006
vt 0.0549316406250000 0.0693359375000000
vt 0.0549316406250000 0.0654296875000000
vt 0.0581054687500000 0.0668945312500000
f 2003/4795/2003 2000/4796/2000 2001/4797/2001
vt 0.5913085937500000 0.0148925781250000
vt 0.5883789062500000 0.0156250000000000
vt 0.5883789062500000 0.0141601562500000
f 2016/4798/2016 2013/4799/2013 2015/4800/2015
vt 0.6010742187500000 0.0527343750000000
f 2013/4799/2013 2016/4798/2016 2007/4801/2007
vt 0.6010742187500000 0.0068359375000000
f 2016/4798/2016 2015/4800/2015 2005/4802/2005
vt 0.6000976562500000 0.0036621093750000
f 2005/4802/2005 2015/4800/2015 2002/4803/2002
vt 0.5996093750000000 0.5405273437500000
vt 0.5971679687500000 0.5415039062500000
vt 0.5971679687500000 0.5388183593750000
f 2017/4804/2017 2018/4805/2018 2019/4806/2019
vt 0.5524902343750000 0.1994628906250000
vt 0.5534667968750000 0.1967773437500000
vt 0.5678710937500000 0.1967773437500000
f 2019/4807/2019 2018/4808/2018 2020/4809/2020
vt 0.5690917968750000 0.1992187500000000
f 2019/4807/2019 2020/4809/2020 2021/4810/2021
vt 0.5705566406250000 0.1965332031250000
f 2021/4810/2021 2020/4809/2020 2022/4811/2022
vt 0.5705566406250000 0.0058593750000000
f 2022/4811/2022 2020/4809/2020 2023/4812/2023
vt 0.5693359375000000 0.0080566406250000
f 2020/4809/2020 2018/4808/2018 2014/4813/2014
vt 0.5532226562500000 0.0080566406250000
f 2014/4813/2014 2018/4808/2018 2001/4814/2001
vt 0.5693359375000000 0.0029296875000000
f 2014/4813/2014 2001/4814/2001 2024/4815/2024
vt 0.5527343750000000 0.0029296875000000
f 2024/4815/2024 2001/4814/2001 2025/4816/2025
vt 0.5512695312500000 0.0058593750000000
f 2025/4816/2025 2001/4814/2001 2026/4817/2026
f 2026/4817/2026 2001/4814/2001 2018/4808/2018
vt 0.5510253906250000 0.1965332031250000
f 2026/4817/2026 2018/4808/2018 2017/4818/2017
vt 0.8898925781250000 0.5434570312500000
vt 0.8906250000000000 0.5388183593750000
vt 0.8918457031250000 0.5415039062500000
f 2014/4819/2014 2024/4820/2024 2023/4821/2023
vt 0.8918457031250000 0.7036132812500000
f 2014/4819/2014 2023/4821/2023 2020/4822/2020
vt 0.8002929687500000 0.4343261718750000
vt 0.8161621093750000 0.4343261718750000
vt 0.7993164062500000 0.6232910156250000
f 2014/4823/2014 2001/4824/2001 2015/4825/2015
vt 0.8171386718750000 0.6230468750000000
f 2015/4825/2015 2001/4824/2001 2002/4826/2002
vt 0.2641601562500000 0.3547363281250000
vt 0.2907714843750000 0.3547363281250000
vt 0.2907714843750000 0.3576660156250000
f 2019/4827/2019 2027/4828/2027 2028/4829/2028
vt 0.2646484375000000 0.3576660156250000
f 2019/4827/2019 2028/4829/2028 2017/4830/2017
vt 0.2907714843750000 0.5483398437500000
f 2017/4830/2017 2028/4829/2028 2029/4831/2029
vt 0.2646484375000000 0.5483398437500000
f 2017/4830/2017 2029/4831/2029 2026/4832/2026
vt 0.2907714843750000 0.5512695312500000
f 2026/4832/2026 2029/4831/2029 2030/4833/2030
vt 0.2641601562500000 0.5512695312500000
f 2026/4832/2026 2030/4833/2030 2025/4834/2025
vt 0.6242675781250000 0.2734375000000000
vt 0.6254882812500000 0.2705078125000000
vt 0.6281738281250000 0.2734375000000000
f 2028/4835/2028 2027/4836/2027 2031/4837/2031
vt 0.6281738281250000 0.2709960937500000
f 2031/4837/2031 2027/4836/2027 2032/4838/2032
vt 0.6398925781250000 0.2734375000000000
f 2031/4837/2031 2032/4838/2032 2033/4839/2033
vt 0.6394042968750000 0.2712402343750000
f 2033/4839/2033 2032/4838/2032 2034/4840/2034
vt 0.6398925781250000 0.4643554687500000
f 2031/4837/2031 2033/4839/2033 2035/4841/2035
vt 0.6281738281250000 0.4643554687500000
f 2031/4837/2031 2035/4841/2035 2036/4842/2036
vt 0.6394042968750000 0.4667968750000000
f 2036/4842/2036 2035/4841/2035 2037/4843/2037
vt 0.6281738281250000 0.4667968750000000
f 2036/4842/2036 2037/4843/2037 2038/4844/2038
vt 0.8852539062500000 0.8891601562500000
vt 0.8852539062500000 0.7263183593750000
vt 0.8906250000000000 0.8891601562500000
f 2029/4845/2029 2028/4846/2028 2036/4847/2036
vt 0.8906250000000000 0.7260742187500000
f 2036/4847/2036 2028/4846/2028 2031/4848/2031
vt 0.8901367187500000 0.8916015625000000
f 2029/4845/2029 2036/4847/2036 2038/4849/2038
vt 0.8864746093750000 0.8918457031250000
f 2029/4845/2029 2038/4849/2038 2030/4850/2030
vt 0.5485839843750000 0.2438964843750000
vt 0.5512695312500000 0.2436523437500000
vt 0.5512695312500000 0.2700195312500000
f 2039/4851/2039 2040/4852/2040 2021/4853/2021
vt 0.5485839843750000 0.2697753906250000
f 2039/4851/2039 2021/4853/2021 2022/4854/2022
vt 0.3579101562500000 0.2697753906250000
f 2039/4851/2039 2022/4854/2022 2023/4855/2023
vt 0.3579101562500000 0.2438964843750000
f 2039/4851/2039 2023/4855/2023 2041/4856/2041
vt 0.3552246093750000 0.2436523437500000
f 2041/4856/2041 2023/4855/2023 2042/4857/2042
vt 0.3549804687500000 0.2700195312500000
f 2042/4857/2042 2023/4855/2023 2024/4858/2024
vt 0.9030761718750000 0.5439453125000000
vt 0.9030761718750000 0.7050781250000000
vt 0.8979492187500000 0.7048339843750000
f 2039/4859/2039 2041/4860/2041 2035/4861/2035
vt 0.8979492187500000 0.5437011718750000
f 2039/4859/2039 2035/4861/2035 2033/4862/2033
vt 0.8981933593750000 0.7075195312500000
f 2035/4861/2035 2041/4860/2041 2037/4863/2037
vt 0.9018554687500000 0.7077636718750000
f 2037/4863/2037 2041/4860/2041 2042/4864/2042
vt 0.4113769531250000 0.6359863281250000
vt 0.4086914062500000 0.6372070312500000
vt 0.4086914062500000 0.6320800781250000
f 2040/4865/2040 2039/4866/2039 2033/4867/2033
vt 0.4108886718750000 0.6323242187500000
f 2040/4865/2040 2033/4867/2033 2034/4868/2034
vt 0.1965332031250000 0.5539550781250000
vt 0.1965332031250000 0.5517578125000000
vt 0.1994628906250000 0.5529785156250000
f 2043/4869/2043 2044/4870/2044 2045/4871/2045
vt 0.0056152343750000 0.5537109375000000
f 2044/4870/2044 2043/4869/2043 2046/4872/2046
vt 0.1965332031250000 0.5688476562500000
f 2043/4869/2043 2045/4871/2045 2047/4873/2047
vt 0.1994628906250000 0.5695800781250000
f 2047/4873/2047 2045/4871/2045 2048/4874/2048
vt 0.0056152343750000 0.5686035156250000
f 2046/4872/2046 2043/4869/2043 2049/4875/2049
f 2049/4875/2049 2043/4869/2043 2047/4873/2047
vt 0.0029296875000000 0.5693359375000000
f 2046/4872/2046 2049/4875/2049 2050/4876/2050
vt 0.0029296875000000 0.5529785156250000
f 2046/4872/2046 2050/4876/2050 2051/4877/2051
vt 0.0056152343750000 0.5705566406250000
f 2049/4875/2049 2047/4873/2047 2052/4878/2052
vt 0.1965332031250000 0.5705566406250000
f 2052/4878/2052 2047/4873/2047 2053/4879/2053
vt 0.6206054687500000 0.3479003906250000
vt 0.6201171875000000 0.3505859375000000
vt 0.6088867187500000 0.3479003906250000
f 2045/4880/2045 2044/4881/2044 2054/4882/2054
vt 0.6086425781250000 0.3505859375000000
f 2054/4882/2054 2044/4881/2044 2055/4883/2055
vt 0.6203613281250000 0.5415039062500000
f 2055/4883/2055 2044/4881/2044 2056/4884/2056
vt 0.6088867187500000 0.5415039062500000
f 2055/4883/2055 2056/4884/2056 2057/4885/2057
vt 0.6206054687500000 0.5441894531250000
f 2057/4885/2057 2056/4884/2056 2051/4886/2051
vt 0.6093750000000000 0.5441894531250000
f 2057/4885/2057 2051/4886/2051 2058/4887/2058
vt 0.8449707031250000 0.7233886718750000
vt 0.8449707031250000 0.8867187500000000
vt 0.8425292968750000 0.8864746093750000
f 2044/4888/2044 2046/4889/2046 2056/4890/2056
vt 0.8435058593750000 0.8891601562500000
f 2056/4890/2056 2046/4889/2046 2051/4891/2051
vt 0.5646972656250000 0.3298339843750000
vt 0.5664062500000000 0.3298339843750000
vt 0.5656738281250000 0.3325195312500000
f 2053/4892/2053 2047/4893/2047 2048/4894/2048
vt 0.1965332031250000 0.6052246093750000
vt 0.1994628906250000 0.6054687500000000
vt 0.1994628906250000 0.6171875000000000
f 2053/4895/2053 2048/4896/2048 2059/4897/2059
vt 0.1965332031250000 0.6176757812500000
f 2053/4895/2053 2059/4897/2059 2060/4898/2060
vt 0.0056152343750000 0.6052246093750000
f 2053/4895/2053 2060/4898/2060 2052/4899/2052
vt 0.0056152343750000 0.6176757812500000
f 2052/4899/2052 2060/4898/2060 2061/4900/2061
vt 0.0029296875000000 0.6054687500000000
f 2052/4899/2052 2061/4900/2061 2050/4901/2050
vt 0.0029296875000000 0.6166992187500000
f 2050/4901/2050 2061/4900/2061 2062/4902/2062
vt 0.7375488281250000 0.8317871093750000
vt 0.7395019531250000 0.8308105468750000
vt 0.7395019531250000 0.8337402343750000
f 2049/4903/2049 2052/4904/2052 2050/4905/2050
vt 0.8654785156250000 0.4013671875000000
vt 0.8654785156250000 0.3989257812500000
vt 0.8693847656250000 0.3989257812500000
f 2063/4906/2063 2064/4907/2064 2054/4908/2054
vt 0.8698730468750000 0.4016113281250000
f 2063/4906/2063 2054/4908/2054 2055/4909/2055
vt 0.8654785156250000 0.5664062500000000
f 2063/4906/2063 2055/4909/2055 2065/4910/2065
vt 0.8691406250000000 0.5664062500000000
f 2065/4910/2065 2055/4909/2055 2057/4911/2057
vt 0.6052246093750000 0.6220703125000000
vt 0.6025390625000000 0.6223144531250000
vt 0.6025390625000000 0.6098632812500000
f 2064/4912/2064 2063/4913/2063 2066/4914/2066
vt 0.6052246093750000 0.6098632812500000
f 2064/4912/2064 2066/4914/2066 2067/4915/2067
vt 0.4116210937500000 0.6098632812500000
f 2066/4914/2066 2063/4913/2063 2068/4916/2068
vt 0.4116210937500000 0.6232910156250000
f 2068/4916/2068 2063/4913/2063 2065/4917/2065
vt 0.4091796875000000 0.6101074218750000
f 2068/4916/2068 2065/4917/2065 2069/4918/2069
vt 0.4089355468750000 0.6228027343750000
f 2069/4918/2069 2065/4917/2065 2070/4919/2070
vt 0.5510253906250000 0.5390625000000000
vt 0.5539550781250000 0.5397949218750000
vt 0.5539550781250000 0.5427246093750000
f 2057/4920/2057 2058/4921/2058 2070/4922/2070
vt 0.5510253906250000 0.5429687500000000
f 2057/4920/2057 2070/4922/2070 2065/4923/2065
vt 0.7253417968750000 0.3999023437500000
vt 0.7231445312500000 0.4001464843750000
vt 0.7231445312500000 0.3969726562500000
f 2067/4924/2067 2066/4925/2066 2060/4926/2060
vt 0.7258300781250000 0.3969726562500000
f 2067/4924/2067 2060/4926/2060 2059/4927/2059
vt 0.8911132812500000 0.3637695312500000
vt 0.8916015625000000 0.3666992187500000
vt 0.8886718750000000 0.3669433593750000
f 2062/4928/2062 2061/4929/2061 2068/4930/2068
vt 0.8889160156250000 0.3642578125000000
f 2062/4928/2062 2068/4930/2068 2069/4931/2069
vt 0.8886718750000000 0.5290527343750000
f 2068/4930/2068 2061/4929/2061 2066/4932/2066
vt 0.8918457031250000 0.5290527343750000
f 2066/4932/2066 2061/4929/2061 2060/4933/2060
vt 0.7900390625000000 0.9296875000000000
vt 0.7883300781250000 0.9287109375000000
vt 0.7890625000000000 0.9267578125000000
f 2071/4934/2071 2072/4935/2072 2073/4936/2073
vt 0.7856445312500000 0.9279785156250000
f 2073/4936/2073 2072/4935/2072 2074/4937/2074
vt 0.7883300781250000 0.9306640625000000
f 2072/4935/2072 2071/4934/2071 2075/4938/2075
f 2072/4935/2072 2075/4938/2075 2074/4937/2074
vt 0.7858886718750000 0.9316406250000000
f 2074/4937/2074 2075/4938/2075 2076/4939/2076
vt 0.7873535156250000 0.9340820312500000
f 2076/4939/2076 2075/4938/2075 2077/4940/2077
vt 0.7873535156250000 0.9250488281250000
f 2073/4936/2073 2074/4937/2074 2078/4941/2078
vt 0.7893066406250000 0.9323730468750000
f 2075/4938/2075 2071/4934/2071 2079/4942/2079
f 2075/4938/2075 2079/4942/2079 2077/4940/2077
vt 0.7932128906250000 0.9296875000000000
f 2080/4943/2080 2071/4934/2071 2073/4936/2073
f 2071/4934/2071 2080/4943/2080 2079/4942/2079
vt 0.7939453125000000 0.9274902343750000
f 2080/4943/2080 2073/4936/2073 2081/4944/2081
vt 0.7939453125000000 0.9313964843750000
f 2079/4942/2079 2080/4943/2080 2082/4945/2082
vt 0.8066406250000000 0.9147949218750000
f 2081/4944/2081 2073/4936/2073 2083/4946/2083
vt 0.8059082031250000 0.9453125000000000
f 2079/4942/2079 2082/4945/2082 2084/4947/2084
vt 0.8071289062500000 0.9096679687500000
f 2083/4946/2083 2073/4936/2073 2085/4948/2085
f 2085/4948/2085 2073/4936/2073 2078/4941/2078
vt 0.8100585937500000 0.9152832031250000
f 2083/4946/2083 2085/4948/2085 2086/4949/2086
vt 0.8051757812500000 0.9074707031250000
f 2085/4948/2085 2078/4941/2078 2087/4950/2087
vt 0.8120117187500000 0.9130859375000000
f 2086/4949/2086 2085/4948/2085 2088/4951/2088
vt 0.8088378906250000 0.9086914062500000
f 2085/4948/2085 2087/4950/2087 2089/4952/2089
f 2085/4948/2085 2089/4952/2089 2088/4951/2088
vt 0.8081054687500000 0.9062500000000000
f 2089/4952/2089 2087/4950/2087 2090/4953/2090
vt 0.8115234375000000 0.9064941406250000
f 2089/4952/2089 2090/4953/2090 2091/4954/2091
vt 0.8105468750000000 0.9089355468750000
f 2088/4951/2088 2089/4952/2089 2092/4955/2092
f 2092/4955/2092 2089/4952/2089 2091/4954/2091
vt 0.8132324218750000 0.9111328125000000
f 2088/4951/2088 2092/4955/2092 2093/4956/2093
f 2093/4956/2093 2092/4955/2092 2091/4954/2091
vt 0.8144531250000000 0.9089355468750000
f 2093/4956/2093 2091/4954/2091 2094/4957/2094
vt 0.8066406250000000 0.9504394531250000
f 2095/4958/2095 2079/4942/2079 2084/4947/2084
f 2079/4942/2079 2095/4958/2095 2077/4940/2077
vt 0.8051757812500000 0.9521484375000000
f 2077/4940/2077 2095/4958/2095 2096/4959/2096
vt 0.8112792968750000 0.9472656250000000
f 2095/4958/2095 2084/4947/2084 2097/4960/2097
vt 0.8095703125000000 0.9448242187500000
f 2097/4960/2097 2084/4947/2084 2098/4961/2098
vt 0.8090820312500000 0.9511718750000000
f 2095/4958/2095 2097/4960/2097 2099/4962/2099
vt 0.8110351562500000 0.9509277343750000
f 2099/4962/2099 2097/4960/2097 2100/4963/2100
vt 0.8127441406250000 0.9489746093750000
f 2100/4963/2100 2097/4960/2097 2101/4964/2101
vt 0.8144531250000000 0.9509277343750000
f 2100/4963/2100 2101/4964/2101 2102/4965/2102
vt 0.8120117187500000 0.9528808593750000
f 2100/4963/2100 2102/4965/2102 2103/4966/2103
vt 0.9409179687500000 0.7988281250000000
vt 0.9406738281250000 0.7958984375000000
vt 0.9499511718750000 0.7983398437500000
f 2076/4967/2076 2077/4968/2077 2104/4969/2104
vt 0.9409179687500000 0.8020019531250000
f 2076/4967/2076 2104/4969/2104 2074/4970/2074
vt 0.9501953125000000 0.8015136718750000
f 2074/4970/2074 2104/4969/2104 2105/4971/2105
vt 0.9497070312500000 0.7956542968750000
f 2104/4969/2104 2077/4968/2077 2106/4972/2106
vt 0.9499511718750000 0.7700195312500000
f 2106/4972/2106 2077/4968/2077 2107/4973/2107
vt 0.9418945312500000 0.7707519531250000
f 2107/4973/2107 2077/4968/2077 2096/4974/2096
vt 0.9501953125000000 0.7666015625000000
f 2107/4973/2107 2096/4974/2096 2108/4975/2108
vt 0.9423828125000000 0.7675781250000000
f 2108/4975/2108 2096/4974/2096 2109/4976/2109
vt 0.0664062500000000 0.1210937500000000
vt 0.0673828125000000 0.1230468750000000
vt 0.0649414062500000 0.1218261718750000
f 2104/4977/2104 2106/4978/2106 2110/4979/2110
vt 0.0656738281250000 0.1235351562500000
f 2110/4979/2110 2106/4978/2106 2111/4980/2111
vt 0.0690917968750000 0.1445312500000000
f 2111/4980/2111 2106/4978/2106 2112/4981/2112
vt 0.0705566406250000 0.1442871093750000
f 2112/4981/2112 2106/4978/2106 2107/4982/2107
vt 0.0683593750000000 0.1479492187500000
f 2112/4981/2112 2107/4982/2107 2113/4983/2113
vt 0.0700683593750000 0.1481933593750000
f 2113/4983/2113 2107/4982/2107 2108/4984/2108
vt 0.0681152343750000 0.1513671875000000
f 2113/4983/2113 2108/4984/2108 2114/4985/2114
vt 0.0666503906250000 0.1506347656250000
f 2113/4983/2113 2114/4985/2114 2115/4986/2115
vt 0.0649414062500000 0.1538085937500000
f 2115/4986/2115 2114/4985/2114 2116/4987/2116
vt 0.3212890625000000 0.0129394531250000
vt 0.3212890625000000 0.0380859375000000
vt 0.3120117187500000 0.0129394531250000
f 2087/4988/2087 2078/4989/2078 2117/4990/2117
vt 0.3120117187500000 0.0092773437500000
f 2087/4988/2087 2117/4990/2117 2118/4991/2118
vt 0.3212890625000000 0.0100097656250000
f 2087/4988/2087 2118/4991/2118 2090/4992/2090
vt 0.3120117187500000 0.0383300781250000
f 2117/4990/2117 2078/4989/2078 2119/4993/2119
vt 0.3212890625000000 0.0412597656250000
f 2119/4993/2119 2078/4989/2078 2074/4994/2074
vt 0.3120117187500000 0.0415039062500000
f 2119/4993/2119 2074/4994/2074 2105/4995/2105
vt 0.5693359375000000 0.9890136718750000
vt 0.5671386718750000 0.9887695312500000
vt 0.5676269531250000 0.9841308593750000
f 2088/4996/2088 2093/4997/2093 2120/4998/2120
vt 0.5693359375000000 0.9841308593750000
f 2088/4996/2088 2120/4998/2120 2121/4999/2121
vt 0.5654296875000000 0.9843750000000000
f 2120/4998/2120 2093/4997/2093 2122/5000/2122
vt 0.5646972656250000 0.9890136718750000
f 2122/5000/2122 2093/4997/2093 2094/5001/2094
vt 0.6723632812500000 0.9829101562500000
vt 0.6684570312500000 0.9833984375000000
vt 0.6721191406250000 0.9741210937500000
f 2094/5002/2094 2091/5003/2091 2123/5004/2123
vt 0.6684570312500000 0.9743652343750000
f 2123/5004/2123 2091/5003/2091 2124/5005/2124
vt 0.6757812500000000 0.9738769531250000
f 2094/5002/2094 2123/5004/2123 2125/5006/2125
vt 0.6757812500000000 0.9799804687500000
f 2094/5002/2094 2125/5006/2125 2122/5007/2122
vt 0.3461914062500000 0.9902343750000000
vt 0.3444824218750000 0.9902343750000000
vt 0.3444824218750000 0.9838867187500000
f 2121/5008/2121 2120/5009/2120 2126/5010/2126
vt 0.3461914062500000 0.9838867187500000
f 2121/5008/2121 2126/5010/2126 2127/5011/2127
vt 0.3425292968750000 0.9899902343750000
f 2126/5010/2126 2120/5009/2120 2122/5012/2122
vt 0.3425292968750000 0.9838867187500000
f 2126/5010/2126 2122/5012/2122 2125/5013/2125
vt 0.4377441406250000 0.3398437500000000
vt 0.4375000000000000 0.3420410156250000
vt 0.4360351562500000 0.3413085937500000
f 2126/5014/2126 2125/5015/2125 2128/5016/2128
vt 0.4360351562500000 0.3400878906250000
f 2126/5014/2126 2128/5016/2128 2129/5017/2129
vt 0.4360351562500000 0.3381347656250000
f 2126/5014/2126 2129/5017/2129 2130/5018/2130
vt 0.4375000000000000 0.3383789062500000
f 2126/5014/2126 2130/5018/2130 2127/5019/2127
vt 0.6848144531250000 0.8671875000000000
vt 0.6870117187500000 0.8681640625000000
vt 0.6862792968750000 0.8706054687500000
f 2096/5020/2096 2095/5021/2095 2099/5022/2099
vt 0.6838378906250000 0.8708496093750000
f 2096/5020/2096 2099/5022/2099 2109/5023/2109
vt 0.6848144531250000 0.8740234375000000
f 2109/5023/2109 2099/5022/2099 2103/5024/2103
vt 0.6870117187500000 0.8725585937500000
f 2103/5024/2103 2099/5022/2099 2100/5025/2100
vt 0.9724121093750000 0.9472656250000000
vt 0.9724121093750000 0.9443359375000000
vt 0.9804687500000000 0.9440917968750000
f 2109/5026/2109 2103/5027/2103 2114/5028/2114
vt 0.9802246093750000 0.9472656250000000
f 2109/5026/2109 2114/5028/2114 2108/5029/2108
vt 0.9804687500000000 0.9394531250000000
f 2114/5028/2114 2103/5027/2103 2116/5030/2116
vt 0.9724121093750000 0.9414062500000000
f 2116/5030/2116 2103/5027/2103 2102/5031/2102
vt 0.9804687500000000 0.9375000000000000
f 2116/5030/2116 2102/5031/2102 2131/5032/2131
vt 0.9743652343750000 0.9377441406250000
f 2131/5032/2131 2102/5031/2102 2132/5033/2132
vt 0.5939941406250000 0.3271484375000000
vt 0.5922851562500000 0.3325195312500000
vt 0.5922851562500000 0.3271484375000000
f 2133/5034/2133 2097/5035/2097 2134/5036/2134
vt 0.5944824218750000 0.3322753906250000
f 2097/5035/2097 2133/5034/2133 2101/5037/2101
vt 0.5964355468750000 0.3276367187500000
f 2101/5037/2101 2133/5034/2133 2132/5038/2132
vt 0.5969238281250000 0.3315429687500000
f 2101/5037/2101 2132/5038/2132 2102/5039/2102
vt 0.4589843750000000 0.9890136718750000
vt 0.4570312500000000 0.9887695312500000
vt 0.4592285156250000 0.9824218750000000
f 2133/5040/2133 2134/5041/2134 2135/5042/2135
vt 0.4572753906250000 0.9824218750000000
f 2135/5042/2135 2134/5041/2134 2136/5043/2136
vt 0.4611816406250000 0.9824218750000000
f 2133/5040/2133 2135/5042/2135 2131/5044/2131
vt 0.4611816406250000 0.9885253906250000
f 2133/5040/2133 2131/5044/2131 2132/5045/2132
vt 0.7553710937500000 0.9304199218750000
vt 0.7541503906250000 0.9284667968750000
vt 0.7561035156250000 0.9277343750000000
f 2137/5046/2137 2138/5047/2138 2139/5048/2139
vt 0.7519531250000000 0.9291992187500000
f 2138/5047/2138 2137/5046/2137 2140/5049/2140
vt 0.7543945312500000 0.9262695312500000
f 2139/5048/2139 2138/5047/2138 2141/5050/2141
f 2141/5050/2141 2138/5047/2138 2140/5049/2140
vt 0.7521972656250000 0.9255371093750000
f 2141/5050/2141 2140/5049/2140 2142/5051/2142
vt 0.7531738281250000 0.9228515625000000
f 2141/5050/2141 2142/5051/2142 2143/5052/2143
vt 0.7531738281250000 0.9323730468750000
f 2140/5049/2140 2137/5046/2137 2144/5053/2144
vt 0.7551269531250000 0.9245605468750000
f 2139/5048/2139 2141/5050/2141 2145/5054/2145
f 2145/5054/2145 2141/5050/2141 2143/5052/2143
vt 0.7592773437500000 0.9274902343750000
f 2146/5055/2146 2137/5046/2137 2139/5048/2139
f 2146/5055/2146 2139/5048/2139 2145/5054/2145
vt 0.7600097656250000 0.9294433593750000
f 2137/5046/2137 2146/5055/2146 2147/5056/2147
vt 0.7597656250000000 0.9252929687500000
f 2146/5055/2146 2145/5054/2145 2148/5057/2148
vt 0.7734375000000000 0.9421386718750000
f 2137/5046/2137 2147/5056/2147 2149/5058/2149
vt 0.7717285156250000 0.9111328125000000
f 2148/5057/2148 2145/5054/2145 2150/5059/2150
vt 0.7736816406250000 0.9467773437500000
f 2137/5046/2137 2149/5058/2149 2151/5060/2151
f 2137/5046/2137 2151/5060/2151 2144/5053/2144
vt 0.7766113281250000 0.9411621093750000
f 2151/5060/2151 2149/5058/2149 2152/5061/2152
vt 0.7719726562500000 0.9487304687500000
f 2144/5053/2144 2151/5060/2151 2153/5062/2153
vt 0.7785644531250000 0.9431152343750000
f 2151/5060/2151 2152/5061/2152 2154/5063/2154
vt 0.7719726562500000 0.9060058593750000
f 2150/5059/2150 2145/5054/2145 2155/5064/2155
f 2155/5064/2155 2145/5054/2145 2143/5052/2143
vt 0.7700195312500000 0.9040527343750000
f 2155/5064/2155 2143/5052/2143 2156/5065/2156
vt 0.7770996093750000 0.9094238281250000
f 2150/5059/2150 2155/5064/2155 2157/5066/2157
vt 0.7751464843750000 0.9118652343750000
f 2150/5059/2150 2157/5066/2157 2158/5067/2158
vt 0.7741699218750000 0.9050292968750000
f 2155/5064/2155 2156/5065/2156 2159/5068/2159
f 2155/5064/2155 2159/5068/2159 2157/5066/2157
vt 0.7736816406250000 0.9025878906250000
f 2159/5068/2159 2156/5065/2156 2160/5069/2160
vt 0.7770996093750000 0.9033203125000000
f 2159/5068/2159 2160/5069/2160 2161/5070/2161
vt 0.7763671875000000 0.9055175781250000
f 2159/5068/2159 2161/5070/2161 2162/5071/2162
f 2159/5068/2159 2162/5071/2162 2157/5066/2157
vt 0.7797851562500000 0.9055175781250000
f 2162/5071/2162 2161/5070/2161 2163/5072/2163
vt 0.7785644531250000 0.9074707031250000
f 2162/5071/2162 2163/5072/2163 2164/5073/2164
f 2162/5071/2162 2164/5073/2164 2157/5066/2157
vt 0.7812500000000000 0.9101562500000000
f 2157/5066/2157 2164/5073/2164 2165/5074/2165
vt 0.7802734375000000 0.9116210937500000
f 2157/5066/2157 2165/5074/2165 2166/5075/2166
vt 0.7763671875000000 0.9475097656250000
f 2167/5076/2167 2151/5060/2151 2154/5063/2154
vt 0.7773437500000000 0.9472656250000000
f 2167/5076/2167 2154/5063/2154 2168/5077/2168
vt 0.7800292968750000 0.9450683593750000
f 2168/5077/2168 2154/5063/2154 2169/5078/2169
vt 0.7756347656250000 0.9477539062500000
f 2151/5060/2151 2167/5076/2167 2170/5079/2170
f 2170/5079/2170 2167/5076/2167 2168/5077/2168
f 2151/5060/2151 2170/5079/2170 2153/5062/2153
vt 0.7751464843750000 0.9501953125000000
f 2153/5062/2153 2170/5079/2170 2171/5080/2171
vt 0.7783203125000000 0.9497070312500000
f 2171/5080/2171 2170/5079/2170 2172/5081/2172
f 2172/5081/2172 2170/5079/2170 2168/5077/2168
f 2172/5081/2172 2168/5077/2168 2169/5078/2169
vt 0.7812500000000000 0.9472656250000000
f 2172/5081/2172 2169/5078/2169 2173/5082/2173
vt 0.5563964843750000 0.3225097656250000
vt 0.5561523437500000 0.3193359375000000
vt 0.5651855468750000 0.3227539062500000
f 2140/5083/2140 2144/5084/2144 2174/5085/2174
vt 0.5651855468750000 0.3195800781250000
f 2174/5085/2174 2144/5084/2144 2175/5086/2175
vt 0.5561523437500000 0.2944335937500000
f 2175/5086/2175 2144/5084/2144 2153/5087/2153
vt 0.5651855468750000 0.2941894531250000
f 2175/5086/2175 2153/5087/2153 2176/5088/2176
vt 0.5651855468750000 0.2907714843750000
f 2176/5088/2176 2153/5087/2153 2177/5089/2177
vt 0.5563964843750000 0.2912597656250000
f 2177/5089/2177 2153/5087/2153 2171/5090/2171
vt 0.9528808593750000 0.2998046875000000
vt 0.9443359375000000 0.3005371093750000
vt 0.9526367187500000 0.2966308593750000
f 2140/5091/2140 2174/5092/2174 2142/5093/2142
vt 0.9440917968750000 0.2973632812500000
f 2142/5093/2142 2174/5092/2174 2178/5094/2178
vt 0.9438476562500000 0.2946777343750000
f 2142/5093/2142 2178/5094/2178 2179/5095/2179
vt 0.9523925781250000 0.2937011718750000
f 2142/5093/2142 2179/5095/2179 2143/5096/2143
vt 0.9528808593750000 0.2690429687500000
f 2143/5096/2143 2179/5095/2179 2156/5097/2156
vt 0.9448242187500000 0.2692871093750000
f 2156/5097/2156 2179/5095/2179 2180/5098/2180
vt 0.9528808593750000 0.2656250000000000
f 2156/5097/2156 2180/5098/2180 2160/5099/2160
vt 0.9450683593750000 0.2656250000000000
f 2160/5099/2160 2180/5098/2180 2181/5100/2181
vt 0.7260742187500000 0.9357910156250000
vt 0.7270507812500000 0.9326171875000000
vt 0.7285156250000000 0.9333496093750000
f 2174/5101/2174 2175/5102/2175 2182/5103/2182
vt 0.7275390625000000 0.9357910156250000
f 2174/5101/2174 2182/5103/2182 2183/5104/2183
vt 0.7277832031250000 0.9392089843750000
f 2174/5101/2174 2183/5104/2183 2110/5105/2110
vt 0.7260742187500000 0.9394531250000000
f 2174/5101/2174 2110/5105/2110 2178/5106/2178
vt 0.7268066406250000 0.9418945312500000
f 2178/5106/2178 2110/5105/2110 2179/5107/2179
vt 0.7285156250000000 0.9411621093750000
f 2179/5107/2179 2110/5105/2110 2111/5108/2111
vt 0.9555664062500000 0.7045898437500000
vt 0.9541015625000000 0.7050781250000000
vt 0.9494628906250000 0.6835937500000000
f 2182/5109/2182 2175/5110/2175 2176/5111/2176
vt 0.9511718750000000 0.6835937500000000
f 2182/5109/2182 2176/5111/2176 2184/5112/2184
vt 0.9519042968750000 0.6804199218750000
f 2184/5112/2184 2176/5111/2176 2185/5113/2185
vt 0.9501953125000000 0.6796875000000000
f 2185/5113/2185 2176/5111/2176 2177/5114/2177
vt 0.9514160156250000 0.6774902343750000
f 2185/5113/2185 2177/5114/2177 2186/5115/2186
vt 0.9528808593750000 0.6784667968750000
f 2185/5113/2185 2186/5115/2186 2187/5116/2187
vt 0.9538574218750000 0.6752929687500000
f 2187/5116/2187 2186/5115/2186 2188/5117/2188
vt 0.9555664062500000 0.6757812500000000
f 2187/5116/2187 2188/5117/2188 2189/5118/2189
vt 0.9584960937500000 0.3054199218750000
vt 0.9611816406250000 0.3044433593750000
vt 0.9611816406250000 0.3115234375000000
f 2171/5119/2171 2172/5120/2172 2177/5121/2177
vt 0.8835449218750000 0.5891113281250000
vt 0.8830566406250000 0.5922851562500000
vt 0.8754882812500000 0.5927734375000000
f 2161/5122/2161 2160/5123/2160 2181/5124/2181
vt 0.8754882812500000 0.5893554687500000
f 2161/5122/2161 2181/5124/2181 2190/5125/2190
vt 0.8835449218750000 0.5856933593750000
f 2161/5122/2161 2190/5125/2190 2163/5126/2163
vt 0.8754882812500000 0.5847167968750000
f 2163/5126/2163 2190/5125/2190 2191/5127/2191
vt 0.8815917968750000 0.5825195312500000
f 2163/5126/2163 2191/5127/2191 2192/5128/2192
vt 0.8754882812500000 0.5830078125000000
f 2192/5128/2192 2191/5127/2191 2193/5129/2193
vt 0.0754394531250000 0.0041503906250000
vt 0.0776367187500000 0.0039062500000000
vt 0.0773925781250000 0.0075683593750000
f 2164/5130/2164 2163/5131/2163 2192/5132/2192
vt 0.0754394531250000 0.0083007812500000
f 2164/5130/2164 2192/5132/2192 2165/5133/2165
vt 0.2485351562500000 0.9838867187500000
vt 0.2507324218750000 0.9838867187500000
vt 0.2487792968750000 0.9902343750000000
f 2165/5134/2165 2192/5135/2192 2194/5136/2194
vt 0.2507324218750000 0.9899902343750000
f 2194/5136/2194 2192/5135/2192 2193/5137/2193
vt 0.2468261718750000 0.9902343750000000
f 2165/5134/2165 2194/5136/2194 2195/5138/2195
vt 0.2468261718750000 0.9838867187500000
f 2165/5134/2165 2195/5138/2195 2166/5139/2166
vt 0.3085937500000000 0.5974121093750000
vt 0.3107910156250000 0.5976562500000000
vt 0.3093261718750000 0.6020507812500000
f 2173/5140/2173 2169/5141/2169 2196/5142/2196
vt 0.3112792968750000 0.6025390625000000
f 2196/5142/2196 2169/5141/2169 2197/5143/2197
vt 0.3129882812500000 0.5979003906250000
f 2197/5143/2197 2169/5141/2169 2154/5144/2154
vt 0.3129882812500000 0.6025390625000000
f 2197/5143/2197 2154/5144/2154 2198/5145/2198
vt 0.2380371093750000 0.9833984375000000
vt 0.2355957031250000 0.9873046875000000
vt 0.2294921875000000 0.9838867187500000
f 2173/5146/2173 2196/5147/2196 2188/5148/2188
vt 0.2297363281250000 0.9875488281250000
f 2188/5148/2188 2196/5147/2196 2199/5149/2199
vt 0.2294921875000000 0.9802246093750000
f 2173/5146/2173 2188/5148/2188 2186/5150/2186
vt 0.2382812500000000 0.9797363281250000
f 2173/5146/2173 2186/5150/2186 2172/5151/2172
vt 0.2294921875000000 0.9780273437500000
f 2172/5151/2172 2186/5150/2186 2177/5152/2177
vt 0.6567382812500000 0.9829101562500000
vt 0.6589355468750000 0.9829101562500000
vt 0.6567382812500000 0.9887695312500000
f 2196/5153/2196 2197/5154/2197 2199/5155/2199
vt 0.6589355468750000 0.9890136718750000
f 2199/5155/2199 2197/5154/2197 2200/5156/2200
vt 0.6606445312500000 0.9890136718750000
f 2200/5156/2200 2197/5154/2197 2201/5157/2201
vt 0.6606445312500000 0.9826660156250000
f 2201/5157/2201 2197/5154/2197 2198/5158/2198
vt 0.6303710937500000 0.9611816406250000
vt 0.6293945312500000 0.9577636718750000
vt 0.6315917968750000 0.9606933593750000
f 2119/5159/2119 2105/5160/2105 2182/5161/2182
vt 0.6308593750000000 0.9580078125000000
f 2182/5161/2182 2105/5160/2105 2183/5162/2183
vt 0.6315917968750000 0.9548339843750000
f 2183/5162/2183 2105/5160/2105 2110/5163/2110
vt 0.6306152343750000 0.9543457031250000
f 2110/5163/2110 2105/5160/2105 2104/5164/2104
vt 0.9582519531250000 0.1791992187500000
vt 0.9597167968750000 0.1796875000000000
vt 0.9555664062500000 0.2009277343750000
f 2119/5165/2119 2182/5166/2182 2184/5167/2184
vt 0.9538574218750000 0.2009277343750000
f 2119/5165/2119 2184/5167/2184 2117/5168/2117
vt 0.9560546875000000 0.2043457031250000
f 2117/5168/2117 2184/5167/2184 2185/5169/2185
vt 0.9545898437500000 0.2048339843750000
f 2117/5168/2117 2185/5169/2185 2118/5170/2118
vt 0.9555664062500000 0.2070312500000000
f 2118/5170/2118 2185/5169/2185 2124/5171/2124
vt 0.9567871093750000 0.2060546875000000
f 2124/5171/2124 2185/5169/2185 2187/5172/2187
vt 0.9580078125000000 0.2092285156250000
f 2124/5171/2124 2187/5172/2187 2123/5173/2123
vt 0.9597167968750000 0.2087402343750000
f 2123/5173/2123 2187/5172/2187 2189/5174/2189
vt 0.8940429687500000 0.9404296875000000
vt 0.8923339843750000 0.9401855468750000
vt 0.8945312500000000 0.9160156250000000
f 2179/5175/2179 2111/5176/2111 2112/5177/2112
vt 0.8959960937500000 0.9157714843750000
f 2179/5175/2179 2112/5177/2112 2180/5178/2180
vt 0.8955078125000000 0.9118652343750000
f 2180/5178/2180 2112/5177/2112 2181/5179/2181
vt 0.8940429687500000 0.9125976562500000
f 2181/5179/2181 2112/5177/2112 2113/5180/2113
vt 0.8935546875000000 0.9091796875000000
f 2181/5179/2181 2113/5180/2113 2190/5181/2190
vt 0.8923339843750000 0.9101562500000000
f 2190/5181/2190 2113/5180/2113 2115/5182/2115
vt 0.1137695312500000 0.2270507812500000
vt 0.1125488281250000 0.2263183593750000
vt 0.1157226562500000 0.2236328125000000
f 2190/5183/2190 2115/5184/2115 2191/5185/2191
vt 0.1142578125000000 0.2231445312500000
f 2191/5185/2191 2115/5184/2115 2202/5186/2202
vt 0.1164550781250000 0.2219238281250000
f 2191/5185/2191 2202/5186/2202 2193/5187/2193
vt 0.1145019531250000 0.2219238281250000
f 2193/5187/2193 2202/5186/2202 2203/5188/2203
vt 0.1140136718750000 0.2209472656250000
f 2193/5187/2193 2203/5188/2203 2204/5189/2204
vt 0.1152343750000000 0.2199707031250000
f 2193/5187/2193 2204/5189/2204 2194/5190/2194
vt 0.1125488281250000 0.2192382812500000
f 2194/5190/2194 2204/5189/2204 2205/5191/2205
vt 0.1142578125000000 0.2185058593750000
f 2194/5190/2194 2205/5191/2205 2195/5192/2195
vt 0.1020507812500000 0.6752929687500000
vt 0.1008300781250000 0.6721191406250000
vt 0.1035156250000000 0.6748046875000000
f 2202/5193/2202 2115/5194/2115 2116/5195/2116
vt 0.1037597656250000 0.6767578125000000
f 2202/5193/2202 2116/5195/2116 2131/5196/2131
vt 0.1022949218750000 0.6765136718750000
f 2202/5193/2202 2131/5196/2131 2203/5197/2203
vt 0.1018066406250000 0.6777343750000000
f 2203/5197/2203 2131/5196/2131 2204/5198/2204
vt 0.1030273437500000 0.6784667968750000
f 2204/5198/2204 2131/5196/2131 2135/5199/2135
vt 0.1008300781250000 0.6794433593750000
f 2204/5198/2204 2135/5199/2135 2205/5200/2205
vt 0.1022949218750000 0.6799316406250000
f 2205/5200/2205 2135/5199/2135 2136/5201/2136
vt 0.3178710937500000 0.9479980468750000
vt 0.3198242187500000 0.9475097656250000
vt 0.3198242187500000 0.9570312500000000
f 2118/5202/2118 2124/5203/2124 2090/5204/2090
vt 0.0512695312500000 0.2326660156250000
vt 0.0512695312500000 0.2243652343750000
vt 0.0539550781250000 0.2309570312500000
f 2090/5205/2090 2124/5206/2124 2091/5207/2091
vt 0.6274414062500000 0.7160644531250000
vt 0.6267089843750000 0.7143554687500000
vt 0.6274414062500000 0.7128906250000000
f 2123/5208/2123 2189/5209/2189 2128/5210/2128
vt 0.6430664062500000 0.7382812500000000
vt 0.6423339843750000 0.7351074218750000
vt 0.6440429687500000 0.7351074218750000
f 2123/5211/2123 2128/5212/2128 2125/5213/2125
vt 0.9426269531250000 0.4938964843750000
vt 0.9445800781250000 0.4963378906250000
vt 0.9421386718750000 0.4953613281250000
f 2188/5214/2188 2199/5215/2199 2189/5216/2189
vt 0.9428710937500000 0.4968261718750000
f 2189/5216/2189 2199/5215/2199 2128/5217/2128
vt 0.9440917968750000 0.4985351562500000
f 2128/5217/2128 2199/5215/2199 2200/5218/2200
vt 0.9426269531250000 0.4980468750000000
f 2128/5217/2128 2200/5218/2200 2129/5219/2129
vt 0.9421386718750000 0.5000000000000000
f 2129/5219/2129 2200/5218/2200 2130/5220/2130
vt 0.9436035156250000 0.5000000000000000
f 2130/5220/2130 2200/5218/2200 2201/5221/2201
vt 0.3229980468750000 0.9863281250000000
vt 0.3122558593750000 0.9846191406250000
vt 0.3132324218750000 0.9812011718750000
f 2206/5222/2206 2207/5223/2207 2208/5224/2208
vt 0.3122558593750000 0.9882812500000000
f 2207/5223/2207 2206/5222/2206 2209/5225/2209
vt 0.3151855468750000 0.9787597656250000
f 2206/5222/2206 2208/5224/2208 2210/5226/2210
vt 0.3134765625000000 0.9916992187500000
f 2209/5225/2209 2206/5222/2206 2211/5227/2211
vt 0.3176269531250000 0.9768066406250000
f 2206/5222/2206 2210/5226/2210 2212/5228/2212
vt 0.3154296875000000 0.9943847656250000
f 2211/5227/2211 2206/5222/2206 2213/5229/2213
vt 0.3210449218750000 0.9755859375000000
f 2206/5222/2206 2212/5228/2212 2214/5230/2214
vt 0.3183593750000000 0.9963378906250000
f 2213/5229/2213 2206/5222/2206 2215/5231/2215
vt 0.3244628906250000 0.9755859375000000
f 2206/5222/2206 2214/5230/2214 2216/5232/2216
vt 0.3215332031250000 0.9973144531250000
f 2215/5231/2215 2206/5222/2206 2217/5233/2217
vt 0.3278808593750000 0.9765625000000000
f 2206/5222/2206 2216/5232/2216 2218/5234/2218
vt 0.3247070312500000 0.9973144531250000
f 2217/5233/2217 2206/5222/2206 2219/5235/2219
vt 0.3305664062500000 0.9785156250000000
f 2206/5222/2206 2218/5234/2218 2220/5236/2220
vt 0.3281250000000000 0.9960937500000000
f 2219/5235/2219 2206/5222/2206 2221/5237/2221
vt 0.3325195312500000 0.9812011718750000
f 2206/5222/2206 2220/5236/2220 2222/5238/2222
vt 0.3308105468750000 0.9938964843750000
f 2221/5237/2221 2206/5222/2206 2223/5239/2223
vt 0.3337402343750000 0.9843750000000000
f 2206/5222/2206 2222/5238/2222 2224/5240/2224
vt 0.3327636718750000 0.9909667968750000
f 2223/5239/2223 2206/5222/2206 2225/5241/2225
vt 0.3337402343750000 0.9875488281250000
f 2206/5222/2206 2224/5240/2224 2226/5242/2226
f 2206/5222/2206 2226/5242/2226 2225/5241/2225
vt 0.6398925781250000 0.8107910156250000
vt 0.6398925781250000 0.8139648437500000
vt 0.6357421875000000 0.8110351562500000
f 2208/5243/2208 2207/5244/2207 2227/5245/2227
vt 0.6357421875000000 0.8144531250000000
f 2227/5245/2227 2207/5244/2207 2228/5246/2228
vt 0.6398925781250000 0.8078613281250000
f 2208/5243/2208 2227/5245/2227 2210/5247/2210
vt 0.6357421875000000 0.8078613281250000
f 2210/5247/2210 2227/5245/2227 2229/5248/2229
vt 0.6398925781250000 0.8044433593750000
f 2210/5247/2210 2229/5248/2229 2212/5249/2212
vt 0.6357421875000000 0.8044433593750000
f 2212/5249/2212 2229/5248/2229 2230/5250/2230
vt 0.6398925781250000 0.8015136718750000
f 2212/5249/2212 2230/5250/2230 2214/5251/2214
vt 0.6357421875000000 0.8010253906250000
f 2214/5251/2214 2230/5250/2230 2231/5252/2231
vt 0.9560546875000000 0.0114746093750000
vt 0.9548339843750000 0.0151367187500000
vt 0.9533691406250000 0.0102539062500000
f 2227/5253/2227 2228/5254/2228 2232/5255/2232
vt 0.9580078125000000 0.0087890625000000
f 2227/5253/2227 2232/5255/2232 2229/5256/2229
vt 0.9516601562500000 0.0146484375000000
f 2232/5255/2232 2228/5254/2228 2233/5257/2233
vt 0.9560546875000000 0.0068359375000000
f 2229/5256/2229 2232/5255/2232 2234/5258/2234
vt 0.9545898437500000 0.0187988281250000
f 2233/5257/2233 2228/5254/2228 2235/5259/2235
vt 0.9609375000000000 0.0068359375000000
f 2229/5256/2229 2234/5258/2234 2230/5260/2230
vt 0.9516601562500000 0.0192871093750000
f 2233/5257/2233 2235/5259/2235 2236/5261/2236
vt 0.9594726562500000 0.0043945312500000
f 2230/5260/2230 2234/5258/2234 2237/5262/2237
vt 0.9531250000000000 0.0241699218750000
f 2236/5261/2236 2235/5259/2235 2238/5263/2238
vt 0.9643554687500000 0.0058593750000000
f 2230/5260/2230 2237/5262/2237 2231/5264/2231
vt 0.9558105468750000 0.0227050781250000
f 2238/5263/2238 2235/5259/2235 2239/5265/2239
vt 0.9638671875000000 0.0026855468750000
f 2231/5264/2231 2237/5262/2237 2240/5266/2240
vt 0.9580078125000000 0.0253906250000000
f 2238/5263/2238 2239/5265/2239 2241/5267/2241
vt 0.9682617187500000 0.0058593750000000
f 2231/5264/2231 2240/5266/2240 2242/5268/2242
vt 0.9558105468750000 0.0275878906250000
f 2238/5263/2238 2241/5267/2241 2243/5269/2243
vt 0.9687500000000000 0.0026855468750000
f 2242/5268/2242 2240/5266/2240 2244/5270/2244
vt 0.9609375000000000 0.0275878906250000
f 2243/5269/2243 2241/5267/2241 2245/5271/2245
vt 0.9729003906250000 0.0043945312500000
f 2242/5268/2242 2244/5270/2244 2246/5272/2246
vt 0.9594726562500000 0.0302734375000000
f 2243/5269/2243 2245/5271/2245 2247/5273/2247
vt 0.9714355468750000 0.0070800781250000
f 2242/5268/2242 2246/5272/2246 2248/5274/2248
vt 0.9641113281250000 0.0288085937500000
f 2247/5273/2247 2245/5271/2245 2249/5275/2249
vt 0.9768066406250000 0.0070800781250000
f 2248/5274/2248 2246/5272/2246 2250/5276/2250
vt 0.9638671875000000 0.0317382812500000
f 2247/5273/2247 2249/5275/2249 2251/5277/2251
vt 0.9743652343750000 0.0092773437500000
f 2248/5274/2248 2250/5276/2250 2252/5278/2252
vt 0.9682617187500000 0.0317382812500000
f 2251/5277/2251 2249/5275/2249 2253/5279/2253
vt 0.9765625000000000 0.0122070312500000
f 2252/5278/2252 2250/5276/2250 2254/5280/2254
vt 0.9677734375000000 0.0288085937500000
f 2253/5279/2253 2249/5275/2249 2255/5281/2255
vt 0.9792480468750000 0.0109863281250000
f 2254/5280/2254 2250/5276/2250 2256/5282/2256
vt 0.9726562500000000 0.0305175781250000
f 2253/5279/2253 2255/5281/2255 2257/5283/2257
vt 0.9804687500000000 0.0153808593750000
f 2254/5280/2254 2256/5282/2256 2258/5284/2258
vt 0.9711914062500000 0.0275878906250000
f 2257/5283/2257 2255/5281/2255 2259/5285/2259
vt 0.9775390625000000 0.0156250000000000
f 2254/5280/2254 2258/5284/2258 2260/5286/2260
vt 0.9763183593750000 0.0278320312500000
f 2257/5283/2257 2259/5285/2259 2261/5287/2261
vt 0.9804687500000000 0.0202636718750000
f 2260/5286/2260 2258/5284/2258 2262/5288/2262
vt 0.9741210937500000 0.0253906250000000
f 2261/5287/2261 2259/5285/2259 2263/5289/2263
vt 0.9772949218750000 0.0195312500000000
f 2260/5286/2260 2262/5288/2262 2264/5290/2264
vt 0.9790039062500000 0.0241699218750000
f 2261/5287/2261 2263/5289/2263 2265/5291/2265
vt 0.9763183593750000 0.0227050781250000
f 2264/5290/2264 2262/5288/2262 2266/5292/2266
f 2265/5291/2265 2263/5289/2263 2266/5292/2266
f 2265/5291/2265 2266/5292/2266 2262/5288/2262
vt 0.5415039062500000 0.3383789062500000
vt 0.5415039062500000 0.3417968750000000
vt 0.5378417968750000 0.3383789062500000
f 2207/5293/2207 2209/5294/2209 2228/5295/2228
vt 0.5378417968750000 0.3420410156250000
f 2228/5295/2228 2209/5294/2209 2235/5296/2235
vt 0.8601074218750000 0.2824707031250000
vt 0.8576660156250000 0.2792968750000000
vt 0.8601074218750000 0.2770996093750000
f 2235/5297/2235 2209/5298/2209 2211/5299/2211
vt 0.4145507812500000 0.3420410156250000
vt 0.4182128906250000 0.3381347656250000
vt 0.4182128906250000 0.3420410156250000
f 2235/5300/2235 2211/5301/2211 2239/5302/2239
vt 0.9777832031250000 0.8364257812500000
vt 0.9736328125000000 0.8364257812500000
vt 0.9736328125000000 0.8330078125000000
f 2239/5303/2239 2211/5304/2211 2213/5305/2213
vt 0.9777832031250000 0.8330078125000000
f 2239/5303/2239 2213/5305/2213 2241/5306/2241
vt 0.9736328125000000 0.8295898437500000
f 2241/5306/2241 2213/5305/2213 2215/5307/2215
vt 0.9777832031250000 0.8293457031250000
f 2241/5306/2241 2215/5307/2215 2245/5308/2245
vt 0.9736328125000000 0.8266601562500000
f 2245/5308/2245 2215/5307/2215 2217/5309/2217
vt 0.9777832031250000 0.8264160156250000
f 2245/5308/2245 2217/5309/2217 2249/5310/2249
vt 0.0568847656250000 0.9873046875000000
vt 0.0529785156250000 0.9875488281250000
vt 0.0566406250000000 0.9838867187500000
f 2214/5311/2214 2231/5312/2231 2216/5313/2216
vt 0.0524902343750000 0.9836425781250000
f 2216/5313/2216 2231/5312/2231 2242/5314/2242
vt 0.0568847656250000 0.9804687500000000
f 2216/5313/2216 2242/5314/2242 2218/5315/2218
vt 0.0527343750000000 0.9802246093750000
f 2218/5315/2218 2242/5314/2242 2248/5316/2248
vt 0.0554199218750000 0.7104492187500000
vt 0.0520019531250000 0.7104492187500000
vt 0.0520019531250000 0.7070312500000000
f 2249/5317/2249 2217/5318/2217 2219/5319/2219
vt 0.0554199218750000 0.7070312500000000
f 2249/5317/2249 2219/5319/2219 2255/5320/2255
vt 0.8779296875000000 0.6613769531250000
vt 0.8779296875000000 0.6579589843750000
vt 0.8823242187500000 0.6616210937500000
f 2221/5321/2221 2223/5322/2223 2259/5323/2259
vt 0.8820800781250000 0.6647949218750000
f 2221/5321/2221 2259/5323/2259 2255/5324/2255
vt 0.8776855468750000 0.6645507812500000
f 2221/5321/2221 2255/5324/2255 2219/5325/2219
vt 0.8823242187500000 0.6577148437500000
f 2259/5323/2259 2223/5322/2223 2263/5326/2263
vt 0.8776855468750000 0.6545410156250000
f 2263/5326/2263 2223/5322/2223 2225/5327/2225
vt 0.8820800781250000 0.6542968750000000
f 2263/5326/2263 2225/5327/2225 2266/5328/2266
vt 0.0471191406250000 0.9680175781250000
vt 0.0471191406250000 0.9714355468750000
vt 0.0429687500000000 0.9677734375000000
f 2222/5329/2222 2220/5330/2220 2254/5331/2254
vt 0.0471191406250000 0.9650878906250000
f 2222/5329/2222 2254/5331/2254 2224/5332/2224
vt 0.0427246093750000 0.9645996093750000
f 2224/5332/2224 2254/5331/2254 2260/5333/2260
vt 0.0429687500000000 0.9714355468750000
f 2254/5331/2254 2220/5330/2220 2252/5334/2252
vt 0.0427246093750000 0.9750976562500000
f 2252/5334/2252 2220/5330/2220 2248/5335/2248
vt 0.0471191406250000 0.9748535156250000
f 2248/5335/2248 2220/5330/2220 2218/5336/2218
vt 0.3701171875000000 0.3413085937500000
vt 0.3701171875000000 0.3381347656250000
vt 0.3740234375000000 0.3381347656250000
f 2226/5337/2226 2224/5338/2224 2260/5339/2260
vt 0.3740234375000000 0.3420410156250000
f 2226/5337/2226 2260/5339/2260 2264/5340/2264
vt 0.5056152343750000 0.7990722656250000
vt 0.5031738281250000 0.7958984375000000
vt 0.5056152343750000 0.7934570312500000
f 2266/5341/2266 2225/5342/2225 2226/5343/2226
vt 0.8549804687500000 0.4294433593750000
vt 0.8549804687500000 0.4238281250000000
vt 0.8574218750000000 0.4274902343750000
f 2266/5344/2266 2226/5345/2226 2264/5346/2264
vt 0.6354980468750000 0.9912109375000000
vt 0.6325683593750000 0.9934082031250000
vt 0.6276855468750000 0.9836425781250000
f 2267/5347/2267 2268/5348/2268 2269/5349/2269
vt 0.6291503906250000 0.9943847656250000
f 2269/5349/2269 2268/5348/2268 2270/5350/2270
vt 0.6374511718750000 0.9885253906250000
f 2267/5347/2267 2269/5349/2269 2271/5351/2271
vt 0.6257324218750000 0.9943847656250000
f 2269/5349/2269 2270/5350/2270 2272/5352/2272
vt 0.6384277343750000 0.9853515625000000
f 2271/5351/2271 2269/5349/2269 2273/5353/2273
vt 0.6225585937500000 0.9931640625000000
f 2269/5349/2269 2272/5352/2272 2274/5354/2274
vt 0.6384277343750000 0.9819335937500000
f 2273/5353/2273 2269/5349/2269 2275/5355/2275
vt 0.6196289062500000 0.9912109375000000
f 2269/5349/2269 2274/5354/2274 2276/5356/2276
vt 0.6374511718750000 0.9787597656250000
f 2275/5355/2275 2269/5349/2269 2277/5357/2277
vt 0.6176757812500000 0.9885253906250000
f 2269/5349/2269 2276/5356/2276 2278/5358/2278
vt 0.6354980468750000 0.9758300781250000
f 2277/5357/2277 2269/5349/2269 2279/5359/2279
vt 0.6169433593750000 0.9851074218750000
f 2269/5349/2269 2278/5358/2278 2280/5360/2280
vt 0.6328125000000000 0.9736328125000000
f 2279/5359/2279 2269/5349/2269 2281/5361/2281
vt 0.6169433593750000 0.9816894531250000
f 2269/5349/2269 2280/5360/2280 2282/5362/2282
vt 0.6296386718750000 0.9729003906250000
f 2281/5361/2281 2269/5349/2269 2283/5363/2283
vt 0.6179199218750000 0.9787597656250000
f 2269/5349/2269 2282/5362/2282 2284/5364/2284
vt 0.6259765625000000 0.9729003906250000
f 2283/5363/2283 2269/5349/2269 2285/5365/2285
vt 0.6201171875000000 0.9755859375000000
f 2269/5349/2269 2284/5364/2284 2286/5366/2286
vt 0.6230468750000000 0.9736328125000000
f 2285/5365/2285 2269/5349/2269 2287/5367/2287
f 2287/5367/2287 2269/5349/2269 2286/5366/2286
vt 0.7922363281250000 0.0383300781250000
vt 0.7922363281250000 0.0351562500000000
vt 0.7963867187500000 0.0388183593750000
f 2268/5368/2268 2267/5369/2267 2288/5370/2288
vt 0.7963867187500000 0.0354003906250000
f 2288/5370/2288 2267/5369/2267 2289/5371/2289
vt 0.7963867187500000 0.0319824218750000
f 2289/5371/2289 2267/5369/2267 2290/5372/2290
vt 0.7922363281250000 0.0319824218750000
f 2290/5372/2290 2267/5369/2267 2271/5373/2271
vt 0.7963867187500000 0.0285644531250000
f 2290/5372/2290 2271/5373/2271 2291/5374/2291
vt 0.7922363281250000 0.0288085937500000
f 2291/5374/2291 2271/5373/2271 2273/5375/2273
vt 0.7963867187500000 0.0253906250000000
f 2291/5374/2291 2273/5375/2273 2292/5376/2292
vt 0.7922363281250000 0.0256347656250000
f 2292/5376/2292 2273/5375/2273 2275/5377/2275
vt 0.5256347656250000 0.3383789062500000
vt 0.5290527343750000 0.3383789062500000
vt 0.5253906250000000 0.3420410156250000
f 2270/5378/2270 2268/5379/2268 2293/5380/2293
vt 0.5290527343750000 0.3420410156250000
f 2293/5380/2293 2268/5379/2268 2288/5381/2288
vt 0.8586425781250000 0.4179687500000000
vt 0.8544921875000000 0.4182128906250000
vt 0.8544921875000000 0.4147949218750000
f 2270/5382/2270 2293/5383/2293 2294/5384/2294
vt 0.8586425781250000 0.4145507812500000
f 2270/5382/2270 2294/5384/2294 2272/5385/2272
vt 0.8544921875000000 0.4113769531250000
f 2272/5385/2272 2294/5384/2294 2295/5386/2295
vt 0.8586425781250000 0.4113769531250000
f 2272/5385/2272 2295/5386/2295 2274/5387/2274
vt 0.8544921875000000 0.4077148437500000
f 2274/5387/2274 2295/5386/2295 2296/5388/2296
vt 0.8586425781250000 0.4079589843750000
f 2274/5387/2274 2296/5388/2296 2276/5389/2276
vt 0.9719238281250000 0.5234375000000000
vt 0.9709472656250000 0.5200195312500000
vt 0.9736328125000000 0.5185546875000000
f 2293/5390/2293 2288/5391/2288 2297/5392/2297
vt 0.9750976562500000 0.5229492187500000
f 2293/5390/2293 2297/5392/2297 2298/5393/2298
vt 0.9709472656250000 0.5148925781250000
f 2297/5392/2297 2288/5391/2288 2299/5394/2299
vt 0.9750976562500000 0.5278320312500000
f 2293/5390/2293 2298/5393/2298 2300/5395/2300
vt 0.9687500000000000 0.5170898437500000
f 2299/5394/2299 2288/5391/2288 2289/5396/2289
vt 0.9721679687500000 0.5273437500000000
f 2293/5390/2293 2300/5395/2300 2294/5397/2294
vt 0.9658203125000000 0.5151367187500000
f 2299/5394/2299 2289/5396/2289 2290/5398/2290
vt 0.9711914062500000 0.5307617187500000
f 2294/5397/2294 2300/5395/2300 2295/5399/2295
vt 0.9670410156250000 0.5124511718750000
f 2299/5394/2299 2290/5398/2290 2301/5400/2301
vt 0.9738769531250000 0.5322265625000000
f 2295/5399/2295 2300/5395/2300 2302/5401/2302
vt 0.9624023437500000 0.5141601562500000
f 2301/5400/2301 2290/5398/2290 2291/5402/2291
vt 0.9689941406250000 0.5339355468750000
f 2295/5399/2295 2302/5401/2302 2296/5403/2296
vt 0.9628906250000000 0.5109863281250000
f 2301/5400/2301 2291/5402/2291 2303/5404/2303
vt 0.9711914062500000 0.5358886718750000
f 2296/5403/2296 2302/5401/2302 2304/5405/2304
vt 0.9587402343750000 0.5139160156250000
f 2303/5404/2303 2291/5402/2291 2292/5406/2292
vt 0.9660644531250000 0.5358886718750000
f 2296/5403/2296 2304/5405/2304 2305/5407/2305
vt 0.9582519531250000 0.5109863281250000
f 2303/5404/2303 2292/5406/2292 2306/5408/2306
vt 0.9672851562500000 0.5385742187500000
f 2305/5407/2305 2304/5405/2304 2307/5409/2307
vt 0.9553222656250000 0.5153808593750000
f 2306/5408/2306 2292/5406/2292 2308/5410/2308
vt 0.9631347656250000 0.5400390625000000
f 2305/5407/2305 2307/5409/2307 2309/5411/2309
vt 0.9536132812500000 0.5126953125000000
f 2306/5408/2306 2308/5410/2308 2310/5412/2310
vt 0.9626464843750000 0.5368652343750000
f 2305/5407/2305 2309/5411/2309 2311/5413/2311
vt 0.9499511718750000 0.5156250000000000
f 2310/5412/2310 2308/5410/2308 2312/5414/2312
vt 0.9584960937500000 0.5400390625000000
f 2311/5413/2311 2309/5411/2309 2313/5415/2313
vt 0.9521484375000000 0.5175781250000000
f 2312/5414/2312 2308/5410/2308 2314/5416/2314
vt 0.9589843750000000 0.5368652343750000
f 2311/5413/2311 2313/5415/2313 2315/5417/2315
vt 0.9501953125000000 0.5205078125000000
f 2312/5414/2312 2314/5416/2314 2316/5418/2316
vt 0.9541015625000000 0.5385742187500000
f 2315/5417/2315 2313/5415/2313 2317/5419/2317
vt 0.9475097656250000 0.5190429687500000
f 2312/5414/2312 2316/5418/2316 2318/5420/2318
vt 0.9555664062500000 0.5358886718750000
f 2315/5417/2315 2317/5419/2317 2319/5421/2319
vt 0.9460449218750000 0.5236816406250000
f 2318/5420/2318 2316/5418/2316 2320/5422/2320
vt 0.9526367187500000 0.5336914062500000
f 2319/5421/2319 2317/5419/2317 2321/5423/2321
vt 0.9492187500000000 0.5239257812500000
f 2320/5422/2320 2316/5418/2316 2322/5424/2322
vt 0.9504394531250000 0.5358886718750000
f 2321/5423/2321 2317/5419/2317 2323/5425/2323
vt 0.9492187500000000 0.5273437500000000
f 2320/5422/2320 2322/5424/2322 2324/5426/2324
vt 0.9475097656250000 0.5319824218750000
f 2321/5423/2321 2323/5425/2323 2325/5427/2325
vt 0.9460449218750000 0.5280761718750000
f 2320/5422/2320 2324/5426/2324 2326/5428/2326
f 2326/5428/2326 2324/5426/2324 2325/5427/2325
vt 0.9504394531250000 0.5310058593750000
f 2321/5423/2321 2325/5427/2325 2327/5429/2327
f 2327/5429/2327 2325/5427/2325 2324/5426/2324
vt 0.8808593750000000 0.6088867187500000
vt 0.8767089843750000 0.6093750000000000
vt 0.8762207031250000 0.6059570312500000
f 2276/5430/2276 2296/5431/2296 2305/5432/2305
vt 0.8803710937500000 0.6057128906250000
f 2276/5430/2276 2305/5432/2305 2278/5433/2278
vt 0.8762207031250000 0.6022949218750000
f 2278/5433/2278 2305/5432/2305 2311/5434/2311
vt 0.8803710937500000 0.6022949218750000
f 2278/5433/2278 2311/5434/2311 2280/5435/2280
vt 0.8769531250000000 0.5988769531250000
f 2280/5435/2280 2311/5434/2311 2315/5436/2315
vt 0.8808593750000000 0.5991210937500000
f 2280/5435/2280 2315/5436/2315 2282/5437/2282
vt 0.5109863281250000 0.9846191406250000
vt 0.5112304687500000 0.9809570312500000
vt 0.5151367187500000 0.9809570312500000
f 2275/5438/2275 2277/5439/2277 2308/5440/2308
vt 0.5148925781250000 0.9848632812500000
f 2275/5438/2275 2308/5440/2308 2292/5441/2292
vt 0.5148925781250000 0.9772949218750000
f 2308/5440/2308 2277/5439/2277 2314/5442/2314
vt 0.5109863281250000 0.9775390625000000
f 2314/5442/2314 2277/5439/2277 2279/5443/2279
vt 0.7478027343750000 0.9873046875000000
vt 0.7478027343750000 0.9841308593750000
vt 0.7519531250000000 0.9841308593750000
f 2279/5444/2279 2281/5445/2281 2316/5446/2316
vt 0.7519531250000000 0.9875488281250000
f 2279/5444/2279 2316/5446/2316 2314/5447/2314
vt 0.7478027343750000 0.9807128906250000
f 2316/5446/2316 2281/5445/2281 2283/5448/2283
vt 0.7519531250000000 0.9804687500000000
f 2316/5446/2316 2283/5448/2283 2322/5449/2322
vt 0.9875488281250000 0.9291992187500000
vt 0.9833984375000000 0.9294433593750000
vt 0.9833984375000000 0.9257812500000000
f 2282/5450/2282 2315/5451/2315 2319/5452/2319
vt 0.9875488281250000 0.9257812500000000
f 2282/5450/2282 2319/5452/2319 2284/5453/2284
vt 0.9833984375000000 0.9221191406250000
f 2284/5453/2284 2319/5452/2319 2321/5454/2321
vt 0.9875488281250000 0.9223632812500000
f 2284/5453/2284 2321/5454/2321 2286/5455/2286
vt 0.9760742187500000 0.6896972656250000
vt 0.9760742187500000 0.6926269531250000
vt 0.9719238281250000 0.6933593750000000
f 2285/5456/2285 2287/5457/2287 2327/5458/2327
vt 0.9763183593750000 0.6960449218750000
f 2327/5458/2327 2287/5457/2287 2286/5459/2286
vt 0.9724121093750000 0.6967773437500000
f 2327/5458/2327 2286/5459/2286 2321/5460/2321
vt 0.9719238281250000 0.6894531250000000
f 2285/5456/2285 2327/5458/2327 2324/5461/2324
vt 0.9763183593750000 0.6862792968750000
f 2285/5456/2285 2324/5461/2324 2283/5462/2283
vt 0.9721679687500000 0.6862792968750000
f 2283/5462/2283 2324/5461/2324 2322/5463/2322
vt 0.3115234375000000 0.8715820312500000
vt 0.3115234375000000 0.9389648437500000
vt 0.3071289062500000 0.9389648437500000
f 2298/5464/2298 2236/5465/2236 2238/5466/2238
vt 0.3071289062500000 0.8715820312500000
f 2298/5464/2298 2238/5466/2238 2300/5467/2300
vt 0.3027343750000000 0.8715820312500000
f 2300/5467/2300 2238/5466/2238 2302/5468/2302
vt 0.3027343750000000 0.9389648437500000
f 2302/5468/2302 2238/5466/2238 2243/5469/2243
vt 0.2983398437500000 0.8715820312500000
f 2302/5468/2302 2243/5469/2243 2304/5470/2304
vt 0.2983398437500000 0.9389648437500000
f 2304/5470/2304 2243/5469/2243 2247/5471/2247
vt 0.2941894531250000 0.8715820312500000
f 2304/5470/2304 2247/5471/2247 2307/5472/2307
vt 0.2941894531250000 0.9389648437500000
f 2307/5472/2307 2247/5471/2247 2251/5473/2251
vt 0.1845703125000000 0.9375000000000000
vt 0.1848144531250000 0.8737792968750000
vt 0.1894531250000000 0.9377441406250000
f 2236/5474/2236 2298/5475/2298 2233/5476/2233
vt 0.1894531250000000 0.8737792968750000
f 2233/5476/2233 2298/5475/2298 2297/5477/2297
vt 0.1938476562500000 0.9372558593750000
f 2233/5476/2233 2297/5477/2297 2232/5478/2232
vt 0.1938476562500000 0.8732910156250000
f 2232/5478/2232 2297/5477/2297 2299/5479/2299
vt 0.0620117187500000 0.8737792968750000
vt 0.0620117187500000 0.9399414062500000
vt 0.0578613281250000 0.9401855468750000
f 2301/5480/2301 2234/5481/2234 2232/5482/2232
vt 0.0576171875000000 0.8737792968750000
f 2301/5480/2301 2232/5482/2232 2299/5483/2299
vt 0.0664062500000000 0.8737792968750000
f 2234/5481/2234 2301/5480/2301 2303/5484/2303
vt 0.0664062500000000 0.9401855468750000
f 2234/5481/2234 2303/5484/2303 2237/5485/2237
vt 0.0705566406250000 0.8742675781250000
f 2237/5485/2237 2303/5484/2303 2306/5486/2306
vt 0.0705566406250000 0.9404296875000000
f 2237/5485/2237 2306/5486/2306 2240/5487/2240
vt 0.9370117187500000 0.6911621093750000
vt 0.9370117187500000 0.6320800781250000
vt 0.9416503906250000 0.6320800781250000
f 2310/5488/2310 2244/5489/2244 2240/5490/2240
vt 0.9418945312500000 0.6911621093750000
f 2310/5488/2310 2240/5490/2240 2306/5491/2306
vt 0.9445800781250000 0.9460449218750000
vt 0.9401855468750000 0.9455566406250000
vt 0.9401855468750000 0.8869628906250000
f 2251/5492/2251 2253/5493/2253 2309/5494/2309
vt 0.9445800781250000 0.8872070312500000
f 2251/5492/2251 2309/5494/2309 2307/5495/2307
vt 0.1787109375000000 0.9389648437500000
vt 0.1745605468750000 0.9389648437500000
vt 0.1745605468750000 0.8715820312500000
f 2253/5496/2253 2257/5497/2257 2313/5498/2313
vt 0.1787109375000000 0.8715820312500000
f 2253/5496/2253 2313/5498/2313 2309/5499/2309
vt 0.1701660156250000 0.8715820312500000
f 2313/5498/2313 2257/5497/2257 2317/5500/2317
vt 0.1701660156250000 0.9389648437500000
f 2317/5500/2317 2257/5497/2257 2261/5501/2261
vt 0.1655273437500000 0.9389648437500000
f 2317/5500/2317 2261/5501/2261 2265/5502/2265
vt 0.1652832031250000 0.8715820312500000
f 2317/5500/2317 2265/5502/2265 2323/5503/2323
vt 0.1611328125000000 0.8715820312500000
f 2323/5503/2323 2265/5502/2265 2325/5504/2325
vt 0.1618652343750000 0.9389648437500000
f 2325/5504/2325 2265/5502/2265 2262/5505/2262
vt 0.0034179687500000 0.2890625000000000
vt 0.0083007812500000 0.2890625000000000
vt 0.0058593750000000 0.3449707031250000
f 2262/5506/2262 2258/5507/2258 2326/5508/2326
vt 0.9377441406250000 0.2871093750000000
vt 0.9377441406250000 0.3544921875000000
vt 0.9335937500000000 0.3544921875000000
f 2326/5509/2326 2258/5510/2258 2256/5511/2256
vt 0.9335937500000000 0.2871093750000000
f 2326/5509/2326 2256/5511/2256 2320/5512/2320
vt 0.9289550781250000 0.3544921875000000
f 2320/5512/2320 2256/5511/2256 2250/5513/2250
vt 0.9289550781250000 0.2871093750000000
f 2320/5512/2320 2250/5513/2250 2318/5514/2318
vt 0.9243164062500000 0.3544921875000000
f 2318/5514/2318 2250/5513/2250 2246/5515/2246
vt 0.9248046875000000 0.2871093750000000
f 2318/5514/2318 2246/5515/2246 2312/5516/2312
vt 0.9204101562500000 0.3544921875000000
f 2312/5516/2312 2246/5515/2246 2244/5517/2244
vt 0.9204101562500000 0.2873535156250000
f 2312/5516/2312 2244/5517/2244 2310/5518/2310
vt 0.0886230468750000 0.1191406250000000
vt 0.0886230468750000 0.0627441406250000
vt 0.0927734375000000 0.0632324218750000
f 2262/5519/2262 2326/5520/2326 2325/5521/2325
vt 0.6135253906250000 0.3161621093750000
vt 0.6105957031250000 0.3164062500000000
vt 0.6115722656250000 0.3139648437500000
f 2328/5522/2328 2329/5523/2329 2330/5524/2330
vt 0.6135253906250000 0.3295898437500000
f 2329/5523/2329 2328/5522/2328 2331/5525/2331
vt 0.6105957031250000 0.3293457031250000
f 2329/5523/2329 2331/5525/2331 2332/5526/2332
vt 0.7924804687500000 0.1477050781250000
vt 0.7949218750000000 0.1462402343750000
vt 0.7949218750000000 0.1496582031250000
f 2332/5527/2332 2331/5528/2331 2333/5529/2333
vt 0.8361816406250000 0.5720214843750000
vt 0.8337402343750000 0.5717773437500000
vt 0.8337402343750000 0.3925781250000000
f 2330/5530/2330 2329/5531/2329 2334/5532/2334
vt 0.8364257812500000 0.3925781250000000
f 2330/5530/2330 2334/5532/2334 2335/5533/2335
vt 0.8352050781250000 0.3901367187500000
f 2335/5533/2335 2334/5532/2334 2336/5534/2336
vt 0.7656250000000000 0.3901367187500000
vt 0.7656250000000000 0.3876953125000000
vt 0.7673339843750000 0.3879394531250000
f 2337/5535/2337 2338/5536/2338 2339/5537/2339
vt 0.7673339843750000 0.2011718750000000
f 2339/5537/2339 2338/5536/2338 2340/5538/2340
vt 0.7160644531250000 0.3879394531250000
f 2338/5536/2338 2337/5535/2337 2330/5539/2330
f 2338/5536/2338 2330/5539/2330 2340/5538/2340
vt 0.7163085937500000 0.3906250000000000
f 2330/5539/2330 2337/5535/2337 2328/5540/2328
vt 0.7167968750000000 0.2009277343750000
f 2340/5538/2340 2330/5539/2330 2335/5541/2335
vt 0.7656250000000000 0.1994628906250000
f 2340/5538/2340 2335/5541/2335 2341/5542/2341
vt 0.6286621093750000 0.0246582031250000
vt 0.6315917968750000 0.0246582031250000
vt 0.6315917968750000 0.0402832031250000
f 2337/5543/2337 2339/5544/2339 2342/5545/2342
vt 0.6289062500000000 0.0400390625000000
f 2337/5543/2337 2342/5545/2342 2343/5546/2343
vt 0.9235839843750000 0.0039062500000000
vt 0.9265136718750000 0.0412597656250000
vt 0.9235839843750000 0.0415039062500000
f 2341/5547/2341 2335/5548/2335 2336/5549/2336
vt 0.8576660156250000 0.3911132812500000
vt 0.8586425781250000 0.3937988281250000
vt 0.8454589843750000 0.3969726562500000
f 2336/5550/2336 2334/5551/2334 2344/5552/2344
vt 0.8471679687500000 0.3991699218750000
f 2344/5552/2344 2334/5551/2334 2345/5553/2345
vt 0.8442382812500000 0.3994140625000000
f 2344/5552/2344 2345/5553/2345 2346/5554/2346
vt 0.8586425781250000 0.5634765625000000
f 2346/5554/2346 2345/5553/2345 2332/5555/2332
vt 0.8557128906250000 0.5637207031250000
f 2346/5554/2346 2332/5555/2332 2333/5556/2333
vt 0.6857910156250000 0.4084472656250000
vt 0.6877441406250000 0.4084472656250000
vt 0.6860351562500000 0.5983886718750000
f 2347/5557/2347 2348/5558/2348 2342/5559/2342
vt 0.7365722656250000 0.5983886718750000
f 2342/5559/2342 2348/5558/2348 2333/5560/2333
vt 0.7368164062500000 0.4086914062500000
f 2333/5560/2333 2348/5558/2348 2346/5561/2346
vt 0.7368164062500000 0.4062500000000000
f 2346/5561/2346 2348/5558/2348 2344/5562/2344
vt 0.6877441406250000 0.4062500000000000
f 2344/5562/2344 2348/5558/2348 2349/5563/2349
vt 0.5844726562500000 0.3212890625000000
vt 0.5825195312500000 0.2722167968750000
vt 0.5844726562500000 0.2705078125000000
f 2331/5564/2331 2343/5565/2343 2342/5566/2342
vt 0.8830566406250000 0.9389648437500000
vt 0.8830566406250000 0.8994140625000000
vt 0.8864746093750000 0.9382324218750000
f 2331/5567/2331 2342/5568/2342 2333/5569/2333
vt 0.3491210937500000 0.0520019531250000
vt 0.3474121093750000 0.0539550781250000
vt 0.3461914062500000 0.0524902343750000
f 2349/5570/2349 2348/5571/2348 2347/5572/2347
vt 0.3486328125000000 0.0375976562500000
f 2349/5570/2349 2347/5572/2347 2341/5573/2341
vt 0.3461914062500000 0.0373535156250000
f 2341/5573/2341 2347/5572/2347 2340/5574/2340
vt 0.7922363281250000 0.7880859375000000
vt 0.7770996093750000 0.7880859375000000
vt 0.7773437500000000 0.5983886718750000
f 2329/5575/2329 2332/5576/2332 2345/5577/2345
vt 0.7922363281250000 0.5983886718750000
f 2329/5575/2329 2345/5577/2345 2334/5578/2334
vt 0.6840820312500000 0.6079101562500000
vt 0.6840820312500000 0.7978515625000000
vt 0.6660156250000000 0.7976074218750000
f 2347/5579/2347 2342/5580/2342 2339/5581/2339
vt 0.6660156250000000 0.6079101562500000
f 2347/5579/2347 2339/5581/2339 2340/5582/2340
vt 0.1037597656250000 0.9814453125000000
vt 0.0974121093750000 0.9812011718750000
vt 0.1035156250000000 0.9787597656250000
f 2350/5583/2350 2351/5584/2351 2352/5585/2352
vt 0.1037597656250000 0.9875488281250000
f 2351/5584/2351 2350/5583/2350 2353/5586/2353
vt 0.0952148437500000 0.9875488281250000
f 2351/5584/2351 2353/5586/2353 2354/5587/2354
vt 0.0034179687500000 0.2370605468750000
vt 0.0041503906250000 0.2343750000000000
vt 0.0097656250000000 0.2368164062500000
f 2350/5588/2350 2352/5589/2352 2355/5590/2355
vt 0.0109863281250000 0.2424316406250000
f 2350/5588/2350 2355/5590/2355 2356/5591/2356
vt 0.0031738281250000 0.2431640625000000
f 2350/5588/2350 2356/5591/2356 2353/5592/2353
vt 0.0109863281250000 0.2519531250000000
f 2353/5592/2353 2356/5591/2356 2357/5593/2357
vt 0.1384277343750000 0.0825195312500000
vt 0.1296386718750000 0.0830078125000000
vt 0.1289062500000000 0.0742187500000000
f 2354/5594/2354 2353/5595/2353 2358/5596/2358
vt 0.1220703125000000 0.0739746093750000
f 2358/5596/2358 2353/5595/2353 2357/5597/2357
vt 0.1350097656250000 0.0739746093750000
f 2354/5594/2354 2358/5596/2358 2359/5598/2359
vt 0.1208496093750000 0.0686035156250000
f 2358/5596/2358 2357/5597/2357 2360/5599/2360
vt 0.1296386718750000 0.0683593750000000
f 2359/5598/2359 2358/5596/2358 2361/5600/2361
f 2361/5600/2361 2358/5596/2358 2360/5599/2360
vt 0.1225585937500000 0.0627441406250000
f 2361/5600/2361 2360/5599/2360 2362/5601/2362
vt 0.1384277343750000 0.0686035156250000
f 2359/5598/2359 2361/5600/2361 2363/5602/2363
vt 0.1301269531250000 0.0637207031250000
f 2361/5600/2361 2362/5601/2362 2364/5603/2364
f 2361/5600/2361 2364/5603/2364 2363/5602/2363
vt 0.1376953125000000 0.0649414062500000
f 2363/5602/2363 2364/5603/2364 2365/5604/2365
vt 0.9763183593750000 0.0773925781250000
vt 0.9729003906250000 0.0742187500000000
vt 0.9763183593750000 0.0708007812500000
f 2364/5605/2364 2366/5606/2366 2365/5607/2365
vt 0.9721679687500000 0.0776367187500000
f 2366/5606/2366 2364/5605/2364 2367/5608/2367
vt 0.9709472656250000 0.4416503906250000
vt 0.9667968750000000 0.4431152343750000
vt 0.9694824218750000 0.4389648437500000
f 2367/5609/2367 2364/5610/2364 2368/5611/2368
vt 0.9667968750000000 0.4362792968750000
f 2368/5611/2368 2364/5610/2364 2362/5612/2362
vt 0.2990722656250000 0.5881347656250000
vt 0.2961425781250000 0.5861816406250000
vt 0.3076171875000000 0.5634765625000000
f 2363/5613/2363 2365/5614/2365 2369/5615/2369
vt 0.3095703125000000 0.5642089843750000
f 2363/5613/2363 2369/5615/2369 2370/5616/2370
vt 0.3081054687500000 0.5620117187500000
f 2370/5616/2370 2369/5615/2369 2371/5617/2371
vt 0.3046875000000000 0.5900878906250000
f 2363/5613/2363 2370/5616/2370 2359/5618/2359
vt 0.3100585937500000 0.5617675781250000
f 2370/5616/2370 2371/5617/2371 2372/5619/2372
vt 0.3129882812500000 0.5639648437500000
f 2359/5618/2359 2370/5616/2370 2373/5620/2373
f 2373/5620/2373 2370/5616/2370 2372/5619/2372
vt 0.3134765625000000 0.5886230468750000
f 2359/5618/2359 2373/5620/2373 2354/5621/2354
vt 0.3127441406250000 0.5607910156250000
f 2373/5620/2373 2372/5619/2372 2374/5622/2374
vt 0.3161621093750000 0.5637207031250000
f 2354/5621/2354 2373/5620/2373 2375/5623/2375
f 2375/5623/2375 2373/5620/2373 2374/5622/2374
vt 0.3198242187500000 0.5876464843750000
f 2354/5621/2354 2375/5623/2375 2351/5624/2351
vt 0.3154296875000000 0.5598144531250000
f 2375/5623/2375 2374/5622/2374 2376/5625/2376
vt 0.3198242187500000 0.5637207031250000
f 2351/5624/2351 2375/5623/2375 2377/5626/2377
f 2377/5626/2377 2375/5623/2375 2376/5625/2376
vt 0.3181152343750000 0.5590820312500000
f 2377/5626/2377 2376/5625/2376 2378/5627/2378
vt 0.7653808593750000 0.9707031250000000
vt 0.7600097656250000 0.9721679687500000
vt 0.7539062500000000 0.9465332031250000
f 2360/5628/2360 2357/5629/2357 2379/5630/2379
vt 0.7565917968750000 0.9455566406250000
vt 0.7700195312500000 0.9667968750000000
f 2380/5631/2380 2362/5632/2362 2360/5628/2360
f 2380/5631/2380 2360/5628/2360 2379/5630/2379
vt 0.7563476562500000 0.9440917968750000
f 2380/5631/2380 2379/5630/2379 2381/5633/2381
vt 0.7543945312500000 0.9440917968750000
f 2381/5633/2381 2379/5630/2379 2382/5634/2382
vt 0.7504882812500000 0.9470214843750000
f 2379/5630/2379 2357/5629/2357 2383/5635/2383
f 2379/5630/2379 2383/5635/2383 2382/5634/2382
vt 0.7502441406250000 0.9721679687500000
f 2383/5635/2383 2357/5629/2357 2356/5636/2356
vt 0.7514648437500000 0.9436035156250000
f 2382/5634/2382 2383/5635/2383 2384/5637/2384
vt 0.7475585937500000 0.9470214843750000
f 2383/5635/2383 2356/5636/2356 2385/5638/2385
f 2383/5635/2383 2385/5638/2385 2384/5637/2384
vt 0.7446289062500000 0.9707031250000000
f 2385/5638/2385 2356/5636/2356 2355/5639/2355
vt 0.7480468750000000 0.9426269531250000
f 2384/5637/2384 2385/5638/2385 2386/5640/2386
vt 0.7446289062500000 0.9465332031250000
f 2385/5638/2385 2355/5639/2355 2387/5641/2387
f 2385/5638/2385 2387/5641/2387 2386/5640/2386
vt 0.5043945312500000 0.8161621093750000
vt 0.5063476562500000 0.8168945312500000
vt 0.5056152343750000 0.8186035156250000
f 2388/5642/2388 2372/5643/2372 2371/5644/2371
vt 0.5046386718750000 0.8127441406250000
f 2372/5643/2372 2388/5642/2388 2389/5645/2389
vt 0.5075683593750000 0.8142089843750000
f 2372/5643/2372 2389/5645/2389 2374/5646/2374
vt 0.5087890625000000 0.8115234375000000
f 2374/5646/2374 2389/5645/2389 2376/5647/2376
vt 0.5043945312500000 0.8071289062500000
f 2376/5647/2376 2389/5645/2389 2390/5648/2390
vt 0.5109863281250000 0.8098144531250000
f 2376/5647/2376 2390/5648/2390 2378/5649/2378
vt 0.5109863281250000 0.8059082031250000
f 2378/5649/2378 2390/5648/2390 2391/5650/2391
vt 0.9653320312500000 0.6772460937500000
vt 0.9653320312500000 0.6787109375000000
vt 0.9631347656250000 0.6777343750000000
f 2371/5651/2371 2369/5652/2369 2392/5653/2392
vt 0.9628906250000000 0.6784667968750000
f 2392/5653/2392 2369/5652/2369 2393/5654/2393
vt 0.9653320312500000 0.7021484375000000
f 2393/5654/2393 2369/5652/2369 2365/5655/2365
vt 0.9602050781250000 0.6999511718750000
f 2393/5654/2393 2365/5655/2365 2366/5656/2366
vt 0.0305175781250000 0.6860351562500000
vt 0.0278320312500000 0.6870117187500000
vt 0.0297851562500000 0.6813964843750000
f 2388/5657/2388 2371/5658/2371 2394/5659/2394
vt 0.0246582031250000 0.6828613281250000
f 2394/5659/2394 2371/5658/2371 2395/5660/2395
vt 0.0256347656250000 0.6867675781250000
f 2395/5660/2395 2371/5658/2371 2392/5661/2392
vt 0.0231933593750000 0.6787109375000000
f 2394/5659/2394 2395/5660/2395 2396/5662/2396
vt 0.0263671875000000 0.6774902343750000
f 2394/5659/2394 2396/5662/2396 2397/5663/2397
vt 0.0207519531250000 0.6787109375000000
f 2396/5662/2396 2395/5660/2395 2398/5664/2398
vt 0.0214843750000000 0.6838378906250000
f 2398/5664/2398 2395/5660/2395 2399/5665/2399
vt 0.0244140625000000 0.6745605468750000
f 2397/5663/2397 2396/5662/2396 2400/5666/2400
vt 0.0288085937500000 0.6750488281250000
f 2397/5663/2397 2400/5666/2400 2401/5667/2401
vt 0.0261230468750000 0.6723632812500000
f 2401/5667/2401 2400/5666/2400 2402/5668/2402
vt 0.0305175781250000 0.6733398437500000
f 2401/5667/2401 2402/5668/2402 2403/5669/2403
vt 0.2145996093750000 0.1335449218750000
vt 0.2150878906250000 0.1284179687500000
vt 0.2177734375000000 0.1347656250000000
f 2388/5670/2388 2394/5671/2394 2389/5672/2389
vt 0.2189941406250000 0.1293945312500000
f 2389/5672/2389 2394/5671/2394 2404/5673/2404
vt 0.2160644531250000 0.1240234375000000
f 2404/5673/2404 2394/5671/2394 2397/5674/2397
vt 0.2202148437500000 0.1237792968750000
f 2404/5673/2404 2397/5674/2397 2401/5675/2401
vt 0.2231445312500000 0.1235351562500000
f 2404/5673/2404 2401/5675/2401 2403/5676/2403
vt 0.2224121093750000 0.1289062500000000
f 2389/5672/2389 2404/5673/2404 2405/5677/2405
vt 0.2258300781250000 0.1230468750000000
f 2406/5678/2406 2405/5677/2405 2403/5676/2403
vt 0.2226562500000000 0.1362304687500000
f 2389/5672/2389 2405/5677/2405 2390/5679/2390
vt 0.2263183593750000 0.1291503906250000
f 2405/5677/2405 2406/5678/2406 2407/5680/2407
f 2405/5677/2405 2407/5680/2407 2390/5679/2390
vt 0.2287597656250000 0.1237792968750000
f 2407/5680/2407 2406/5678/2406 2408/5681/2408
vt 0.2265625000000000 0.1347656250000000
f 2390/5679/2390 2407/5680/2407 2409/5682/2409
vt 0.2280273437500000 0.1289062500000000
f 2409/5682/2409 2407/5680/2407 2410/5683/2410
vt 0.2277832031250000 0.1398925781250000
f 2390/5679/2390 2409/5682/2409 2411/5684/2411
vt 0.2238769531250000 0.1413574218750000
f 2390/5679/2390 2411/5684/2411 2391/5685/2391
vt 0.2287597656250000 0.1337890625000000
f 2409/5682/2409 2410/5683/2410 2412/5686/2412
vt 0.2326660156250000 0.1286621093750000
f 2412/5686/2412 2410/5683/2410 2413/5687/2413
vt 0.2324218750000000 0.1325683593750000
f 2412/5686/2412 2413/5687/2413 2414/5688/2414
vt 0.2326660156250000 0.1367187500000000
f 2412/5686/2412 2414/5688/2414 2415/5689/2415
vt 0.2297363281250000 0.1376953125000000
f 2412/5686/2412 2415/5689/2415 2416/5690/2416
vt 0.8171386718750000 0.0388183593750000
vt 0.8139648437500000 0.0385742187500000
vt 0.8171386718750000 0.0324707031250000
f 2405/5691/2405 2404/5692/2404 2403/5693/2403
vt 0.0808105468750000 0.9653320312500000
vt 0.0769042968750000 0.9636230468750000
vt 0.0817871093750000 0.9616699218750000
f 2395/5694/2395 2392/5695/2392 2399/5696/2399
vt 0.0778808593750000 0.9614257812500000
f 2399/5696/2399 2392/5695/2392 2417/5697/2417
vt 0.0778808593750000 0.9597167968750000
f 2399/5696/2399 2417/5697/2417 2418/5698/2418
vt 0.0812988281250000 0.9587402343750000
f 2399/5696/2399 2418/5698/2418 2419/5699/2419
vt 0.0803222656250000 0.9562988281250000
f 2419/5699/2419 2418/5698/2418 2420/5700/2420
vt 0.0769042968750000 0.9580078125000000
f 2420/5700/2420 2418/5698/2418 2381/5701/2381
vt 0.7775878906250000 0.1777343750000000
vt 0.7783203125000000 0.1796875000000000
vt 0.7775878906250000 0.1799316406250000
f 2417/5702/2417 2392/5703/2392 2393/5704/2393
vt 0.6206054687500000 0.7802734375000000
vt 0.6206054687500000 0.7824707031250000
vt 0.6198730468750000 0.7802734375000000
f 2417/5705/2417 2393/5706/2393 2421/5707/2421
vt 0.0551757812500000 0.9477539062500000
vt 0.0554199218750000 0.9482421875000000
vt 0.0537109375000000 0.9484863281250000
f 2417/5708/2417 2421/5709/2421 2418/5710/2418
vt 0.0537109375000000 0.9494628906250000
f 2418/5710/2418 2421/5709/2421 2422/5711/2422
vt 0.0510253906250000 0.9497070312500000
f 2418/5710/2418 2422/5711/2422 2380/5712/2380
vt 0.0554199218750000 0.9709472656250000
f 2380/5712/2380 2422/5711/2422 2362/5713/2362
vt 0.3046875000000000 0.1320800781250000
vt 0.3041992187500000 0.1354980468750000
vt 0.3007812500000000 0.1330566406250000
f 2402/5714/2402 2400/5715/2400 2423/5716/2423
vt 0.3007812500000000 0.1354980468750000
f 2423/5716/2423 2400/5715/2400 2424/5717/2424
vt 0.3037109375000000 0.1398925781250000
f 2424/5717/2424 2400/5715/2400 2396/5718/2396
vt 0.3007812500000000 0.1398925781250000
f 2424/5717/2424 2396/5718/2396 2398/5719/2398
vt 0.2998046875000000 0.1396484375000000
f 2424/5717/2424 2398/5719/2398 2425/5720/2425
vt 0.3020019531250000 0.1276855468750000
f 2402/5714/2402 2423/5716/2423 2426/5721/2426
vt 0.3010253906250000 0.1284179687500000
f 2426/5721/2426 2423/5716/2423 2427/5722/2427
vt 0.3046875000000000 0.1274414062500000
f 2402/5714/2402 2426/5721/2426 2428/5723/2428
vt 0.3015136718750000 0.1250000000000000
f 2426/5721/2426 2427/5722/2427 2429/5724/2429
f 2426/5721/2426 2429/5724/2429 2428/5723/2428
vt 0.3039550781250000 0.1250000000000000
f 2428/5723/2428 2429/5724/2429 2430/5725/2430
vt 0.3005371093750000 0.1254882812500000
f 2429/5724/2429 2427/5722/2427 2431/5726/2431
vt 0.3012695312500000 0.1228027343750000
f 2429/5724/2429 2431/5726/2431 2432/5727/2432
vt 0.2998046875000000 0.1230468750000000
f 2432/5727/2432 2431/5726/2431 2433/5728/2433
vt 0.0344238281250000 0.2133789062500000
vt 0.0334472656250000 0.2089843750000000
vt 0.0373535156250000 0.2089843750000000
f 2403/5729/2403 2402/5730/2402 2428/5731/2428
vt 0.5646972656250000 0.9389648437500000
vt 0.5646972656250000 0.9343261718750000
vt 0.5664062500000000 0.9370117187500000
f 2403/5732/2403 2428/5733/2428 2406/5734/2406
vt 0.7626953125000000 0.8515625000000000
vt 0.7592773437500000 0.8493652343750000
vt 0.7639160156250000 0.8488769531250000
f 2406/5735/2406 2428/5736/2428 2408/5737/2408
vt 0.7602539062500000 0.8469238281250000
f 2408/5737/2408 2428/5736/2428 2430/5738/2430
vt 0.7687988281250000 0.8498535156250000
vt 0.7687988281250000 0.8518066406250000
f 2410/5739/2410 2407/5740/2407 2408/5737/2408
vt 0.7641601562500000 0.8466796875000000
f 2410/5739/2410 2408/5737/2408 2434/5741/2434
f 2434/5741/2434 2408/5737/2408 2430/5738/2430
vt 0.7683105468750000 0.8444824218750000
f 2410/5739/2410 2434/5741/2434 2413/5742/2413
vt 0.7617187500000000 0.8447265625000000
f 2434/5741/2434 2430/5738/2430 2435/5743/2435
vt 0.7585449218750000 0.8457031250000000
f 2435/5743/2435 2430/5738/2430 2429/5744/2429
vt 0.7646484375000000 0.8452148437500000
f 2413/5742/2413 2434/5741/2434 2436/5745/2436
f 2436/5745/2436 2434/5741/2434 2435/5743/2435
vt 0.7600097656250000 0.8432617187500000
f 2435/5743/2435 2429/5744/2429 2432/5746/2432
vt 0.7639160156250000 0.8417968750000000
f 2413/5742/2413 2436/5745/2436 2437/5747/2437
f 2437/5747/2437 2436/5745/2436 2435/5743/2435
vt 0.7675781250000000 0.8415527343750000
f 2413/5742/2413 2437/5747/2437 2438/5748/2438
vt 0.7622070312500000 0.8400878906250000
f 2435/5743/2435 2432/5746/2432 2439/5749/2439
f 2435/5743/2435 2439/5749/2439 2437/5747/2437
vt 0.9716796875000000 0.6477050781250000
vt 0.9736328125000000 0.6462402343750000
vt 0.9736328125000000 0.6508789062500000
f 2413/5750/2413 2438/5751/2438 2414/5752/2414
vt 0.5324707031250000 0.8120117187500000
vt 0.5344238281250000 0.8103027343750000
vt 0.5332031250000000 0.8156738281250000
f 2437/5753/2437 2439/5754/2439 2438/5755/2438
vt 0.5356445312500000 0.8144531250000000
f 2438/5755/2438 2439/5754/2439 2440/5756/2440
vt 0.5378417968750000 0.8132324218750000
f 2440/5756/2440 2439/5754/2439 2441/5757/2441
vt 0.5351562500000000 0.8198242187500000
f 2438/5755/2438 2440/5756/2440 2442/5758/2442
vt 0.5378417968750000 0.8186035156250000
f 2440/5756/2440 2441/5757/2441 2443/5759/2443
f 2440/5756/2440 2443/5759/2443 2442/5758/2442
vt 0.5400390625000000 0.8164062500000000
f 2443/5759/2443 2441/5757/2441 2444/5760/2444
vt 0.5363769531250000 0.8227539062500000
f 2442/5758/2442 2443/5759/2443 2415/5761/2415
vt 0.5395507812500000 0.8220214843750000
f 2415/5761/2415 2443/5759/2443 2445/5762/2445
vt 0.5324707031250000 0.8205566406250000
f 2442/5758/2442 2415/5761/2415 2414/5763/2414
vt 0.7961425781250000 0.8103027343750000
vt 0.7963867187500000 0.8146972656250000
vt 0.7932128906250000 0.8134765625000000
f 2441/5764/2441 2439/5765/2439 2446/5766/2446
vt 0.7941894531250000 0.8178710937500000
f 2446/5766/2446 2439/5765/2439 2433/5767/2433
vt 0.7954101562500000 0.8186035156250000
f 2433/5767/2433 2439/5765/2439 2432/5768/2432
vt 0.7939453125000000 0.8098144531250000
f 2441/5764/2441 2446/5766/2446 2447/5769/2447
vt 0.7905273437500000 0.8098144531250000
f 2447/5769/2447 2446/5766/2446 2448/5770/2448
vt 0.7963867187500000 0.8068847656250000
f 2441/5764/2441 2447/5769/2447 2444/5771/2444
vt 0.7939453125000000 0.8073730468750000
f 2447/5769/2447 2448/5770/2448 2449/5772/2449
f 2447/5769/2447 2449/5772/2449 2444/5771/2444
vt 0.6591796875000000 0.4631347656250000
vt 0.6567382812500000 0.4653320312500000
vt 0.6567382812500000 0.4604492187500000
f 2442/5773/2442 2414/5774/2414 2438/5775/2438
vt 0.1225585937500000 0.9748535156250000
vt 0.1257324218750000 0.9748535156250000
vt 0.1259765625000000 0.9777832031250000
f 2416/5776/2416 2415/5777/2415 2445/5778/2445
vt 0.1230468750000000 0.9777832031250000
f 2416/5776/2416 2445/5778/2445 2450/5779/2450
vt 0.1254882812500000 0.9819335937500000
f 2450/5779/2450 2445/5778/2445 2451/5780/2451
vt 0.1225585937500000 0.9812011718750000
f 2450/5779/2450 2451/5780/2451 2452/5781/2452
vt 0.9707031250000000 0.7392578125000000
vt 0.9709472656250000 0.7441406250000000
vt 0.9685058593750000 0.7385253906250000
f 2412/5782/2412 2416/5783/2416 2409/5784/2409
vt 0.9685058593750000 0.7451171875000000
f 2409/5784/2409 2416/5783/2416 2411/5785/2411
vt 0.1391601562500000 0.9575195312500000
vt 0.1440429687500000 0.9580078125000000
vt 0.1440429687500000 0.9611816406250000
f 2445/5786/2445 2443/5787/2443 2444/5788/2444
vt 0.1391601562500000 0.9619140625000000
f 2445/5786/2445 2444/5788/2444 2451/5789/2451
vt 0.1437988281250000 0.9638671875000000
f 2451/5789/2451 2444/5788/2444 2449/5790/2449
vt 0.1406250000000000 0.9653320312500000
f 2451/5789/2451 2449/5790/2449 2453/5791/2453
vt 0.6760253906250000 0.8044433593750000
vt 0.6787109375000000 0.8063964843750000
vt 0.6772460937500000 0.8085937500000000
f 2411/5792/2411 2416/5793/2416 2450/5794/2450
vt 0.6738281250000000 0.8071289062500000
f 2411/5792/2411 2450/5794/2450 2454/5795/2454
vt 0.6760253906250000 0.8117675781250000
f 2454/5795/2454 2450/5794/2450 2452/5796/2452
vt 0.6728515625000000 0.8107910156250000
f 2454/5795/2454 2452/5796/2452 2455/5797/2455
vt 0.6757812500000000 0.8164062500000000
f 2455/5797/2455 2452/5796/2452 2456/5798/2456
vt 0.6787109375000000 0.8164062500000000
f 2456/5798/2456 2452/5796/2452 2453/5799/2453
vt 0.6728515625000000 0.8171386718750000
f 2455/5797/2455 2456/5798/2456 2457/5800/2457
vt 0.3186035156250000 0.0473632812500000
vt 0.3186035156250000 0.0515136718750000
vt 0.3146972656250000 0.0512695312500000
f 2411/5801/2411 2454/5802/2454 2458/5803/2458
vt 0.3181152343750000 0.0554199218750000
f 2458/5803/2458 2454/5802/2454 2455/5804/2455
vt 0.3146972656250000 0.0473632812500000
f 2411/5801/2411 2458/5803/2458 2391/5805/2391
vt 0.3142089843750000 0.0549316406250000
f 2458/5803/2458 2455/5804/2455 2459/5806/2459
vt 0.3110351562500000 0.0483398437500000
f 2391/5805/2391 2458/5803/2458 2378/5807/2378
vt 0.3110351562500000 0.0532226562500000
f 2458/5803/2458 2459/5806/2459 2460/5808/2460
vt 0.3115234375000000 0.0512695312500000
f 2378/5807/2378 2458/5803/2458 2461/5809/2461
f 2461/5809/2461 2458/5803/2458 2460/5808/2460
vt 0.7133789062500000 0.9328613281250000
vt 0.7155761718750000 0.9331054687500000
vt 0.7119140625000000 0.9375000000000000
f 2378/5810/2378 2461/5811/2461 2377/5812/2377
vt 0.7148437500000000 0.9384765625000000
f 2377/5812/2377 2461/5811/2461 2462/5813/2462
vt 0.7175292968750000 0.9335937500000000
f 2462/5813/2462 2461/5811/2461 2460/5814/2460
vt 0.7182617187500000 0.9384765625000000
f 2462/5813/2462 2460/5814/2460 2387/5815/2387
vt 0.7202148437500000 0.9335937500000000
f 2387/5815/2387 2460/5814/2460 2386/5816/2386
vt 0.7136230468750000 0.9611816406250000
f 2462/5813/2462 2387/5815/2387 2352/5817/2352
vt 0.7202148437500000 0.9609375000000000
f 2352/5817/2352 2387/5815/2387 2355/5818/2355
vt 0.1950683593750000 0.1367187500000000
vt 0.1933593750000000 0.1325683593750000
vt 0.2014160156250000 0.1335449218750000
f 2463/5819/2463 2464/5820/2464 2465/5821/2465
vt 0.1970214843750000 0.1401367187500000
f 2463/5819/2463 2465/5821/2465 2466/5822/2466
vt 0.2011718750000000 0.1369628906250000
f 2466/5822/2466 2465/5821/2465 2467/5823/2467
vt 0.2036132812500000 0.1413574218750000
f 2466/5822/2466 2467/5823/2467 2468/5824/2468
vt 0.2011718750000000 0.1308593750000000
f 2465/5821/2465 2464/5820/2464 2469/5825/2469
vt 0.1958007812500000 0.1286621093750000
f 2469/5825/2469 2464/5820/2464 2457/5826/2457
vt 0.2023925781250000 0.1286621093750000
f 2469/5825/2469 2457/5826/2457 2470/5827/2470
vt 0.1977539062500000 0.1264648437500000
f 2470/5827/2470 2457/5826/2457 2456/5828/2456
vt 0.2036132812500000 0.1259765625000000
f 2470/5827/2470 2456/5828/2456 2448/5829/2448
vt 0.1997070312500000 0.1237792968750000
f 2448/5829/2448 2456/5828/2456 2453/5830/2453
vt 0.2021484375000000 0.1220703125000000
f 2448/5829/2448 2453/5830/2453 2449/5831/2449
vt 0.3325195312500000 0.5905761718750000
vt 0.3315429687500000 0.5949707031250000
vt 0.3266601562500000 0.5900878906250000
f 2464/5832/2464 2463/5833/2463 2386/5834/2386
vt 0.3283691406250000 0.5849609375000000
f 2464/5832/2464 2386/5834/2386 2459/5835/2459
vt 0.3256835937500000 0.5876464843750000
f 2459/5835/2459 2386/5834/2386 2460/5836/2460
vt 0.3264160156250000 0.5937500000000000
f 2386/5834/2386 2463/5833/2463 2384/5837/2384
vt 0.3300781250000000 0.5988769531250000
f 2384/5837/2384 2463/5833/2463 2466/5838/2466
vt 0.3261718750000000 0.5969238281250000
f 2384/5837/2384 2466/5838/2466 2382/5839/2382
vt 0.3283691406250000 0.6010742187500000
f 2382/5839/2382 2466/5838/2466 2420/5840/2420
vt 0.3256835937500000 0.5986328125000000
f 2382/5839/2382 2420/5840/2420 2381/5841/2381
vt 0.9406738281250000 0.0886230468750000
vt 0.9406738281250000 0.0817871093750000
vt 0.9445800781250000 0.0883789062500000
f 2464/5842/2464 2459/5843/2459 2457/5844/2457
vt 0.7666015625000000 0.8864746093750000
vt 0.7666015625000000 0.8803710937500000
vt 0.7700195312500000 0.8823242187500000
f 2457/5845/2457 2459/5846/2459 2455/5847/2455
vt 0.4042968750000000 0.9709472656250000
vt 0.4099121093750000 0.9746093750000000
vt 0.4045410156250000 0.9738769531250000
f 2466/5848/2466 2468/5849/2468 2420/5850/2420
vt 0.4096679687500000 0.9797363281250000
f 2420/5850/2420 2468/5849/2468 2425/5851/2425
vt 0.4045410156250000 0.9765625000000000
f 2420/5850/2420 2425/5851/2425 2419/5852/2419
vt 0.4042968750000000 0.9792480468750000
f 2419/5852/2419 2425/5851/2425 2399/5853/2399
vt 0.4094238281250000 0.9804687500000000
f 2399/5853/2399 2425/5851/2425 2398/5854/2398
vt 0.0183105468750000 0.6928710937500000
vt 0.0192871093750000 0.6914062500000000
vt 0.0192871093750000 0.6938476562500000
f 2381/5855/2381 2418/5856/2418 2380/5857/2380
vt 0.2780761718750000 0.5993652343750000
vt 0.2797851562500000 0.5959472656250000
vt 0.2797851562500000 0.6010742187500000
f 2451/5858/2451 2453/5859/2453 2452/5860/2452
vt 0.2145996093750000 0.5837402343750000
vt 0.2080078125000000 0.5859375000000000
vt 0.2080078125000000 0.5625000000000000
f 2352/5861/2352 2351/5862/2351 2377/5863/2377
vt 0.2114257812500000 0.5617675781250000
f 2352/5861/2352 2377/5863/2377 2462/5864/2462
vt 0.1049804687500000 0.9721679687500000
vt 0.1108398437500000 0.9479980468750000
vt 0.1086425781250000 0.9716796875000000
f 2362/5865/2362 2422/5866/2422 2368/5867/2368
vt 0.1123046875000000 0.9714355468750000
f 2368/5867/2368 2422/5866/2422 2367/5868/2367
vt 0.1130371093750000 0.9482421875000000
f 2367/5868/2367 2422/5866/2422 2421/5869/2421
vt 0.1164550781250000 0.9721679687500000
f 2367/5868/2367 2421/5869/2421 2366/5870/2366
vt 0.1152343750000000 0.9484863281250000
f 2366/5870/2366 2421/5869/2421 2393/5871/2393
vt 0.6025390625000000 0.6691894531250000
vt 0.5998535156250000 0.6704101562500000
vt 0.5998535156250000 0.6684570312500000
f 2471/5872/2471 2472/5873/2472 2473/5874/2473
vt 0.5998535156250000 0.6528320312500000
f 2471/5872/2471 2473/5874/2473 2474/5875/2474
vt 0.6025390625000000 0.6520996093750000
f 2471/5872/2471 2474/5875/2474 2475/5876/2475
vt 0.4101562500000000 0.6528320312500000
f 2474/5875/2474 2473/5874/2473 2476/5877/2476
vt 0.4101562500000000 0.6511230468750000
f 2474/5875/2474 2476/5877/2476 2477/5878/2477
vt 0.4101562500000000 0.6687011718750000
f 2473/5874/2473 2472/5873/2472 2478/5879/2478
f 2473/5874/2473 2478/5879/2478 2476/5877/2476
vt 0.4101562500000000 0.6704101562500000
f 2478/5879/2478 2472/5873/2472 2479/5880/2479
vt 0.4079589843750000 0.6523437500000000
f 2476/5877/2476 2478/5879/2478 2480/5881/2480
vt 0.4079589843750000 0.6691894531250000
f 2480/5881/2480 2478/5879/2478 2481/5882/2481
vt 0.7895507812500000 0.3879394531250000
vt 0.7893066406250000 0.3906250000000000
vt 0.7775878906250000 0.3906250000000000
f 2472/5883/2472 2471/5884/2471 2482/5885/2482
vt 0.7768554687500000 0.3879394531250000
f 2472/5883/2472 2482/5885/2482 2483/5886/2483
vt 0.7895507812500000 0.2011718750000000
f 2472/5883/2472 2483/5886/2483 2479/5887/2479
vt 0.7768554687500000 0.2011718750000000
f 2479/5887/2479 2483/5886/2483 2484/5888/2484
vt 0.7895507812500000 0.1989746093750000
f 2479/5887/2479 2484/5888/2484 2481/5889/2481
vt 0.7773437500000000 0.1989746093750000
f 2481/5889/2481 2484/5888/2484 2485/5890/2485
vt 0.5529785156250000 0.7839355468750000
vt 0.5554199218750000 0.7829589843750000
vt 0.5554199218750000 0.7854003906250000
f 2475/5891/2475 2474/5892/2474 2486/5893/2486
vt 0.6870117187500000 0.0034179687500000
vt 0.6865234375000000 0.0058593750000000
vt 0.6752929687500000 0.0034179687500000
f 2475/5894/2475 2486/5895/2486 2487/5896/2487
vt 0.6743164062500000 0.0061035156250000
f 2487/5896/2487 2486/5895/2486 2488/5897/2488
vt 0.6870117187500000 0.1958007812500000
f 2488/5897/2488 2486/5895/2486 2477/5898/2477
vt 0.6748046875000000 0.1958007812500000
f 2488/5897/2488 2477/5898/2477 2489/5899/2489
vt 0.6870117187500000 0.1979980468750000
f 2489/5899/2489 2477/5898/2477 2480/5900/2480
vt 0.6752929687500000 0.1979980468750000
f 2489/5899/2489 2480/5900/2480 2490/5901/2490
vt 0.7778320312500000 0.1274414062500000
vt 0.7778320312500000 0.1250000000000000
vt 0.7797851562500000 0.1257324218750000
f 2481/5902/2481 2478/5903/2478 2479/5904/2479
vt 0.6591796875000000 0.4511718750000000
vt 0.6574707031250000 0.4528808593750000
vt 0.6574707031250000 0.4501953125000000
f 2476/5905/2476 2480/5906/2480 2477/5907/2477
vt 0.9169921875000000 0.0029296875000000
vt 0.9145507812500000 0.1606445312500000
vt 0.9145507812500000 0.0029296875000000
f 2474/5908/2474 2477/5909/2477 2486/5910/2486
vt 0.6345214843750000 0.8378906250000000
vt 0.6369628906250000 0.8381347656250000
vt 0.6372070312500000 0.8403320312500000
f 2483/5911/2483 2482/5912/2482 2491/5913/2491
vt 0.6345214843750000 0.8408203125000000
f 2483/5911/2483 2491/5913/2491 2492/5914/2492
vt 0.8376464843750000 0.8393554687500000
vt 0.8347167968750000 0.8391113281250000
vt 0.8378906250000000 0.6599121093750000
f 2483/5915/2483 2492/5916/2492 2484/5917/2484
vt 0.8347167968750000 0.6596679687500000
f 2484/5917/2484 2492/5916/2492 2493/5918/2493
vt 0.8347167968750000 0.6574707031250000
f 2484/5917/2484 2493/5918/2493 2494/5919/2494
vt 0.8376464843750000 0.6574707031250000
f 2484/5917/2484 2494/5919/2494 2485/5920/2485
vt 0.6892089843750000 0.2065429687500000
vt 0.6896972656250000 0.3964843750000000
vt 0.6752929687500000 0.2065429687500000
f 2493/5921/2493 2492/5922/2492 2495/5923/2495
vt 0.6755371093750000 0.2045898437500000
f 2493/5921/2493 2495/5923/2495 2496/5924/2496
vt 0.6889648437500000 0.2045898437500000
f 2493/5921/2493 2496/5924/2496 2494/5925/2494
vt 0.6752929687500000 0.3964843750000000
f 2495/5923/2495 2492/5922/2492 2497/5926/2497
vt 0.6894531250000000 0.3989257812500000
f 2497/5926/2497 2492/5922/2492 2491/5927/2491
vt 0.6755371093750000 0.3989257812500000
f 2497/5926/2497 2491/5927/2491 2498/5928/2498
vt 0.8559570312500000 0.7163085937500000
vt 0.8527832031250000 0.8808593750000000
vt 0.8527832031250000 0.7163085937500000
f 2495/5929/2495 2497/5930/2497 2489/5931/2489
vt 0.8532714843750000 0.7138671875000000
f 2495/5929/2495 2489/5931/2489 2490/5932/2490
vt 0.8557128906250000 0.7141113281250000
f 2495/5929/2495 2490/5932/2490 2496/5933/2496
vt 0.8005371093750000 0.1923828125000000
vt 0.8005371093750000 0.3823242187500000
vt 0.7980957031250000 0.3823242187500000
f 2489/5934/2489 2497/5935/2497 2488/5936/2488
vt 0.5830078125000000 0.3325195312500000
vt 0.5803222656250000 0.3322753906250000
vt 0.5805664062500000 0.3295898437500000
f 2488/5937/2488 2497/5938/2497 2498/5939/2498
vt 0.5830078125000000 0.3295898437500000
f 2488/5937/2488 2498/5939/2498 2487/5940/2487
# 4647 faces, 5940 coords texture

# End of File
